# the public names of libc370 v1.0.8, frozen; taken by 'sdk/names.py snapshot v1.0.8'
# name	header(s)
ACB	clibvsam.h
ACBADR	clibvsam.h
ACBAIX	clibvsam.h
ACBBUSY	clibvsam.h
ACBBYPSS	clibvsam.h
ACBCALR	clibvsam.h
ACBCAT	clibvsam.h
ACBCBIC	clibvsam.h
ACBCCANY	clibvsam.h
ACBCCASA	clibvsam.h
ACBCCMCH	clibvsam.h
ACBCNV	clibvsam.h
ACBCRNCK	clibvsam.h
ACBCRNRE	clibvsam.h
ACBDFR	clibvsam.h
ACBDIR	clibvsam.h
ACBDORGA	clibvsam.h
ACBDSERR	clibvsam.h
ACBDSN	clibvsam.h
ACBDVIND	clibvsam.h
ACBEOV	clibvsam.h
ACBEXFG	clibvsam.h
ACBGSR	clibvsam.h
ACBICI	clibvsam.h
ACBIDVAL	clibvsam.h
ACBIJRQE	clibvsam.h
ACBIN	clibvsam.h
ACBIOSFG	clibvsam.h
ACBISHRD	clibvsam.h
ACBJAM	clibvsam.h
ACBJEPS	clibvsam.h
ACBKEY	clibvsam.h
ACBLOCK	clibvsam.h
ACBLOGON	clibvsam.h
ACBLSR	clibvsam.h
ACBM	clibdscb.h
ACBNCFX	clibvsam.h
ACBNTRUN	clibvsam.h
ACBOALR	clibvsam.h
ACBOPEN	clibvsam.h
ACBOPTJ	clibvsam.h
ACBOUT	clibvsam.h
ACBRCI	clibvsam.h
ACBRECAF	clibvsam.h
ACBRST	clibvsam.h
ACBRTAM	clibvsam.h
ACBS3540	clibvsam.h
ACBSCRA	clibvsam.h
ACBSDS	clibvsam.h
ACBSEQ	clibvsam.h
ACBSIS	clibvsam.h
ACBSKP	clibvsam.h
ACBSUBS	clibvsam.h
ACBSVRP	clibvsam.h
ACBSVSAM	clibvsam.h
ACBSVTAM	clibvsam.h
ACBTCAM	clibvsam.h
ACBTRCID	clibvsam.h
ACBUBF	clibvsam.h
ACBUCRA	clibvsam.h
ACBVSAM	clibvsam.h
ACBVTAM	clibvsam.h
ACBVVIC	clibvsam.h
ACCTEEK	iefvkeys.h
ACCTPEK	iefvkeys.h
ACEE	acee.h
ACEEADSP	acee.h
ACEEALTR	acee.h
ACEEAUDT	acee.h
ACEECNTL	acee.h
ACEEDASD	acee.h
ACEEGRPA	acee.h
ACEELOGU	acee.h
ACEENONE	acee.h
ACEEOPER	acee.h
ACEEPRIV	acee.h
ACEERACF	acee.h
ACEEREAD	acee.h
ACEESPEC	acee.h
ACEETAPE	acee.h
ACEETERM	acee.h
ACEEUATH	acee.h
ACEEUPDT	acee.h
ADRSPEEK	iefvkeys.h
ADRSPJK	iefvkeys.h
ADRSPPEK	iefvkeys.h
AFFK	iefvkeys.h
AFFMK	iefvkeys.h
AF_AAL5	socket.h
AF_APPLETALK	socket.h
AF_AX25	socket.h
AF_BRIDGE	socket.h
AF_INET	socket.h
AF_INET6	socket.h
AF_IPX	socket.h
AF_MAX	socket.h
AF_NETROM	socket.h
AF_UNIX	socket.h
AF_UNSPEC	socket.h
AF_X25	socket.h
ALCLIST	cliblist.h
ALX	clibdscb.h
AMPK	iefvkeys.h
ARRAY	clibary.h
ARRAY_DEFAULT	clibary.h
ARRAY_EYE	clibary.h
ARRAY_SIZE	clibary.h
ASVT	ihaasvt.h
ASVTAVAI	ihaasvt.h
ASVTAVAL	ihaasvt.h
ASVTLEN	ihaasvt.h
ASVTULEN	ihaasvt.h
AVR	clibdscb.h
BA0	ieebasea.h
BA1	ieebasea.h
BA2	ieebasea.h
BA3	ieebasea.h
BA4	ieebasea.h
BA5	ieebasea.h
BA6	ieebasea.h
BA7	ieebasea.h
BADSN	ieebasea.h
BAIN	ieebasea.h
BAINTSET	ieebasea.h
BALOGINT	ieebasea.h
BAMASCH	ieebasea.h
BAMSSTAR	ieebasea.h
BAMT808	ieebasea.h
BAMT809	ieebasea.h
BAMT816	ieebasea.h
BAMTDP	ieebasea.h
BAMTDW	ieebasea.h
BAMTFRRR	ieebasea.h
BAMTITAB	ieebasea.h
BAMTR808	ieebasea.h
BAMTR809	ieebasea.h
BAMTR816	ieebasea.h
BAMTRTRY	ieebasea.h
BAMTRUNK	ieebasea.h
BAMTSFRR	ieebasea.h
BASE	ieebasea.h
BASE_BACBID	ieebasea.h
BASPACE	ieebasea.h
BATRACE	ieebasea.h
BAVKEY	ieebasea.h
BDAMAA	clibdscb.h
BDAMDB	clibdscb.h
BDAMES	clibdscb.h
BDAMFB	clibdscb.h
BDAMRBA	clibdscb.h
BDAMRE	clibdscb.h
BDAMTO	clibdscb.h
BDAMWVC	clibdscb.h
BFALNMK	iefvkeys.h
BFTEKMK	iefvkeys.h
BIT0	iezbits.h osdcb.h
BIT1	iezbits.h osdcb.h
BIT2	iezbits.h osdcb.h
BIT3	iezbits.h osdcb.h
BIT4	iezbits.h osdcb.h
BIT5	iezbits.h osdcb.h
BIT6	iezbits.h osdcb.h
BIT7	iezbits.h osdcb.h
BKMK	clibpdfi.h
BLDL	clibos.h
BLKSIZMK	iefvkeys.h
BLOWFISH_BLOCK_SIZE	blowfish.h
BLOWFISH_H	blowfish.h
BOR	socket.h
BUFINMK	iefvkeys.h
BUFLMK	iefvkeys.h
BUFMAXMK	iefvkeys.h
BUFNOMK	iefvkeys.h
BUFOFFMK	iefvkeys.h
BUFOUTMK	iefvkeys.h
BUFRQMK	iefvkeys.h
BUFSIZ	clibio.h
BUFSIZMK	iefvkeys.h
BURSTK	iefvkeys.h
Byte	clibmz.h miniz.h
Bytef	clibmz.h miniz.h
CANJ_BADI	clibjes2.h
CANJ_ICAN	clibjes2.h
CANJ_NCAN	clibjes2.h
CANJ_NOJB	clibjes2.h
CANJ_OK	clibjes2.h
CANJ_OUTP	clibjes2.h
CANJ_SMALL	clibjes2.h
CANJ_SYNTX	clibjes2.h
CCW	clibccw.h
CCW0	clibccw.h
CCW1	clibccw.h
CCW_CMD_CONTROL	clibccw.h
CCW_CMD_CONTROL_NOOP	clibccw.h
CCW_CMD_DCTL	clibccw.h
CCW_CMD_RDC	clibccw.h
CCW_CMD_READ	clibccw.h
CCW_CMD_RELEASE	clibccw.h
CCW_CMD_SENSE	clibccw.h
CCW_CMD_SENSE_BASIC	clibccw.h
CCW_CMD_SENSE_ID	clibccw.h
CCW_CMD_SENSE_PGID	clibccw.h
CCW_CMD_SET_PGID	clibccw.h
CCW_CMD_STLCK	clibccw.h
CCW_CMD_SUSPEND_RECONN	clibccw.h
CCW_CMD_TIC	clibccw.h
CCW_CMD_WRITE	clibccw.h
CCW_FLAG_CC	clibccw.h
CCW_FLAG_CD	clibccw.h
CCW_FLAG_IDA	clibccw.h
CCW_FLAG_PCI	clibccw.h
CCW_FLAG_SKIP	clibccw.h
CCW_FLAG_SLI	clibccw.h
CCW_FLAG_SUSPEND	clibccw.h
CDAUTH	cde.h
CDCONTMN	cde.h
CDE	cde.h
CDIDENTY	cde.h
CDJPA	cde.h
CDMIN	cde.h
CDNFN	cde.h
CDNIC	cde.h
CDNIP	cde.h
CDNLR	cde.h
CDOLY	cde.h
CDREL	cde.h
CDREN	cde.h
CDRLC	cde.h
CDSER	cde.h
CDSPZ	cde.h
CDSYSLIB	cde.h
CDXLE	cde.h
CHARSK	iefvkeys.h
CHAR_BIT	limits.h
CHAR_MAX	limits.h
CHAR_MIN	limits.h
CHKOT	clibdscb.h
CHKPTK	iefvkeys.h
CIB	clibcib.h
CIBMODFY	clibcib.h
CIBMOUNT	clibcib.h
CIBSTART	clibcib.h
CIBSTOP	clibcib.h
CLASSJK	iefvkeys.h
CLIBARY_H	clibary.h
CLIBCRT	clibcrt.h
CLIBDSCB_H	clibdscb.h
CLIBGRT	clibgrt.h
CLIBJPA	clibjpa.h
CLIBMUTX	clibmutx.h
CLIBMUTX_INITIALIZER	clibmutx.h
CLIBPPA	clibppa.h
CLIBSOCK	clibsock.h
CLIBSOCK_EYE	clibsock.h
CLIBWSA	clibwsa.h
CLIBWSA_EYE	clibwsa.h
CLIB_MUTEX_RNAME	clibmutx.h
CLOCKS_PER_SEC	time.h
CMB	haspcmb.h
CMBFLAGC	haspcmb.h
CMBFLAGD	haspcmb.h
CMBFLAGJ	haspcmb.h
CMBFLAGR	haspcmb.h
CMBFLAGS	haspcmb.h
CMBFLAGT	haspcmb.h
CMBFLAGU	haspcmb.h
CMBFLAGW	haspcmb.h
CMBL	haspcmb.h
CMBTYPED	haspcmb.h
CMBTYPEX	haspcmb.h
CMTT	clibmtt.h
CMTT_EYE	clibmtt.h
CODEMK	iefvkeys.h
COM	clibcib.h
COMPR	clibdscb.h
CONDEEK	iefvkeys.h
CONDJK	iefvkeys.h
CONDPEK	iefvkeys.h
CONNGRP	acee.h
CONTG	clibdscb.h
COPIESK	iefvkeys.h
CPOIT	clibdscb.h
CPRIMK	iefvkeys.h
CRSDB	clibdscb.h
CRTAUTH_ON	clibcrt.h
CRTAUTH_STEPLIB	clibcrt.h
CRTFLAG_TERR	clibcrt.h
CRTFLAG_TIN	clibcrt.h
CRTFLAG_TMRFAIL	clibcrt.h
CRTFLAG_TOUT	clibcrt.h
CRTFLAG_TSO	clibcrt.h
CRTFLAG_TSOB	clibcrt.h
CRTOPTS_AUTH	clibcrt.h
CTHDMGR	clibthdi.h
CTHDMGR_EYE	clibthdi.h
CTHDMGR_POST_DATA	clibthdi.h
CTHDMGR_POST_QUIESCE	clibthdi.h
CTHDMGR_POST_SHUTDOWN	clibthdi.h
CTHDMGR_POST_TIMER	clibthdi.h
CTHDMGR_POST_WAIT	clibthdi.h
CTHDMGR_STATE_INIT	clibthdi.h
CTHDMGR_STATE_QUIESCE	clibthdi.h
CTHDMGR_STATE_RUNNING	clibthdi.h
CTHDMGR_STATE_STOPPED	clibthdi.h
CTHDMGR_STATE_WAITING	clibthdi.h
CTHDPOP	clibthrd.h
CTHDQUE	clibthdi.h
CTHDQUE_EYE	clibthdi.h
CTHDTASK	clibthrd.h
CTHDTASK_EYE	clibthrd.h
CTHDWORK	clibthdi.h
CTHDWORK_EYE	clibthdi.h
CTHDWORK_OPT_NOWORK	clibthdi.h
CTHDWORK_OPT_TIMER	clibthdi.h
CTHDWORK_POST_REQUEST	clibthdi.h
CTHDWORK_POST_SHUTDOWN	clibthdi.h
CTHDWORK_POST_TIMER	clibthdi.h
CTHDWORK_STATE_DISPATCH	clibthdi.h
CTHDWORK_STATE_INIT	clibthdi.h
CTHDWORK_STATE_RUNNING	clibthdi.h
CTHDWORK_STATE_SHUTDOWN	clibthdi.h
CTHDWORK_STATE_STOPPED	clibthdi.h
CTHDWORK_STATE_STUCK	clibthdi.h
CTHDWORK_STATE_WAITING	clibthdi.h
CTHREAD_DETACH_LIVE	clibthrd.h
CVT	cvt.h
CVT121TR	cvt.h
CVT1SSS	cvt.h
CVT2SPS	cvt.h
CVT4MPS	cvt.h
CVT4MS1	cvt.h
CVT6DAT	cvt.h
CVT8AOS2	cvt.h
CVTAPR	cvt.h
CVTAPTHR	cvt.h
CVTASCII	cvt.h
CVTATACT	cvt.h
CVTBAH	cvt.h
CVTCCH	cvt.h
CVTCTIMS	cvt.h
CVTDDR	cvt.h
CVTDSTAT	cvt.h
CVTFIX	cvt.h
CVTFP	cvt.h
CVTGSDAB	cvt.h
CVTGTFAV	cvt.h
CVTGTRCE	cvt.h
CVTLDEV	cvt.h
CVTMFACT	cvt.h
CVTMVS2	cvt.h
CVTNIP	cvt.h
CVTNLOG	cvt.h
CVTNOMP	cvt.h
CVTNPE	cvt.h
CVTPROT	cvt.h
CVTPTR	cvt.h
CVTRNIO	cvt.h
CVTRSV08	cvt.h
CVTRSV09	cvt.h
CVTRSV12	cvt.h
CVTRSV27	cvt.h
CVTRSV29	cvt.h
CVTRSV30	cvt.h
CVTRSV31	cvt.h
CVTRSV32	cvt.h
CVTRSV33	cvt.h
CVTRSV34	cvt.h
CVTRSV78	cvt.h
CVTRSV79	cvt.h
CVTRV315	cvt.h
CVTRV316	cvt.h
CVTRV317	cvt.h
CVTRV318	cvt.h
CVTRV323	cvt.h
CVTRV333	cvt.h
CVTRV629	cvt.h
CVTRV630	cvt.h
CVTRV631	cvt.h
CVTRV632	cvt.h
CVTRV633	cvt.h
CVTRV634	cvt.h
CVTSDTRC	cvt.h
CVTSDUMP	cvt.h
CVTSV76Q	cvt.h
CVTSYLKR	cvt.h
CVTSYLKS	cvt.h
CVTTCRDY	cvt.h
CVTTOD	cvt.h
CVTUDUMP	cvt.h
CVTUSR	cvt.h
CVTVME	cvt.h
CVTVOLI2	cvt.h
CVTVS1A	cvt.h
CVTVS1B	cvt.h
CVTXPFP	cvt.h
CVTXTNT1	cvt.h
CVTXTNT2	cvt.h
CYL	clibdscb.h
CYLOFLMK	iefvkeys.h
DALACODE	txt99.h
DALAVGR	txt99.h
DALBFALN	txt99.h
DALBFTEK	txt99.h
DALBLKLN	txt99.h
DALBLKSZ	txt99.h
DALBRTKN	txt99.h
DALBSLM	txt99.h
DALBUFIN	txt99.h
DALBUFL	txt99.h
DALBUFMX	txt99.h
DALBUFNO	txt99.h
DALBUFOF	txt99.h
DALBUFOU	txt99.h
DALBUFRQ	txt99.h
DALBUFSZ	txt99.h
DALBURST	txt99.h
DALCDISP	txt99.h
DALCHARS	txt99.h
DALCLOSE	txt99.h
DALCNTL	txt99.h
DALCNVRT	txt99.h
DALCODE	txt99.h
DALCOPYG	txt99.h
DALCOPYS	txt99.h
DALCPRI	txt99.h
DALCYL	txt99.h
DALDACL	txt99.h
DALDCBDD	txt99.h
DALDCBDS	txt99.h
DALDCCS	txt99.h
DALDDNAM	txt99.h
DALDEFER	txt99.h
DALDEN	txt99.h
DALDIAGN	txt99.h
DALDIR	txt99.h
DALDSNAM	txt99.h
DALDSNT	txt99.h
DALDSORG	txt99.h
DALDSSEQ	txt99.h
DALDUMMY	txt99.h
DALEROPT	txt99.h
DALEXPDL	txt99.h
DALEXPDT	txt99.h
DALFCBAV	txt99.h
DALFCBIM	txt99.h
DALFCNT	txt99.h
DALFDAT	txt99.h
DALFFORM	txt99.h
DALFRID	txt99.h
DALFUNC	txt99.h
DALGNCP	txt99.h
DALINCHG	txt99.h
DALINOUT	txt99.h
DALINTVL	txt99.h
DALIPLTX	txt99.h
DALKEYO	txt99.h
DALKYLEN	txt99.h
DALLABEL	txt99.h
DALLGST	txt99.h
DALLIKE	txt99.h
DALLIMCT	txt99.h
DALLRECK	txt99.h
DALLRECL	txt99.h
DALMEMBR	txt99.h
DALMGCL	txt99.h
DALMMOD	txt99.h
DALMODE	txt99.h
DALMSVGP	txt99.h
DALMTRC	txt99.h
DALNCP	txt99.h
DALNDISP	txt99.h
DALOPTCD	txt99.h
DALOUTLM	txt99.h
DALOUTPT	txt99.h
DALOVAFF	txt99.h
DALPARAL	txt99.h
DALPASPR	txt99.h
DALPASSW	txt99.h
DALPATH	txt99.h
DALPCDS	txt99.h
DALPCIR	txt99.h
DALPCIS	txt99.h
DALPERMA	txt99.h
DALPMDE	txt99.h
DALPNDS	txt99.h
DALPOPT	txt99.h
DALPRIME	txt99.h
DALPRIVT	txt99.h
DALPROT	txt99.h
DALPRTSP	txt99.h
DALQNAME	txt99.h
DALRECFM	txt99.h
DALRECO	txt99.h
DALREFD	txt99.h
DALRETPD	txt99.h
DALRLS	txt99.h
DALRLSE	txt99.h
DALROUND	txt99.h
DALRSRVF	txt99.h
DALRSRVS	txt99.h
DALRTDDN	txt99.h
DALRTDSN	txt99.h
DALRTORG	txt99.h
DALRTVOL	txt99.h
DALSECM	txt99.h
DALSECND	txt99.h
DALSEGM	txt99.h
DALSFMNO	txt99.h
DALSHOLD	txt99.h
DALSOWA	txt99.h
DALSPFRM	txt99.h
DALSPGNM	txt99.h
DALSPIN	txt99.h
DALSSATT	txt99.h
DALSSNM	txt99.h
DALSSPRM	txt99.h
DALSSREQ	txt99.h
DALSTACK	txt99.h
DALSTATS	txt99.h
DALSTCL	txt99.h
DALSUSER	txt99.h
DALSYSOU	txt99.h
DALTERM	txt99.h
DALTHRSH	txt99.h
DALTRK	txt99.h
DALTRTCH	txt99.h
DALUCS	txt99.h
DALUFOLD	txt99.h
DALUNCNT	txt99.h
DALUNIT	txt99.h
DALUSRID	txt99.h
DALUVRFY	txt99.h
DALVLCNT	txt99.h
DALVLRDS	txt99.h
DALVLSEQ	txt99.h
DALVLSER	txt99.h
DBL_DIG	float.h
DBL_EPSILON	float.h
DBL_MANT_DIG	float.h
DBL_MAX	float.h
DBL_MAX_10_EXP	float.h
DBL_MAX_EXP	float.h
DBL_MIN	float.h
DBL_MIN_10_EXP	float.h
DBL_MIN_EXP	float.h
DCB	osdcb.h
DCB1DVDS	osdcb.h
DCB3525A	osdcb.h
DCBACBM	osdcb.h
DCBBCKPT	osdcb.h
DCBBFA	osdcb.h
DCBBFAD	osdcb.h
DCBBFAF1	osdcb.h
DCBBFAF2	osdcb.h
DCBBFT	osdcb.h
DCBBFTA	osdcb.h
DCBBFTE	osdcb.h
DCBBFTKD	osdcb.h
DCBBFTKR	osdcb.h
DCBBFTR	osdcb.h
DCBBFTS	osdcb.h
DCBBLBP	osdcb.h
DCBCNBFP	osdcb.h
DCBCNBRM	osdcb.h
DCBCNCHS	osdcb.h
DCBCNCLO	osdcb.h
DCBCNEVA	osdcb.h
DCBCNEVB	osdcb.h
DCBCNEXB	osdcb.h
DCBCNFEO	osdcb.h
DCBCNIOE	osdcb.h
DCBCNQSM	osdcb.h
DCBCNSRD	osdcb.h
DCBCNSTO	osdcb.h
DCBCNTOV	osdcb.h
DCBCNWR0	osdcb.h
DCBD1305	osdcb.h
DCBDSGCX	osdcb.h
DCBDSGDA	osdcb.h
DCBDSGGS	osdcb.h
DCBDSGIS	osdcb.h
DCBDSGPO	osdcb.h
DCBDSGPS	osdcb.h
DCBDSGTQ	osdcb.h
DCBDSGTR	osdcb.h
DCBDSGTX	osdcb.h
DCBDSGU	osdcb.h
DCBDV301	osdcb.h
DCBDV302	osdcb.h
DCBDV303	osdcb.h
DCBDV305	osdcb.h
DCBDV311	osdcb.h
DCBDV314	osdcb.h
DCBDV321	osdcb.h
DCBDV330	osdcb.h
DCBDV331	osdcb.h
DCBDV340	osdcb.h
DCBDV350	osdcb.h
DCBDV375	osdcb.h
DCBDV380	osdcb.h
DCBDV390	osdcb.h
DCBDVTRM	osdcb.h
DCBERABE	osdcb.h
DCBERACC	osdcb.h
DCBERSKP	osdcb.h
DCBEX	osdcb.h
DCBH0	osdcb.h
DCBH1	osdcb.h
DCBIBEC	osdcb.h
DCBIBIOE	osdcb.h
DCBIBPCT	osdcb.h
DCBIFC12	osdcb.h
DCBIFC9	osdcb.h
DCBIFEC	osdcb.h
DCBIFER	osdcb.h
DCBIFIOE	osdcb.h
DCBIFLDT	osdcb.h
DCBIFNE1	osdcb.h
DCBIFNE2	osdcb.h
DCBIFNE3	osdcb.h
DCBIFNEP	osdcb.h
DCBIFPCT	osdcb.h
DCBIFPEC	osdcb.h
DCBIFTIM	osdcb.h
DCBK	iefvkeys.h
DCBMR1WD	osdcb.h
DCBMR3WD	osdcb.h
DCBMR4WD	osdcb.h
DCBMR5WD	osdcb.h
DCBMRABC	osdcb.h
DCBMRAPG	osdcb.h
DCBMRAWR	osdcb.h
DCBMRCHK	osdcb.h
DCBMRCI	osdcb.h
DCBMRCK	osdcb.h
DCBMRCRL	osdcb.h
DCBMRCTL	osdcb.h
DCBMRDBF	osdcb.h
DCBMRDMD	osdcb.h
DCBMRDMG	osdcb.h
DCBMRECP	osdcb.h
DCBMRFE	osdcb.h
DCBMRGET	osdcb.h
DCBMRGTQ	osdcb.h
DCBMRIDW	osdcb.h
DCBMRLCG	osdcb.h
DCBMRLCP	osdcb.h
DCBMRLDM	osdcb.h
DCBMRMVG	osdcb.h
DCBMRMVP	osdcb.h
DCBMRPT1	osdcb.h
DCBMRPT2	osdcb.h
DCBMRPTQ	osdcb.h
DCBMRPUT	osdcb.h
DCBMRRD	osdcb.h
DCBMRRDI	osdcb.h
DCBMRRDK	osdcb.h
DCBMRRDQ	osdcb.h
DCBMRRDX	osdcb.h
DCBMRSBG	osdcb.h
DCBMRSTI	osdcb.h
DCBMRSTK	osdcb.h
DCBMRSTL	osdcb.h
DCBMRSWA	osdcb.h
DCBMRTMD	osdcb.h
DCBMRUIP	osdcb.h
DCBMRWRK	osdcb.h
DCBMRWRQ	osdcb.h
DCBMRWRT	osdcb.h
DCBNUPD	osdcb.h
DCBOFEOV	osdcb.h
DCBOFIOD	osdcb.h
DCBOFIOF	osdcb.h
DCBOFLRB	osdcb.h
DCBOFLWR	osdcb.h
DCBOFOPN	osdcb.h
DCBOFPPC	osdcb.h
DCBOFTM	osdcb.h
DCBOFUEX	osdcb.h
DCBOPTC	osdcb.h
DCBOPTH	osdcb.h
DCBOPTJ	osdcb.h
DCBOPTO	osdcb.h
DCBOPTQ	osdcb.h
DCBOPTT	osdcb.h
DCBOPTU	osdcb.h
DCBOPTW	osdcb.h
DCBOPTZ	osdcb.h
DCBPGFXA	osdcb.h
DCBPOPEN	osdcb.h
DCBQADF1	osdcb.h
DCBQADF2	osdcb.h
DCBQADF3	osdcb.h
DCBQADFS	osdcb.h
DCBQSTRU	osdcb.h
DCBRCFGT	osdcb.h
DCBRCREL	osdcb.h
DCBRCTRU	osdcb.h
DCBRECBR	osdcb.h
DCBRECC	osdcb.h
DCBRECCA	osdcb.h
DCBRECCC	osdcb.h
DCBRECCM	osdcb.h
DCBRECD	osdcb.h
DCBRECF	osdcb.h
DCBRECKL	osdcb.h
DCBRECL	osdcb.h
DCBRECLA	osdcb.h
DCBRECSB	osdcb.h
DCBRECTO	osdcb.h
DCBRECU	osdcb.h
DCBRECV	osdcb.h
DCBSRCHD	osdcb.h
DCBSTFLS	osdcb.h
DCBSTQCK	osdcb.h
DCBSVDEB	osdcb.h
DCBUPDBT	osdcb.h
DCBUPDCM	osdcb.h
DCBUPDT	osdcb.h
DCCDDNAM	txt99.h
DCCPERMC	txt99.h
DCM	ieecdcm.h
DCMACPFK	ieecdcm.h
DCMAE	ieecdcm.h
DCMASBA	ieecdcm.h
DCMASDA	ieecdcm.h
DCMASIN	ieecdcm.h
DCMASLOG	ieecdcm.h
DCMASYCD	ieecdcm.h
DCMASYRT	ieecdcm.h
DCMBLENT	ieecdcm.h
DCMBLWRL	ieecdcm.h
DCMBLWRR	ieecdcm.h
DCMCANCL	ieecdcm.h
DCMCBLNK	ieecdcm.h
DCMCDLR1	ieecdcm.h
DCMCDLR2	ieecdcm.h
DCMCDLR3	ieecdcm.h
DCMCDLR4	ieecdcm.h
DCMCDLR5	ieecdcm.h
DCMCDSP3	ieecdcm.h
DCMCHOPT	ieecdcm.h
DCMCILLP	ieecdcm.h
DCMCM2I	ieecdcm.h
DCMCMIN5	ieecdcm.h
DCMCMIN7	ieecdcm.h
DCMCMRLL	ieecdcm.h
DCMCNTRL	ieecdcm.h
DCMCOMAR	ieecdcm.h
DCMCOMAU	ieecdcm.h
DCMCOMNM	ieecdcm.h
DCMCOMRD	ieecdcm.h
DCMCOMRM	ieecdcm.h
DCMCSC	ieecdcm.h
DCMCSO	ieecdcm.h
DCMDELNT	ieecdcm.h
DCMDELRI	ieecdcm.h
DCMDLREQ	ieecdcm.h
DCMDORMI	ieecdcm.h
DCMDSAUT	ieecdcm.h
DCMDSINR	ieecdcm.h
DCMDSTNH	ieecdcm.h
DCMDSTNM	ieecdcm.h
DCMDTBSY	ieecdcm.h
DCMDUSE	ieecdcm.h
DCMELONG	ieecdcm.h
DCMERASE	ieecdcm.h
DCMERPF	ieecdcm.h
DCMFRSCN	ieecdcm.h
DCMINERR	ieecdcm.h
DCMINNOR	ieecdcm.h
DCMINSC	ieecdcm.h
DCMINSSH	ieecdcm.h
DCMINVLD	ieecdcm.h
DCMINVOP	ieecdcm.h
DCMIO226	ieecdcm.h
DCMIOCRD	ieecdcm.h
DCMIOPRD	ieecdcm.h
DCMLPENT	ieecdcm.h
DCMLTPFK	ieecdcm.h
DCMMSGAC	ieecdcm.h
DCMMSGAD	ieecdcm.h
DCMMSGAR	ieecdcm.h
DCMMSGC7	ieecdcm.h
DCMMSGCL	ieecdcm.h
DCMMSGCN	ieecdcm.h
DCMMSGCR	ieecdcm.h
DCMMSGCT	ieecdcm.h
DCMMSGDM	ieecdcm.h
DCMMSGIF	ieecdcm.h
DCMMSGIN	ieecdcm.h
DCMMSGIR	ieecdcm.h
DCMMSGJK	ieecdcm.h
DCMMSGPP	ieecdcm.h
DCMMSGRD	ieecdcm.h
DCMMSGST	ieecdcm.h
DCMMSGWR	ieecdcm.h
DCMMSGWT	ieecdcm.h
DCMMYCMD	ieecdcm.h
DCMOCTTI	ieecdcm.h
DCMOLHLD	ieecdcm.h
DCMOLUNV	ieecdcm.h
DCMOOMSS	ieecdcm.h
DCMOOSDS	ieecdcm.h
DCMOPRLL	ieecdcm.h
DCMOPRMI	ieecdcm.h
DCMOPTAD	ieecdcm.h
DCMOPTSG	ieecdcm.h
DCMOPTTI	ieecdcm.h
DCMOPTVR	ieecdcm.h
DCMOTTMM	ieecdcm.h
DCMOUTPT	ieecdcm.h
DCMPFKAT	ieecdcm.h
DCMPFKIP	ieecdcm.h
DCMPFKNA	ieecdcm.h
DCMPFKND	ieecdcm.h
DCMPFKNO	ieecdcm.h
DCMPFKWR	ieecdcm.h
DCMRDARM	ieecdcm.h
DCMRDPFK	ieecdcm.h
DCMRMTTI	ieecdcm.h
DCMRPCUR	ieecdcm.h
DCMRQINC	ieecdcm.h
DCMRTPFK	ieecdcm.h
DCMSECBL	ieecdcm.h
DCMSECCL	ieecdcm.h
DCMSECDD	ieecdcm.h
DCMSECDL	ieecdcm.h
DCMSECLL	ieecdcm.h
DCMSECST	ieecdcm.h
DCMSOUND	ieecdcm.h
DCMSPLIT	ieecdcm.h
DCMSSRG	ieecdcm.h
DCMSTEX	ieecdcm.h
DCMTASYN	ieecdcm.h
DCMTEST1	ieecdcm.h
DCMTEST2	ieecdcm.h
DCMTIMER	ieecdcm.h
DCMTRAC2	ieecdcm.h
DCMTRLEN	ieecdcm.h
DCMTYPE1	ieecdcm.h
DCMUNMSG	ieecdcm.h
DCMUTILA	ieecdcm.h
DCMUTILB	ieecdcm.h
DCMUTILC	ieecdcm.h
DCMUTILD	ieecdcm.h
DCMUTILE	ieecdcm.h
DCMUTILF	ieecdcm.h
DCMVLPFK	ieecdcm.h
DCMW2250	ieecdcm.h
DCMWINFD	ieecdcm.h
DCMWRASY	ieecdcm.h
DCMWRCDL	ieecdcm.h
DCMWRENT	ieecdcm.h
DCMWRINS	ieecdcm.h
DCMWRMSG	ieecdcm.h
DCMWRPAR	ieecdcm.h
DCMWRPFK	ieecdcm.h
DCMWRWRN	ieecdcm.h
DCMXINT1	ieecdcm.h
DDCDDNAM	txt99.h
DDK	iefvkeys.h
DDNAMEK	iefvkeys.h
DDNDDNAM	txt99.h
DDNRTDUM	txt99.h
DDSTR	ieftxtft.h
DE12	clibos.h
DE14	clibos.h
DE76	clibos.h
DEB	osdeb.h
DEBABEND	osdeb.h
DEBACCS	osdeb.h
DEBACSMD	osdeb.h
DEBAMBDM	osdeb.h
DEBAMBPM	osdeb.h
DEBAMGAM	osdeb.h
DEBAMISM	osdeb.h
DEBAMNON	osdeb.h
DEBAMSAM	osdeb.h
DEBAMSUB	osdeb.h
DEBAMTAM	osdeb.h
DEBAMTAP	osdeb.h
DEBAMTCM	osdeb.h
DEBAMVSM	osdeb.h
DEBAMVTM	osdeb.h
DEBAMXCP	osdeb.h
DEBAPFIN	osdeb.h
DEBAVT	osdeb.h
DEBBASIC	osdeb.h
DEBCENP	osdeb.h
DEBCINDI	osdeb.h
DEBDASD	osdeb.h
DEBDCB	osdeb.h
DEBDDS1	osdeb.h
DEBDISP	osdeb.h
DEBDSOPN	osdeb.h
DEBEOENP	osdeb.h
DEBEOF	osdeb.h
DEBEOFDF	osdeb.h
DEBESMVR	osdeb.h
DEBEXCPA	osdeb.h
DEBEXFUL	osdeb.h
DEBF1CEV	osdeb.h
DEBFIX	osdeb.h
DEBIOVR	osdeb.h
DEBISAM	osdeb.h
DEBLABEL	osdeb.h
DEBMULTI	osdeb.h
DEBPCINP	osdeb.h
DEBPGFX	osdeb.h
DEBPOSIT	osdeb.h
DEBPRFX	osdeb.h
DEBPWCKD	osdeb.h
DEBRERR	osdeb.h
DEBRLSE	osdeb.h
DEBRPSAP	osdeb.h
DEBRPSI	osdeb.h
DEBRPSO	osdeb.h
DEBRPSP	osdeb.h
DEBRSIOA	osdeb.h
DEBRSV09	osdeb.h
DEBRSV10	osdeb.h
DEBRSV11	osdeb.h
DEBRSV12	osdeb.h
DEBRSV24	osdeb.h
DEBRSV25	osdeb.h
DEBRSV26	osdeb.h
DEBRSV27	osdeb.h
DEBRSV29	osdeb.h
DEBRSV30	osdeb.h
DEBRSV31	osdeb.h
DEBRSV32	osdeb.h
DEBRSV33	osdeb.h
DEBRSV34	osdeb.h
DEBRSV35	osdeb.h
DEBRV004	osdeb.h
DEBRV005	osdeb.h
DEBRV006	osdeb.h
DEBRV007	osdeb.h
DEBSECVL	osdeb.h
DEBSIONP	osdeb.h
DEBSIOX	osdeb.h
DEBSPLIT	osdeb.h
DEBSUBNM	osdeb.h
DEBTAMID	osdeb.h
DEBVAMID	osdeb.h
DEBVAMSG	osdeb.h
DEBXACIS	osdeb.h
DEBXCDCB	osdeb.h
DEBXCENP	osdeb.h
DEBXDSSI	osdeb.h
DEBXTN	osdeb.h
DEBXTNIN	osdeb.h
DEBXTSKC	osdeb.h
DEBXWIND	osdeb.h
DEBZERO	osdeb.h
DECB	osdecb.h
DECLNS	osdecb.h
DECRDSB	osdecb.h
DECRDSF	osdecb.h
DECWRSD	osdecb.h
DECWRSF	osdecb.h
DECWRSFR	osdecb.h
DECWRSZ	osdecb.h
DELJ_DUPJ	clibjes2.h
DELJ_EODS	clibjes2.h
DELJ_IDST	clibjes2.h
DELJ_INVA	clibjes2.h
DELJ_INVJ	clibjes2.h
DELJ_NJOB	clibjes2.h
DELJ_OK	clibjes2.h
DELJ_UNAV	clibjes2.h
DENMK	iefvkeys.h
DEQ	clibenq.h
DESTK	iefvkeys.h
DEVAV	clibdscb.h
DEVTYPE	trkcalc.h
DE_ALIAS	clibos.h
DE_JOB	clibos.h
DE_LINK	clibos.h
DE_PRIVATE	clibos.h
DE_TTRNS	clibos.h
DE_UDATA	clibos.h
DIAGNSK	iefvkeys.h
DICVT	clibdscb.h
DINDDNAM	txt99.h
DINDSNAM	txt99.h
DINPATH	txt99.h
DINRAVGR	txt99.h
DINRCNDS	txt99.h
DINRCNTL	txt99.h
DINRDACL	txt99.h
DINRDSNT	txt99.h
DINRELNO	txt99.h
DINRFDAT	txt99.h
DINRKEYO	txt99.h
DINRLIKE	txt99.h
DINRMGCL	txt99.h
DINRPATH	txt99.h
DINRPMDE	txt99.h
DINRPNDS	txt99.h
DINRPOPT	txt99.h
DINRRECO	txt99.h
DINRREFD	txt99.h
DINRSECM	txt99.h
DINRSEGM	txt99.h
DINRSPIN	txt99.h
DINRSTCL	txt99.h
DINRTATT	txt99.h
DINRTCDP	txt99.h
DINRTDDN	txt99.h
DINRTDSN	txt99.h
DINRTLIM	txt99.h
DINRTLST	txt99.h
DINRTMEM	txt99.h
DINRTNDP	txt99.h
DINRTORG	txt99.h
DINRTSTA	txt99.h
DINRTTYP	txt99.h
DINRTVOL	txt99.h
DIRF	clibdscb.h
DISPK	iefvkeys.h
DLMK	iefvkeys.h
DOCVT	clibdscb.h
DOSBT	clibdscb.h
DRICURNT	txt99.h
DRITCBAD	txt99.h
DSAB	ihadsab.h
DSABAM	ihadsab.h
DSABANL	ihadsab.h
DSABANMI	ihadsab.h
DSABCATL	ihadsab.h
DSABCATM	ihadsab.h
DSABCKDS	ihadsab.h
DSABCKSI	ihadsab.h
DSABCKVL	ihadsab.h
DSABCONV	ihadsab.h
DSABCQ	ihadsab.h
DSABCX	ihadsab.h
DSABDA	ihadsab.h
DSABDALC	ihadsab.h
DSABDCAT	ihadsab.h
DSABDCNV	ihadsab.h
DSABDEFR	ihadsab.h
DSABGIDL	ihadsab.h
DSABGS	ihadsab.h
DSABIRM	ihadsab.h
DSABIS	ihadsab.h
DSABJSCT	ihadsab.h
DSABL	ihadsab.h
DSABMQ	ihadsab.h
DSABNUSE	ihadsab.h
DSABOPEN	ihadsab.h
DSABPALC	ihadsab.h
DSABPASS	ihadsab.h
DSABPCAT	ihadsab.h
DSABPO	ihadsab.h
DSABPS	ihadsab.h
DSABTQ	ihadsab.h
DSABTR	ihadsab.h
DSABTX	ihadsab.h
DSABU	ihadsab.h
DSABUNAL	ihadsab.h
DSABVAM	ihadsab.h
DSABVMSC	ihadsab.h
DSABVVDS	ihadsab.h
DSAE	clibdscb.h
DSCB	clibdscb.h
DSCB1	clibdscb.h
DSCB3	clibdscb.h
DSCB4	clibdscb.h
DSCHA	clibdscb.h
DSGCX	clibdscb.h
DSGDA	clibdscb.h
DSGGS	clibdscb.h
DSGIS	clibdscb.h
DSGPO	clibdscb.h
DSGPS	clibdscb.h
DSGTQ	clibdscb.h
DSGTR	clibdscb.h
DSGTX	clibdscb.h
DSGU	clibdscb.h
DSIDK	iefvkeys.h
DSID_INJCL	clibjes2.h
DSID_INJNL	clibjes2.h
DSID_INTXT	clibjes2.h
DSID_OUHJL	clibjes2.h
DSID_OUJCI	clibjes2.h
DSID_OUMSG	clibjes2.h
DSLIST	cliblist.h
DSNAMEK	iefvkeys.h
DSORGMK	iefvkeys.h
DSTKP	clibdscb.h
DSTR	clibpdfi.h
DTXDDNM	ieftxtft.h
DTXDSNLT	ieftxtft.h
DTXDUMMY	ieftxtft.h
DTXDYNAM	ieftxtft.h
DTXPROC	ieftxtft.h
DTXSUBSK	ieftxtft.h
DTXSYOUT	ieftxtft.h
DTXSYSIN	ieftxtft.h
DUMMK	iefvkeys.h
DUMP_OP	clibstae.h
DUNDDNAM	txt99.h
DUNDSNAM	txt99.h
DUNMEMBR	txt99.h
DUNOVCLS	txt99.h
DUNOVDSP	txt99.h
DUNOVPDS	txt99.h
DUNOVSHQ	txt99.h
DUNOVSNH	txt99.h
DUNOVSUS	txt99.h
DUNOVUID	txt99.h
DUNPATH	txt99.h
DUNREMOV	txt99.h
DUNSPIN	txt99.h
DUNUNALC	txt99.h
DVA2BOV	ihadva.h
DVABDCYL	ihadva.h
DVADEVLG	ihadva.h
DVAENTLG	ihadva.h
DVAFTOL	ihadva.h
DVAREA	ihadva.h
DVARPS	ihadva.h
DVARPSLG	ihadva.h
DVASHFT	ihadva.h
DVATAB	ihadva.h
DVTOC	clibdscb.h
DYNAK	iefvkeys.h
DYNMEEK	iefvkeys.h
DYNMPEK	iefvkeys.h
E2BIG	errno.h
EACCES	errno.h
EADDRINUSE	errno.h
EADDRNOTAVAIL	errno.h
EAFNOSUPPORT	errno.h
EAGAIN	errno.h
EALREADY	errno.h
EBADF	errno.h
EBADFD	errno.h
EBADMSG	errno.h
EBUSY	errno.h
ECANCELED	errno.h
ECB	clibecb.h
ECB_POSTED_BIT	clibecb.h
ECB_VALUE_MASK	clibecb.h
ECB_WAITING_BIT	clibecb.h
ECHILD	errno.h
ECONNABORTED	errno.h
ECONNREFUSED	errno.h
ECONNRESET	errno.h
ECT	ikject.h
ECTATRM	ikject.h
ECTATTN	ikject.h
ECTBKGRD	ikject.h
ECTDEFCS	ikject.h
ECTLOGF	ikject.h
ECTNMAL	ikject.h
ECTNNOT	ikject.h
ECTNOPD	ikject.h
ECTTABND	ikject.h
EDESTADDRREQ	errno.h
EDOM	errno.h
EDOTDOT	errno.h
EDQUOT	errno.h
EEXIST	errno.h
EFAULT	errno.h
EFBIG	errno.h
EFVLD	clibdscb.h
EHOSTDOWN	errno.h
EHOSTUNREACH	errno.h
EILSEQ	errno.h
EINPROGRESS	errno.h
EINTR	errno.h
EINVAL	errno.h
EIO	errno.h
EISCONN	errno.h
EISDIR	errno.h
EISNAM	errno.h
EKEYEXPIRED	errno.h
EKEYREJECTED	errno.h
EKEYREVOKED	errno.h
ELIBACC	errno.h
ELIBBAD	errno.h
ELIBEXEC	errno.h
ELIBMAX	errno.h
ELIBSCN	errno.h
ELOOP	errno.h
EMEDIUMTYPE	errno.h
EMFILE	emfile.h errno.h
EMFILE10	emfilei.h
EMFILEEYE10	emfilei.h
EMFILEMVS	emfilei.h
EMFILEVER	emfilei.h
EMFILEWSA	emfilei.h
EMFILEWSA_EYE	emfilei.h
EMFILE_EYE	emfilei.h
EMFILE_FLAG_APPEND	emfilei.h
EMFILE_FLAG_CREATE	emfilei.h
EMFILE_FLAG_DIRTY	emfilei.h
EMFILE_FLAG_DYNAMIC	emfilei.h
EMFILE_FLAG_EOF	emfilei.h
EMFILE_FLAG_FULL	emfilei.h
EMFILE_FLAG_GROW	emfilei.h
EMFILE_FLAG_MULTIV	emfilei.h
EMFILE_FLAG_NEW	emfilei.h
EMFILE_FLAG_READ	emfilei.h
EMFILE_FLAG_UPDATE	emfilei.h
EMFILE_FLAG_WRITE	emfilei.h
EMFILE_SPACE	emfile.h
EMLINK	errno.h
EMSGSIZE	errno.h
EMULTIHOP	errno.h
ENAMETOOLONG	errno.h
ENAVAIL	errno.h
ENDIND	iefvkeys.h
ENDK	iefvkeys.h
ENETDOWN	errno.h
ENETRESET	errno.h
ENETUNREACH	errno.h
ENFILE	errno.h
ENOBUFS	errno.h
ENODEV	errno.h
ENOENT	errno.h
ENOEXEC	errno.h
ENOKEY	errno.h
ENOMEDIUM	errno.h
ENOMEM	errno.h
ENOPROTOOPT	errno.h
ENOSPC	errno.h
ENOTBLK	errno.h
ENOTCONN	errno.h
ENOTDIR	errno.h
ENOTEMPTY	errno.h
ENOTNAM	errno.h
ENOTRECOVERABLE	errno.h
ENOTSOCK	errno.h
ENOTTY	errno.h
ENOTUNIQ	errno.h
ENQ	clibenq.h
ENQPL	enqpl.h
ENQ_CHNG	clibenq.h
ENQ_END_LAST	enqpl.h
ENQ_END_OLD	enqpl.h
ENQ_EXC	clibenq.h
ENQ_HAVE	clibenq.h
ENQ_OPT_CHNG	enqpl.h
ENQ_OPT_HAVE	enqpl.h
ENQ_OPT_SHARED	enqpl.h
ENQ_OPT_STEP	enqpl.h
ENQ_OPT_SYSTEM	enqpl.h
ENQ_OPT_SYSTEMS	enqpl.h
ENQ_OPT_TEST	enqpl.h
ENQ_OPT_USE	enqpl.h
ENQ_RET	clibenq.h
ENQ_SCOPE	clibenq.h
ENQ_SHR	clibenq.h
ENQ_STEP	clibenq.h
ENQ_SYSTEM	clibenq.h
ENQ_SYSTEMS	clibenq.h
ENQ_TEST	clibenq.h
ENQ_USE	clibenq.h
ENXIO	errno.h
EOF	clibio.h
EOPNOTSUPP	errno.h
EOVERFLOW	errno.h
EOWNERDEAD	errno.h
EPERM	errno.h
EPFNOSUPPORT	errno.h
EPIPE	errno.h
EPROCLIM	errno.h
EPROTONOSUPPORT	errno.h
EPROTOTYPE	errno.h
ERANGE	errno.h
EREMCHG	errno.h
EREMOTE	errno.h
EREMOTEIO	errno.h
ERESTART	errno.h
EROFS	errno.h
EROPTMK	iefvkeys.h
ERRNO_EMFILE	emfilei.h
ESD_FLAG_AMODE	modmap.h
ESD_FLAG_AMODE64	modmap.h
ESD_FLAG_RMODE31	modmap.h
ESD_FLAG_RMODE64	modmap.h
ESD_FLAG_RSECT	modmap.h
ESD_TYPE_CM	modmap.h
ESD_TYPE_DPC	modmap.h
ESD_TYPE_ER	modmap.h
ESD_TYPE_LR	modmap.h
ESD_TYPE_NULL	modmap.h
ESD_TYPE_PC	modmap.h
ESD_TYPE_PR	modmap.h
ESD_TYPE_QCM	modmap.h
ESD_TYPE_QPC	modmap.h
ESD_TYPE_QSD	modmap.h
ESD_TYPE_SD	modmap.h
ESD_TYPE_WX	modmap.h
ESHUTDOWN	errno.h
ESOCKTNOSUPPORT	errno.h
ESPIPE	errno.h
ESRCH	errno.h
ESTAE_OP	clibstae.h
ESTALE	errno.h
ESTRPIPE	errno.h
ETEND	iefvkeys.h
ETIMEDOUT	errno.h
ETOOMANYREFS	errno.h
ETXCPFLG	ieftxtft.h
ETXNODD	ieftxtft.h
ETXPRCV	ieftxtft.h
ETXPROC	ieftxtft.h
ETXSTPCT	ieftxtft.h
ETXSTPLB	ieftxtft.h
ETXTBSY	errno.h
EUCLEAN	errno.h
EUSERS	errno.h
EVSACCESS	errno.h
EVSERROR	errno.h
EVSMODE	errno.h
EVSOPEN	errno.h
EVSTYPE	errno.h
EWOULDBLOCK	errno.h
EXDEV	errno.h
EXECK	iefvkeys.h
EXECSTR	ieftxtft.h
EXITLIST	osdcb.h
EXIT_FAILURE	stdlib.h
EXIT_SUCCESS	stdlib.h
EXPDTMK	iefvkeys.h
EXT	clibdscb.h
EXTCYL	clibdscb.h
EXTCYLS	clibdscb.h
EXTDAT	clibdscb.h
EXTENT	clibdscb.h
EXTIDX	clibdscb.h
EXTLAB	clibdscb.h
EXTOV	clibdscb.h
FCBK	iefvkeys.h
FD_CLR	socket.h
FD_ISSET	socket.h
FD_SET	socket.h
FD_SETSIZE	socket.h
FD_ZERO	socket.h
FILE	clibio.h
FILENAME_MAX	clibio.h
FIONBIO	socket.h
FIONREAD	socket.h
FLAGS_CHAR	clibprti.h
FLAGS_HASH	clibprti.h
FLAGS_LEFT	clibprti.h
FLAGS_LONG	clibprti.h
FLAGS_LONG_LONG	clibprti.h
FLAGS_PLUS	clibprti.h
FLAGS_PRECISION	clibprti.h
FLAGS_SHORT	clibprti.h
FLAGS_SPACE	clibprti.h
FLAGS_UPPERCASE	clibprti.h
FLAGS_ZEROFILL	clibprti.h
FLAGS_ZEROPAD	clibprti.h
FLAG_JES2	clibjes2.h
FLAG_SYSIN	clibjes2.h
FLAG_SYSOUT	clibjes2.h
FLASHK	iefvkeys.h
FLT_DIG	float.h
FLT_EPSILON	float.h
FLT_MANT_DIG	float.h
FLT_MAX	float.h
FLT_MAX_10_EXP	float.h
FLT_MAX_EXP	float.h
FLT_MIN	float.h
FLT_MIN_10_EXP	float.h
FLT_MIN_EXP	float.h
FLT_RADIX	float.h
FLT_ROUNDS	float.h
FONT	clibpdfi.h
FOPEN_MAX	clibio.h
FREEK	iefvkeys.h
FRIDMK	iefvkeys.h
FUNCMK	iefvkeys.h
FreeTXT99	svc99.h
FreeTXT99Array	svc99.h
GDSORGMK	iefvkeys.h
GET3	get3.h modmap.h
GNCPMK	iefvkeys.h
GROUPK	iefvkeys.h
GRTFLAG1_SOCKINIT	clibgrt.h
GRTFLAG1_TSO	clibgrt.h
HASPCMB	haspcmb.h
HASPCP	clibcp.h
HASPCP_EYE	clibcp.h
HASPJS	clibjs.h
HASPJS_EYE	clibjs.h
HASPSVT	haspsvt.h
HIARCHMK	iefvkeys.h
HOLDK	iefvkeys.h
HTONL	socket.h
HTONS	socket.h
HUGE_VAL	math.h
IDR_LAST	modmap.h
IDR_TYPE	modmap.h
IDR_TYPE_LINK	modmap.h
IDR_TYPE_TRAN	modmap.h
IDR_TYPE_USER	modmap.h
IDR_TYPE_ZAP	modmap.h
IEEBASEA	ieebasea.h
IEECDCM	ieecdcm.h
IEFTXTFT_H	ieftxtft.h
IEZJSCB	iezjscb.h
INADDR_ANY	socket.h
INADDR_NONE	socket.h
IND01	clibdscb.h
IND02	clibdscb.h
IND04	clibdscb.h
IND08	clibdscb.h
IND10	clibdscb.h
IND20	clibdscb.h
IND40	clibdscb.h
IND80	clibdscb.h
INIT_DSTR	clibpdfi.h
INT16_C	stdint.h
INT16_MAX	stdint.h
INT16_MIN	stdint.h
INT32_C	stdint.h
INT32_MAX	limits.h stdint.h
INT32_MIN	stdint.h
INT64_C	stdint.h
INT64_MAX	stdint.h
INT64_MIN	stdint.h
INT8_C	stdint.h
INT8_MAX	stdint.h
INT8_MIN	stdint.h
INTKEY1	iefvkeys.h
INTKEY2	iefvkeys.h
INTKEY3	iefvkeys.h
INTKEY4	iefvkeys.h
INTKEY5	iefvkeys.h
INTKEY6	iefvkeys.h
INTKEY7	iefvkeys.h
INTKEY8	iefvkeys.h
INTKEY9	iefvkeys.h
INTKEYA	iefvkeys.h
INTKEYB	iefvkeys.h
INTKEYC	iefvkeys.h
INTMAX_C	stdint.h
INTMAX_MAX	stdint.h
INTMAX_MIN	stdint.h
INTPTR_MAX	stdint.h
INTPTR_MIN	stdint.h
INTVLMK	iefvkeys.h
INT_FAST16_MAX	stdint.h
INT_FAST16_MIN	stdint.h
INT_FAST32_MAX	stdint.h
INT_FAST32_MIN	stdint.h
INT_FAST64_MAX	stdint.h
INT_FAST64_MIN	stdint.h
INT_FAST8_MAX	stdint.h
INT_FAST8_MIN	stdint.h
INT_LEAST16_MAX	stdint.h
INT_LEAST16_MIN	stdint.h
INT_LEAST32_MAX	stdint.h
INT_LEAST32_MIN	stdint.h
INT_LEAST64_MAX	stdint.h
INT_LEAST64_MIN	stdint.h
INT_LEAST8_MAX	stdint.h
INT_LEAST8_MIN	stdint.h
INT_MAX	limits.h
INT_MIN	limits.h
IOB	osiob.h
IOBABAPP	osiob.h
IOBACU	osiob.h
IOBALTTR	osiob.h
IOBCC3WE	osiob.h
IOBCCC	osiob.h
IOBCDC	osiob.h
IOBCMDCH	osiob.h
IOBCNC	osiob.h
IOBCSB0	osiob.h
IOBCSB1	osiob.h
IOBCSB2	osiob.h
IOBCSB3	osiob.h
IOBCSB4	osiob.h
IOBCSB5	osiob.h
IOBCSB6	osiob.h
IOBCSB7	osiob.h
IOBCYCCK	osiob.h
IOBDATCH	osiob.h
IOBERRTN	osiob.h
IOBFCREX	osiob.h
IOBFLAG3	osiob.h
IOBGDPOL	osiob.h
IOBHALT	osiob.h
IOBICC	osiob.h
IOBICL	osiob.h
IOBINUSE	osiob.h
IOBIOERR	osiob.h
IOBJAM	osiob.h
IOBJES3I	osiob.h
IOBLOG	osiob.h
IOBMSG	osiob.h
IOBOLTST	osiob.h
IOBPCI	osiob.h
IOBPMERR	osiob.h
IOBPNCH	osiob.h
IOBPRFX	osiob.h
IOBPRMER	osiob.h
IOBPTST	osiob.h
IOBPURGE	osiob.h
IOBRDHA0	osiob.h
IOBRFTMG	osiob.h
IOBRPSTN	osiob.h
IOBRRT2	osiob.h
IOBRRT3	osiob.h
IOBRSTCH	osiob.h
IOBRSTRT	osiob.h
IOBRSV02	osiob.h
IOBRSV03	osiob.h
IOBRSV04	osiob.h
IOBRSV14	osiob.h
IOBRSV15	osiob.h
IOBRSV16	osiob.h
IOBRSV17	osiob.h
IOBRSV40	osiob.h
IOBRSV41	osiob.h
IOBRSV42	osiob.h
IOBRSV44	osiob.h
IOBSDR	osiob.h
IOBSENSE	osiob.h
IOBSKUPD	osiob.h
IOBSPSVC	osiob.h
IOBSTATO	osiob.h
IOBSTDRD	osiob.h
IOBUNREL	osiob.h
IOBUSB0	osiob.h
IOBUSB1	osiob.h
IOBUSB2	osiob.h
IOBUSB3	osiob.h
IOBUSB4	osiob.h
IOBUSB5	osiob.h
IOBUSB6	osiob.h
IOBUSB7	osiob.h
IOBV6CHN	osiob.h
IOT1ALOC	haspiot.h
IOT1CKPT	haspiot.h
IOT1NEWS	haspiot.h
IOT1NTPR	haspiot.h
IOT1RSV1	haspiot.h
IOT1RSV2	haspiot.h
IOT1RSV7	haspiot.h
IOT1SPIN	haspiot.h
IOT2RSV0	haspiot.h
IOT2RSV1	haspiot.h
IOT2RSV2	haspiot.h
IOT2RSV3	haspiot.h
IOT2RSV4	haspiot.h
IOT2RSV5	haspiot.h
IOT2RSV6	haspiot.h
IOT2RSV7	haspiot.h
IOTJQOFF	haspiot.h
IOTPDBOD	haspiot.h
IOTPDBOI	haspiot.h
IOTPDBOJ	haspiot.h
IOTPDBOL	haspiot.h
IOTPDBOM	haspiot.h
IOTPDBON	haspiot.h
IOTPDBOT	haspiot.h
IPC	ipc.h
IPCC	ipc.h
IPCC_EYE	ipci.h
IPCC_FLAG_ACCEPT	ipci.h
IPCC_FLAG_CONNECT	ipci.h
IPCC_FLAG_ERROR	ipci.h
IPCC_FLAG_QUIESCE	ipci.h
IPCC_STATE_CLOSE	ipci.h
IPCC_STATE_IDLE	ipci.h
IPCC_STATE_PROC	ipci.h
IPCC_STATE_RECV	ipci.h
IPCC_STATE_SEND	ipci.h
IPCH	ipci.h
IPCH_FLAG_NOOP	ipci.h
IPCH_FLAG_REPLY	ipci.h
IPCH_FLAG_REQUEST	ipci.h
IPCH_FLAG_UNSOL	ipci.h
IPCH_MAJ_IPC	ipci.h
IPCH_MIN_IPC_PING	ipci.h
IPCH_SYNC	ipci.h
IPCM	ipc.h
IPCM_EYE	ipci.h
IPC_EYE	ipci.h
IPC_FLAG_ACTIVE	ipci.h
IPC_FLAG_QUIESCE	ipci.h
IPC_FLAG_SHUTDOWN	ipci.h
IPC_STATE_ACCEPT	ipci.h
IPC_STATE_ACTIVE	ipci.h
IPC_STATE_IDLE	ipci.h
IPC_STATE_READ	ipci.h
IPC_STATE_SEND	ipci.h
IPC_STATE_WAIT	ipci.h
IPLTXIDK	iefvkeys.h
IPPROTO_AH	socket.h
IPPROTO_BEETPH	socket.h
IPPROTO_COMP	socket.h
IPPROTO_DCCP	socket.h
IPPROTO_EGP	socket.h
IPPROTO_ENCAP	socket.h
IPPROTO_ESP	socket.h
IPPROTO_GRE	socket.h
IPPROTO_ICMP	socket.h
IPPROTO_IDP	socket.h
IPPROTO_IGMP	socket.h
IPPROTO_IP	socket.h
IPPROTO_IPIP	socket.h
IPPROTO_IPV6	socket.h
IPPROTO_MPLS	socket.h
IPPROTO_MTP	socket.h
IPPROTO_PIM	socket.h
IPPROTO_PUP	socket.h
IPPROTO_RAW	socket.h
IPPROTO_RSVP	socket.h
IPPROTO_SCTP	socket.h
IPPROTO_TCP	socket.h
IPPROTO_TP	socket.h
IPPROTO_UDP	socket.h
IPPROTO_UDPLITE	socket.h
IRBLEN	iharb.h
ISAMACT	clibdscb.h
ISAMCO	clibdscb.h
ISAMD	clibdscb.h
ISAMIO	clibdscb.h
ISAMMI	clibdscb.h
ISAMR	clibdscb.h
ISAMWVC	clibdscb.h
ISPEXEC	clibispf.h
ISPFDATA	cliblist.h
ISPFDATA_FLAG_SCLM	cliblist.h
ISPFSTAT	cliblist.h
ISPLINK	clibispf.h
ISP_ADDPOP	clibispf.h
ISP_BRIF	clibispf.h
ISP_BROWSE	clibispf.h
ISP_CONTROL	clibispf.h
ISP_DEFAULT	clibispf.h
ISP_DISPLAY	clibispf.h
ISP_DSINFO	clibispf.h
ISP_EDIF	clibispf.h
ISP_EDIREC	clibispf.h
ISP_EDIT	clibispf.h
ISP_EDREC	clibispf.h
ISP_FILESTAT	clibispf.h
ISP_FILEXFER	clibispf.h
ISP_FTCLOSE	clibispf.h
ISP_FTERASE	clibispf.h
ISP_FTINCL	clibispf.h
ISP_FTOPEN	clibispf.h
ISP_GETMSG	clibispf.h
ISP_GRERROR	clibispf.h
ISP_GRINIT	clibispf.h
ISP_GRTERM	clibispf.h
ISP_LAST	clibispf.h
ISP_LIBDEF	clibispf.h
ISP_LIST	clibispf.h
ISP_LMCLOSE	clibispf.h
ISP_LMCOMP	clibispf.h
ISP_LMCOPY	clibispf.h
ISP_LMDDISP	clibispf.h
ISP_LMDFREE	clibispf.h
ISP_LMDINIT	clibispf.h
ISP_LMDLIST	clibispf.h
ISP_LMERASE	clibispf.h
ISP_LMFREE	clibispf.h
ISP_LMGET	clibispf.h
ISP_LMINIT	clibispf.h
ISP_LMMADD	clibispf.h
ISP_LMMDEL	clibispf.h
ISP_LMMDISP	clibispf.h
ISP_LMMFIND	clibispf.h
ISP_LMMLIST	clibispf.h
ISP_LMMOVE	clibispf.h
ISP_LMMREN	clibispf.h
ISP_LMMREP	clibispf.h
ISP_LMMSTATS	clibispf.h
ISP_LMOPEN	clibispf.h
ISP_LMPRINT	clibispf.h
ISP_LMPUT	clibispf.h
ISP_LMQUERY	clibispf.h
ISP_LMRENAME	clibispf.h
ISP_LOG	clibispf.h
ISP_MEMLIST	clibispf.h
ISP_PQUERY	clibispf.h
ISP_QBASELIB	clibispf.h
ISP_QLIBDEF	clibispf.h
ISP_QTABOPEN	clibispf.h
ISP_QUERYENQ	clibispf.h
ISP_REMPOP	clibispf.h
ISP_SELECT	clibispf.h
ISP_SETMSG	clibispf.h
ISP_TBADD	clibispf.h
ISP_TBBOTTOM	clibispf.h
ISP_TBCLOSE	clibispf.h
ISP_TBCREATE	clibispf.h
ISP_TBDELETE	clibispf.h
ISP_TBDISPL	clibispf.h
ISP_TBEND	clibispf.h
ISP_TBERASE	clibispf.h
ISP_TBEXIST	clibispf.h
ISP_TBGET	clibispf.h
ISP_TBMOD	clibispf.h
ISP_TBOPEN	clibispf.h
ISP_TBPUT	clibispf.h
ISP_TBQUERY	clibispf.h
ISP_TBSARG	clibispf.h
ISP_TBSAVE	clibispf.h
ISP_TBSCAN	clibispf.h
ISP_TBSKIP	clibispf.h
ISP_TBSORT	clibispf.h
ISP_TBSTATS	clibispf.h
ISP_TBTOP	clibispf.h
ISP_TBVCLEAR	clibispf.h
ISP_TRANS	clibispf.h
ISP_VCOPY	clibispf.h
ISP_VDEFINE	clibispf.h
ISP_VDELETE	clibispf.h
ISP_VERASE	clibispf.h
ISP_VGET	clibispf.h
ISP_VIEW	clibispf.h
ISP_VIIF	clibispf.h
ISP_VMASK	clibispf.h
ISP_VPUT	clibispf.h
ISP_VREPLACE	clibispf.h
ISP_VRESET	clibispf.h
ISP_WSCON	clibispf.h
ISP_WSDISCON	clibispf.h
IVTOC	clibdscb.h
JCT1CKPT	haspjct.h
JCTBATCH	haspjct.h
JCTBURST	haspjct.h
JCTCABND	haspjct.h
JCTCDUPL	haspjct.h
JCTCIO	haspjct.h
JCTCJCL	haspjct.h
JCTCOK	haspjct.h
JCTINRDR	haspjct.h
JCTJMRUX	haspjct.h
JCTJTABD	haspjct.h
JCTJTCF	haspjct.h
JCTJTJF	haspjct.h
JCTNOJNL	haspjct.h
JCTNOLOG	haspjct.h
JCTNOT26	haspjct.h
JCTNOTY6	haspjct.h
JCTNOUJP	haspjct.h
JCTNOUPT	haspjct.h
JCTNOUSO	haspjct.h
JCTPRICD	haspjct.h
JCTPURGE	haspjct.h
JCTQHELD	haspjct.h
JCTRERUN	haspjct.h
JCTRSTRT	haspjct.h
JCTSETUP	haspjct.h
JCTSMFL0	haspjct.h
JCTSMFL1	haspjct.h
JCTSMFL3	haspjct.h
JCTSMFL4	haspjct.h
JCTSTCJB	haspjct.h
JCTTCOPY	haspjct.h
JCTTHOLD	haspjct.h
JCTTSCAN	haspjct.h
JCTTSUJB	haspjct.h
JCTXBACH	haspjct.h
JES	clibjes2.h
JESCT	iefjesct.h
JESDD	clibjes2.h
JESDD_EYE	clibjes2.h
JESFILT	clibjes2.h
JESJOB	clibjes2.h
JESJOB_ABD	clibjes2.h
JESJOB_CF	clibjes2.h
JESJOB_EYE	clibjes2.h
JESJOB_JF	clibjes2.h
JESPRST	clibjes2.h
JESPR_CAP	clibjes2.h
JESPR_DSID	clibjes2.h
JESPR_EMPTY	clibjes2.h
JESPR_END	clibjes2.h
JESPR_FOREIGN	clibjes2.h
JESPR_IOERR	clibjes2.h
JESPR_LOOP	clibjes2.h
JESPR_MAXBLK	clibjes2.h
JESPR_NOBUF	clibjes2.h
JESPR_NOMEM	clibjes2.h
JESPR_OPENEND	clibjes2.h
JESPR_STOPPED	clibjes2.h
JESPR_TRUNC	clibjes2.h
JES_EYE	clibjes2.h
JFC1600	osjfcb.h
JFC200	osjfcb.h
JFC556	osjfcb.h
JFC6250	osjfcb.h
JFC800	osjfcb.h
JFCABN	osjfcb.h
JFCACC	osjfcb.h
JFCACT	osjfcb.h
JFCADDED	osjfcb.h
JFCALLOW	osjfcb.h
JFCALX	osjfcb.h
JFCASA	osjfcb.h
JFCB	osjfcb.h
JFCBABS	osjfcb.h
JFCBADSP	osjfcb.h
JFCBAL	osjfcb.h
JFCBAVR	osjfcb.h
JFCBBFTA	osjfcb.h
JFCBBFTR	osjfcb.h
JFCBBUFF	osjfcb.h
JFCBCEOV	osjfcb.h
JFCBCKDS	osjfcb.h
JFCBCKPT	osjfcb.h
JFCBCYL	osjfcb.h
JFCBDLET	osjfcb.h
JFCBEXP	osjfcb.h
JFCBEXTP	osjfcb.h
JFCBFOFL	osjfcb.h
JFCBLP	osjfcb.h
JFCBLTM	osjfcb.h
JFCBMSGP	osjfcb.h
JFCBPROT	osjfcb.h
JFCBPWBP	osjfcb.h
JFCBRWPW	osjfcb.h
JFCBSPAC	osjfcb.h
JFCBTRK	osjfcb.h
JFCBUAFF	osjfcb.h
JFCCAT	osjfcb.h
JFCCBWU	osjfcb.h
JFCCHAR	osjfcb.h
JFCCYL	osjfcb.h
JFCDEFER	osjfcb.h
JFCDEL	osjfcb.h
JFCDISP	osjfcb.h
JFCDQDSP	osjfcb.h
JFCDUAL	osjfcb.h
JFCDWORD	osjfcb.h
JFCDYN	osjfcb.h
JFCENT	osjfcb.h
JFCEQUAL	osjfcb.h
JFCEXC	osjfcb.h
JFCEXT	osjfcb.h
JFCFCBAL	osjfcb.h
JFCFCBVR	osjfcb.h
JFCFEED	osjfcb.h
JFCFIX	osjfcb.h
JFCFMREC	osjfcb.h
JFCFNCBD	osjfcb.h
JFCFNCBI	osjfcb.h
JFCFNCBP	osjfcb.h
JFCFNCBR	osjfcb.h
JFCFNCBT	osjfcb.h
JFCFNCBW	osjfcb.h
JFCFNCBX	osjfcb.h
JFCFOLD	osjfcb.h
JFCFWORD	osjfcb.h
JFCGDG	osjfcb.h
JFCHIER	osjfcb.h
JFCHIER1	osjfcb.h
JFCIND	osjfcb.h
JFCINOP	osjfcb.h
JFCLOC	osjfcb.h
JFCMAC	osjfcb.h
JFCMAST	osjfcb.h
JFCMIXG	osjfcb.h
JFCMOD	osjfcb.h
JFCMODNW	osjfcb.h
JFCNDCB	osjfcb.h
JFCNDSCB	osjfcb.h
JFCNEW	osjfcb.h
JFCNL	osjfcb.h
JFCNOCC	osjfcb.h
JFCNRPS	osjfcb.h
JFCNSL	osjfcb.h
JFCNWRIT	osjfcb.h
JFCOLD	osjfcb.h
JFCONTIG	osjfcb.h
JFCOPEN	osjfcb.h
JFCOPTJ	osjfcb.h
JFCOPTQ	osjfcb.h
JFCORGAM	osjfcb.h
JFCORGCQ	osjfcb.h
JFCORGCX	osjfcb.h
JFCORGDA	osjfcb.h
JFCORGGS	osjfcb.h
JFCORGIS	osjfcb.h
JFCORGMQ	osjfcb.h
JFCORGPO	osjfcb.h
JFCORGPS	osjfcb.h
JFCORGTQ	osjfcb.h
JFCORGTR	osjfcb.h
JFCORGTX	osjfcb.h
JFCORGU	osjfcb.h
JFCOUTOP	osjfcb.h
JFCOVER	osjfcb.h
JFCPAT	osjfcb.h
JFCPCIA1	osjfcb.h
JFCPCIA2	osjfcb.h
JFCPCIBT	osjfcb.h
JFCPCIN1	osjfcb.h
JFCPCIN2	osjfcb.h
JFCPCIR1	osjfcb.h
JFCPCIR2	osjfcb.h
JFCPCIX1	osjfcb.h
JFCPCIX2	osjfcb.h
JFCPDS	osjfcb.h
JFCRCFM	osjfcb.h
JFCRCTLG	osjfcb.h
JFCRECV	osjfcb.h
JFCREDUC	osjfcb.h
JFCREL	osjfcb.h
JFCREORG	osjfcb.h
JFCREQ	osjfcb.h
JFCRFB	osjfcb.h
JFCRFO	osjfcb.h
JFCRFS	osjfcb.h
JFCRLSE	osjfcb.h
JFCROUND	osjfcb.h
JFCRSV13	osjfcb.h
JFCRSV15	osjfcb.h
JFCRSV16	osjfcb.h
JFCRSV17	osjfcb.h
JFCRSV18	osjfcb.h
JFCRSV19	osjfcb.h
JFCRSV20	osjfcb.h
JFCRSV21	osjfcb.h
JFCRSV22	osjfcb.h
JFCRSV25	osjfcb.h
JFCRSV26	osjfcb.h
JFCRSV27	osjfcb.h
JFCRSV29	osjfcb.h
JFCRSV31	osjfcb.h
JFCRSV38	osjfcb.h
JFCSDNAM	osjfcb.h
JFCSDRPS	osjfcb.h
JFCSDS	osjfcb.h
JFCSECUR	osjfcb.h
JFCSEND	osjfcb.h
JFCSHARE	osjfcb.h
JFCSIM	osjfcb.h
JFCSKP	osjfcb.h
JFCSL	osjfcb.h
JFCSLCRE	osjfcb.h
JFCSLDES	osjfcb.h
JFCSPNO	osjfcb.h
JFCSPONE	osjfcb.h
JFCSPTHR	osjfcb.h
JFCSPTWO	osjfcb.h
JFCSRCHD	osjfcb.h
JFCSTAND	osjfcb.h
JFCSUL	osjfcb.h
JFCTEMP	osjfcb.h
JFCTOPEN	osjfcb.h
JFCTOPT	osjfcb.h
JFCTRACE	osjfcb.h
JFCTTR	osjfcb.h
JFCUND	osjfcb.h
JFCVAR	osjfcb.h
JFCVARD	osjfcb.h
JFCVER	osjfcb.h
JFCVRDS	osjfcb.h
JFCVSL	osjfcb.h
JFCWUMSG	osjfcb.h
JFCWVCBD	osjfcb.h
JFCWVCIS	osjfcb.h
JFCWVCSP	osjfcb.h
JOBK	iefvkeys.h
JOBSTR	ieftxtft.h
JOESIZE	haspjoe.h
JQELNGTH	haspjqe.h
JQEPRTRT	haspjqe.h
JSCB	iezjscb.h
JSCBADSP	iezjscb.h
JSCBAUTH	iezjscb.h
JSCBIOFG	iezjscb.h
JSCBJNLE	iezjscb.h
JSCBJNLF	iezjscb.h
JSCBJNLN	iezjscb.h
JSCBJSBA	iezjscb.h
JSCBJSBI	iezjscb.h
JSCBJSBT	iezjscb.h
JSCBJSBX	iezjscb.h
JSCBLONG	iezjscb.h
JSCBPASS	iezjscb.h
JSCBPMSG	iezjscb.h
JSCBRET	iezjscb.h
JSCBRV01	iezjscb.h
JSCBRV02	iezjscb.h
JSCBRV03	iezjscb.h
JSCBRV04	iezjscb.h
JSCBRV05	iezjscb.h
JSCBRV06	iezjscb.h
JSCBRV07	iezjscb.h
JSCBS1LN	iezjscb.h
JSCBS2LN	iezjscb.h
JSCBS3LN	iezjscb.h
JSCBSEC1	iezjscb.h
JSCBSEC2	iezjscb.h
JSCBSEC3	iezjscb.h
JSCBTJID	iezjscb.h
JSCRSV04	iezjscb.h
JSCRSV05	iezjscb.h
JSCRSV06	iezjscb.h
JSCRSV07	iezjscb.h
JSCRSV08	iezjscb.h
JSCRSV11	iezjscb.h
JSCRSV12	iezjscb.h
JSCRSV13	iezjscb.h
JSCRSV14	iezjscb.h
JSCRSV15	iezjscb.h
JSCRSV16	iezjscb.h
JSCRSV18	iezjscb.h
JSCRSV19	iezjscb.h
JSCRSV20	iezjscb.h
JSCRSV21	iezjscb.h
JSCRSV22	iezjscb.h
JSCRSV23	iezjscb.h
JSCSIOTS	iezjscb.h
JTXACCTN	ieftxtft.h
JTXCPSTF	ieftxtft.h
JTXJOBFL	ieftxtft.h
JTXLABLP	ieftxtft.h
JTXLABNL	ieftxtft.h
JTXMHEDR	ieftxtft.h
JTXPROGN	ieftxtft.h
JTXREGDF	ieftxtft.h
JTXSYSCK	ieftxtft.h
KEYLENMK	iefvkeys.h
LABELK	iefvkeys.h
LASTSTMT	ieftxtft.h
LC_ALL	locale.h
LC_COLLATE	locale.h
LC_CTYPE	locale.h
LC_MONETARY	locale.h
LC_NUMERIC	locale.h
LC_TIME	locale.h
LDBL_DIG	float.h
LDBL_EPSILON	float.h
LDBL_MANT_DIG	float.h
LDBL_MAX	float.h
LDBL_MAX_10_EXP	float.h
LDBL_MAX_EXP	float.h
LDBL_MIN	float.h
LDBL_MIN_10_EXP	float.h
LDBL_MIN_EXP	float.h
LIMCTMK	iefvkeys.h
LOAD1BLK	cliblist.h
LOADAPFLG	cliblist.h
LOADCMSGN	cliblist.h
LOADDATA	cliblist.h
LOADDEPCH	cliblist.h
LOADEMFIX	cliblist.h
LOADEP0	cliblist.h
LOADEXEC	cliblist.h
LOADFLVL	cliblist.h
LOADFORCE	cliblist.h
LOADIBMMB	cliblist.h
LOADLEF	cliblist.h
LOADLOAD	cliblist.h
LOADNOSGN	cliblist.h
LOADNREP	cliblist.h
LOADNRLD	cliblist.h
LOADORG0	cliblist.h
LOADOSLE	cliblist.h
LOADOVLY	cliblist.h
LOADPAGA	cliblist.h
LOADPTSGN	cliblist.h
LOADREFR	cliblist.h
LOADRENT	cliblist.h
LOADREUS	cliblist.h
LOADS01	cliblist.h
LOADS02	cliblist.h
LOADS03	cliblist.h
LOADS04	cliblist.h
LOADSCTR	cliblist.h
LOADSSI	cliblist.h
LOADSTAT	cliblist.h
LOADSYSGN	cliblist.h
LOADTEST	cliblist.h
LOADTSTN	cliblist.h
LOADUSRCH	cliblist.h
LOCKQNAME	cliblock.h
LOCKRNAME	cliblock.h
LOCKRNAMESZ	cliblock.h
LOCK_EXC	cliblock.h
LOCK_READ	cliblock.h
LOCK_RW	cliblock.h
LOCK_SHR	cliblock.h
LOCWORK	clibdscb.h
LONG_LONG_MAX	stdint.h
LONG_MAX	limits.h
LONG_MIN	limits.h
LPDE	ihalpde.h
LPDEAUTH	ihalpde.h
LPDEMIN	ihalpde.h
LPDENIP	ihalpde.h
LPDENLR	ihalpde.h
LPDEREN	ihalpde.h
LPDERLC	ihalpde.h
LPDESER	ihalpde.h
LPDESYSL	ihalpde.h
LPDEXLE	ihalpde.h
LRECLMK	iefvkeys.h
L_tmpnam	clibio.h
MAXDDN	emfilei.h
MAXDSN	emfilei.h
MAXVOL	emfilei.h
MAX_MEM_LEVEL	clibmz.h miniz.h
MAX_WBITS	clibmz.h miniz.h
MB_CUR_MAX	stdlib.h
MB_LEN_MAX	limits.h
MEMMGRN_SZ	@@memmgr.h
MEMMGR_ALIGN	@@memmgr.h
MEMMGR_CRASH	@@memmgr.h
MEMMGR_INCLUDED	@@memmgr.h
MEMMGR_MINFREE	@@memmgr.h
MEMMGR_MINFRTOT	@@memmgr.h
MINIZ_HAS_64BIT_REGISTERS	clibmz.h miniz.h
MINIZ_LITTLE_ENDIAN	clibmz.h miniz.h
MINIZ_NO_STDIO	clibmz.h miniz_common.h
MINIZ_NO_TIME	miniz.h
MINIZ_UNALIGNED_USE_MEMCPY	clibmz.h miniz.h
MINIZ_USE_UNALIGNED_LOADS_AND_STORES	clibmz.h miniz.h
MINIZ_X86_OR_X64_CPU	clibmz.h miniz.h
MMCESDR	modmap.h
MMCTL	modmap.h
MMCTLD	modmap.h
MMESD	modmap.h
MMIDR	modmap.h
MMLD	modmap.h
MMLR	modmap.h
MMOD	modmap.h
MMOD_ID_CESD	modmap.h
MMOD_ID_CTL	modmap.h
MMOD_ID_CTLEOM	modmap.h
MMOD_ID_CTLEOS	modmap.h
MMOD_ID_CTLRLD	modmap.h
MMOD_ID_CTLRLDEOM	modmap.h
MMOD_ID_CTLRLDEOS	modmap.h
MMOD_ID_IDR	modmap.h
MMOD_ID_RLD	modmap.h
MMOD_ID_RLDEOM	modmap.h
MMOD_ID_RLDEOS	modmap.h
MMOD_ID_SCAT	modmap.h
MMOD_ID_SYM	modmap.h
MMRL	modmap.h
MMRLD	modmap.h
MMRLDF	modmap.h
MMRLDR	modmap.h
MMSD	modmap.h
MODEMK	iefvkeys.h
MODIFYK	iefvkeys.h
MODMAP	modmap.h
MODMAP_EYE	modmap.h
MSCLOSP	ieebasea.h
MSCLOSW	ieebasea.h
MSGCLAJK	iefvkeys.h
MSGLEVJK	iefvkeys.h
MSGP	clibdscb.h
MSLOGCOM	ieebasea.h
MSLOGDAR	ieebasea.h
MSLOGENQ	ieebasea.h
MSLOGIPL	ieebasea.h
MSLOGSTA	ieebasea.h
MSLOGTHD	ieebasea.h
MSSTRTP	ieebasea.h
MSSTRTW	ieebasea.h
MSSUM	ieebasea.h
MSTN	ieebasea.h
MSTODWTO	ieebasea.h
MSVGPK	iefvkeys.h
MSWLOGP	ieebasea.h
MSWLOGW	ieebasea.h
MSWTL	ieebasea.h
MSWTRP	ieebasea.h
MSWTRW	ieebasea.h
MTENTRY	ieezb806.h
MTTABLE	ieezb806.h
MTTHDRLN	ieezb806.h
MTTID	ieezb806.h
MXIG	clibdscb.h
MZ_ADLER32_INIT	clibmz.h miniz.h
MZ_ASSERT	clibmz.h clibmzi.h miniz_common.h
MZ_CLEAR_OBJ	clibmz.h miniz_common.h
MZ_CRC32_INIT	clibmz.h miniz.h
MZ_DEFAULT_WINDOW_BITS	clibmz.h miniz.h
MZ_DEFLATED	clibmz.h miniz.h
MZ_FALSE	clibmz.h miniz_common.h
MZ_FILE	clibmz.h miniz_common.h
MZ_FORCEINLINE	clibmz.h miniz_common.h
MZ_FREE	clibmz.h miniz_common.h
MZ_MACRO_END	clibmz.h miniz_common.h
MZ_MALLOC	clibmz.h miniz_common.h
MZ_MAX	clibmz.h miniz_common.h
MZ_MIN	clibmz.h miniz_common.h
MZ_READ_LE16	clibmz.h miniz_common.h
MZ_READ_LE32	clibmz.h miniz_common.h
MZ_READ_LE64	clibmz.h miniz_common.h
MZ_REALLOC	clibmz.h miniz_common.h
MZ_TIME_T	clibmz.h miniz_common.h
MZ_TRUE	clibmz.h miniz_common.h
MZ_UINT16_MAX	clibmz.h miniz_common.h
MZ_UINT32_MAX	clibmz.h miniz_common.h
MZ_VERNUM	clibmz.h miniz.h
MZ_VERSION	clibmz.h miniz.h
MZ_VER_MAJOR	clibmz.h miniz.h
MZ_VER_MINOR	clibmz.h miniz.h
MZ_VER_REVISION	clibmz.h miniz.h
MZ_VER_SUBREVISION	clibmz.h miniz.h
M_SQRT2	clibpdfi.h
NBBY	socket.h
NCPMK	iefvkeys.h
NFDBITS	socket.h
NOTIFYJK	iefvkeys.h
NTMMK	iefvkeys.h
NTOHL	socket.h
NTOHS	socket.h
NULL	clibio.h clibstr.h locale.h stddef.h stdlib.h time.h wchar.h
NewTXT99	svc99.h
NewTXT99a	svc99.h
NewTXT99s	svc99.h
OPTADC	clibdscb.h
OPTBC	clibdscb.h
OPTCDMK	iefvkeys.h
OPTCS	clibdscb.h
OPTEOV	clibdscb.h
OPTIC	clibdscb.h
OPTSD	clibdscb.h
OPTTRC	clibdscb.h
OPTUT	clibdscb.h
OPTVSE	clibdscb.h
OPTWVC	clibdscb.h
OR	socket.h
ORGAM	clibdscb.h
OUTLIMK	iefvkeys.h
PAGE	clibpdfi.h
PARMEEK	iefvkeys.h
PARMPEK	iefvkeys.h
PASWORDK	iefvkeys.h
PCIMK	iefvkeys.h
PDB1DSID	hasppddb.h
PDB1HOLD	hasppddb.h
PDB1LOG	hasppddb.h
PDB1MDES	hasppddb.h
PDB1NSOT	hasppddb.h
PDB1NULL	hasppddb.h
PDB1PSO	hasppddb.h
PDB1SPIN	hasppddb.h
PDB2BRST	hasppddb.h
PDB2HDST	hasppddb.h
PDB2HLDS	hasppddb.h
PDB2JFMS	hasppddb.h
PDB2NEWS	hasppddb.h
PDB2OPTJ	hasppddb.h
PDB2TCEL	hasppddb.h
PDB3BRST	hasppddb.h
PDBDSID	hasppddb.h
PDBF3RV1	hasppddb.h
PDBF3RV2	hasppddb.h
PDBF3RV3	hasppddb.h
PDBF3RV4	hasppddb.h
PDBF3RV6	hasppddb.h
PDBF3RV7	hasppddb.h
PDBF3RV8	hasppddb.h
PDBINJCL	hasppddb.h
PDBINJNL	hasppddb.h
PDBINTXT	hasppddb.h
PDBLENG	hasppddb.h
PDBOUHJL	hasppddb.h
PDBOUJCI	hasppddb.h
PDBOUMSG	hasppddb.h
PDF	clibpdf.h
PDFI	clibpdf.h
PDFO	clibpdf.h
PDF_A3_HEIGHT	clibpdf.h
PDF_A3_WIDTH	clibpdf.h
PDF_A4_HEIGHT	clibpdf.h
PDF_A4_WIDTH	clibpdf.h
PDF_ARRAY_SIZE	clibpdfi.h
PDF_BLACK	clibpdf.h
PDF_BLUE	clibpdf.h
PDF_COMPRESS	clibpdfi.h
PDF_DEBUG	clibpdfi.h
PDF_GREEN	clibpdf.h
PDF_INCH_TO_POINT	clibpdf.h
PDF_IS_TRANSPARENT	clibpdfi.h
PDF_LETTER_HEIGHT	clibpdf.h
PDF_LETTER_WIDTH	clibpdf.h
PDF_MM_TO_POINT	clibpdf.h
PDF_OBJECT_EYE	clibpdfi.h
PDF_RED	clibpdf.h
PDF_RGB	clibpdf.h
PDF_RGB_B	clibpdfi.h
PDF_RGB_G	clibpdfi.h
PDF_RGB_R	clibpdfi.h
PDF_TRANSPARENT	clibpdf.h
PDF_WHITE	clibpdf.h
PDSE	clibdscb.h
PDSEX	clibdscb.h
PDSLIST	cliblist.h
PDSLIST_IDC_ALIAS	cliblist.h
PDSLIST_IDC_TTRS	cliblist.h
PDSLIST_IDC_UDATA	cliblist.h
PGMEK	iefvkeys.h
PNONDISP	ikjtcb.h
PPAEYE	clibppa.h
PPAFLAG_TERR	clibppa.h
PPAFLAG_TIN	clibppa.h
PPAFLAG_TOUT	clibppa.h
PPAFLAG_TSOBG	clibppa.h
PPAFLAG_TSOFG	clibppa.h
PRBLEN	iharb.h
PRFMEEK	iefvkeys.h
PRFMJK	iefvkeys.h
PRFMPEK	iefvkeys.h
PRINTF_DISABLE_SUPPORT_LONG_LONG	clibprti.h
PRINTF_DISABLE_SUPPORT_PTRDIFF_T	clibprti.h
PRINTF_FTOA_BUFFER_SIZE	clibprti.h
PRINTF_INT16_DEC_WIDTH	stdint.h
PRINTF_INT16_HEX_WIDTH	stdint.h
PRINTF_INT16_MODIFIER	stdint.h
PRINTF_INT32_DEC_WIDTH	stdint.h
PRINTF_INT32_HEX_WIDTH	stdint.h
PRINTF_INT32_MODIFIER	stdint.h
PRINTF_INT64_DEC_WIDTH	stdint.h
PRINTF_INT64_HEX_WIDTH	stdint.h
PRINTF_INT64_MODIFIER	stdint.h
PRINTF_INT8_DEC_WIDTH	stdint.h
PRINTF_INT8_HEX_WIDTH	stdint.h
PRINTF_INTMAX_DEC_WIDTH	stdint.h
PRINTF_INTMAX_HEX_WIDTH	stdint.h
PRINTF_INTMAX_MODIFIER	stdint.h
PRINTF_INTPTR_MODIFIER	stdint.h
PRINTF_LEAST16_MODIFIER	stdint.h
PRINTF_LEAST32_MODIFIER	stdint.h
PRINTF_LEAST64_MODIFIER	stdint.h
PRINTF_NTOA_BUFFER_SIZE	clibprti.h
PRINTF_SUPPORT_FLOAT	clibprti.h
PRINTF_SUPPORT_LONG_LONG	clibprti.h
PRINTF_SUPPORT_PTRDIFF_T	clibprti.h
PROCEK	iefvkeys.h
PROCSTR	ieftxtft.h
PROTECTK	iefvkeys.h
PRTSPMK	iefvkeys.h
PRTYJK	iefvkeys.h
PSCBACCT	ikjpscb.h
PSCBATTN	ikjpscb.h
PSCBCTRL	ikjpscb.h
PSCBJCL	ikjpscb.h
PSCBRCVR	ikjpscb.h
PSCBVMNT	ikjpscb.h
PSOFCKPT	hasppso.h
PSOFCLAS	hasppso.h
PSOFDELC	hasppso.h
PSOFDEST	hasppso.h
PSOFDONE	hasppso.h
PSOFDUPJ	hasppso.h
PSOFEODS	hasppso.h
PSOFFORM	hasppso.h
PSOFHLD	hasppso.h
PSOFHOLD	hasppso.h
PSOFINVA	hasppso.h
PSOFINVJ	hasppso.h
PSOFJOBI	hasppso.h
PSOFJOBN	hasppso.h
PSOFNJOB	hasppso.h
PSOFPGM	hasppso.h
PSOFPURG	hasppso.h
PSOFRLSE	hasppso.h
PSOFROUT	hasppso.h
PSOFRTOK	hasppso.h
PSOFSETC	hasppso.h
PSOFUNAV	hasppso.h
PSOF_O	hasppso.h
PSOLNGTH	hasppso.h
PSOPARML	hasppso.h
PSWKEY0	clibos.h
PSWKEY1	clibos.h
PSWKEY10	clibos.h
PSWKEY11	clibos.h
PSWKEY12	clibos.h
PSWKEY13	clibos.h
PSWKEY14	clibos.h
PSWKEY15	clibos.h
PSWKEY2	clibos.h
PSWKEY3	clibos.h
PSWKEY4	clibos.h
PSWKEY5	clibos.h
PSWKEY6	clibos.h
PSWKEY7	clibos.h
PSWKEY8	clibos.h
PSWKEY9	clibos.h
PSWKEYNONE	clibos.h
PTRDIFF_MAX	stdint.h
PTRDIFF_MIN	stdint.h
QNAMEK	iefvkeys.h
QUEBUSY	haspjqe.h
QUECLASS	haspjqe.h
QUEHOLD1	haspjqe.h
QUEHOLD2	haspjqe.h
QUEHOLDA	haspjqe.h
QUEINDAF	haspjqe.h
QUEINIT	haspjqe.h
QUEOPCAN	haspjqe.h
QUEPURGE	haspjqe.h
QUESYSAF	haspjqe.h
RACF_ATTR_ALTER	racf.h
RACF_ATTR_CONTROL	racf.h
RACF_ATTR_READ	racf.h
RACF_ATTR_UPDATE	racf.h
RACHECK	racheck.h
RACHECK_ATTR_ALTER	racheck.h
RACHECK_ATTR_CONTROL	racheck.h
RACHECK_ATTR_READ	racheck.h
RACHECK_ATTR_UPDATE	racheck.h
RACHECK_FLAG1_31BIT	racheck.h
RACHECK_FLAG1_DSTYPE_V	racheck.h
RACHECK_FLAG1_ENTITY_CSA	racheck.h
RACHECK_FLAG1_LOG_NOFAIL	racheck.h
RACHECK_FLAG1_LOG_NONE	racheck.h
RACHECK_FLAG1_RACFIND	racheck.h
RACHECK_FLAG1_RACFIND_Y	racheck.h
RACHECK_FLAG2_DSTYPE_M	racheck.h
RACHECK_FLAG2_GENERIC	racheck.h
RACHECK_FLAG2_PROFILE	racheck.h
RACINIT	racinit.h
RACINIT_FLAG_CHANGE	racinit.h
RACINIT_FLAG_ENCRYPT	racinit.h
RACINIT_FLAG_PASSCHK	racinit.h
RACINIT_FLAG_SMC	racinit.h
RACINIT_FLAG_STAT	racinit.h
RACINIT_FLAG_SUBPOOL	racinit.h
RACINIT_FLAG_VERIFY	racinit.h
RACLASS	racheck.h
RAENTITY	racheck.h
RAND_MAX	stdlib.h
RB99	rb99.h
RBABEND	iharb.h
RBASIR	iharb.h
RBATNXIT	iharb.h
RBATTN	iharb.h
RBBASIC	iharb.h
RBECBWT	iharb.h
RBETXR	iharb.h
RBFACTV	iharb.h
RBFDYN	iharb.h
RBFNSVRB	iharb.h
RBFTCKPT	iharb.h
RBFTIRB	iharb.h
RBFTP	iharb.h
RBFTPRB	iharb.h
RBFTSIRB	iharb.h
RBFTSVRB	iharb.h
RBFTTIRB	iharb.h
RBIQENR	iharb.h
RBIQETP	iharb.h
RBIRBAER	iharb.h
RBIRBAIQ	iharb.h
RBLONGWT	iharb.h
RBOPER	iharb.h
RBOPSWB1	iharb.h
RBOPSWB2	iharb.h
RBOPSWPS	iharb.h
RBPMSVRB	iharb.h
RBPRFLNA	iharb.h
RBPRFX	iharb.h
RBPRFXLN	iharb.h
RBRQENR	iharb.h
RBRREQ	iharb.h
RBRSV159	iharb.h
RBRSV160	iharb.h
RBRSV162	iharb.h
RBRSV163	iharb.h
RBRSV164	iharb.h
RBRSV165	iharb.h
RBRSV166	iharb.h
RBRSV167	iharb.h
RBRSV168	iharb.h
RBRTILC	iharb.h
RBRTINCD	iharb.h
RBRTRAN	iharb.h
RBSASYNC	iharb.h
RBSBRNTR	iharb.h
RBSCB	iharb.h
RBSCNCEL	iharb.h
RBSDUMMY	iharb.h
RBSECT	iharb.h
RBSESTAE	iharb.h
RBSHALT	iharb.h
RBSINUSE	iharb.h
RBSIOPRC	iharb.h
RBSKEY0	iharb.h
RBSLOCK	iharb.h
RBSNOIOP	iharb.h
RBSPRNTR	iharb.h
RBSRECRD	iharb.h
RBSSSYN	iharb.h
RBSSTAI	iharb.h
RBSSTAR	iharb.h
RBSSUPER	iharb.h
RBSTAB1	iharb.h
RBSTAB2	iharb.h
RBSTERMI	iharb.h
RBSTERMO	iharb.h
RBSXCTL2	iharb.h
RBTCBNXT	iharb.h
RBTMCMP	iharb.h
RBTMIND2	iharb.h
RBTMIND3	iharb.h
RBTMQUE	iharb.h
RBTMTOD	iharb.h
RBTREQ	iharb.h
RBTRSVRB	iharb.h
RBUSIQE	iharb.h
RBWAITP	iharb.h
RBWLIM	iharb.h
RBWREQ	iharb.h
RBX99	rb99.h
RBXWAIT	iharb.h
RDEEK	iefvkeys.h
RDJK	iefvkeys.h
RDPEK	iefvkeys.h
REBLK	clibdscb.h
RECFA	clibdscb.h
RECFB	clibdscb.h
RECFF	clibdscb.h
RECFMMK	iefvkeys.h
RECFM_BR	clibjes2.h
RECFM_C	clibjes2.h
RECFM_CA	clibjes2.h
RECFM_CC	clibjes2.h
RECFM_CM	clibjes2.h
RECFM_D	clibjes2.h
RECFM_F	clibjes2.h
RECFM_KL	clibjes2.h
RECFM_L	clibjes2.h
RECFM_LA	clibjes2.h
RECFM_SB	clibjes2.h
RECFM_TO	clibjes2.h
RECFM_U	clibjes2.h
RECFM_V	clibjes2.h
RECFS	clibdscb.h
RECFT	clibdscb.h
RECFU	clibdscb.h
RECFV	clibdscb.h
RECMC	clibdscb.h
REFMK	iefvkeys.h
REGINEEK	iefvkeys.h
REGINJK	iefvkeys.h
REGINPEK	iefvkeys.h
REQUE_DUPJ	clibjes2.h
REQUE_EODS	clibjes2.h
REQUE_IDST	clibjes2.h
REQUE_INVA	clibjes2.h
REQUE_INVJ	clibjes2.h
REQUE_NJOB	clibjes2.h
REQUE_OK	clibjes2.h
REQUE_UNAV	clibjes2.h
RES	clibres.h
RESDISP	clibres.h
RESDISP_EYE	clibres.h
RESERVMK	iefvkeys.h
RESFUNC	clibres.h
RESFUNC_FREEMAIN	clibres.h
RESFUNC_FREESTACK	clibres.h
RESFUNC_GETMAIN	clibres.h
RESFUNC_GETSTACK	clibres.h
RESFUNC_SNPRINTF	clibres.h
RESFUNC_STEP_LOCK	clibres.h
RESFUNC_STEP_UNLOCK	clibres.h
RESFUNC_SYSTEM_LOCK	clibres.h
RESFUNC_SYSTEM_UNLOCK	clibres.h
RESFUNC_VSNPRINTF	clibres.h
RESFUNC_VWTOF	clibres.h
RESFUNC_WTO	clibres.h
RESFUNC_WTODUMP	clibres.h
RESFUNC_WTOF	clibres.h
RESKEY0	clibres.h
RESKEYU	clibres.h
RESPROB	clibres.h
RESSTACK	clibres.h
RESSUP	clibres.h
RESTARJK	iefvkeys.h
RES_EYE	clibres.h
RES_FREEMAIN	clibres.h
RES_FREESTACK	clibres.h
RES_GETMAIN	clibres.h
RES_GETSTACK	clibres.h
RES_SNPRINTF	clibres.h
RES_STEP_LOCK	clibres.h
RES_STEP_UNLOCK	clibres.h
RES_SVCSTUB	clibres.h
RES_SYSTEM_LOCK	clibres.h
RES_SYSTEM_UNLOCK	clibres.h
RES_VSNPRINTF	clibres.h
RES_VWTOF	clibres.h
RES_WTO	clibres.h
RES_WTODUMP	clibres.h
RES_WTOF	clibres.h
RETPDMK	iefvkeys.h
RFILE	rfile.h
RFILE_EYE	rfile.h
RFILE_RECFM_F	rfile.h
RFILE_RECFM_U	rfile.h
RFILE_RECFM_V	rfile.h
RKPMK	iefvkeys.h
RLD_FLAG_ADD4	modmap.h
RLD_FLAG_LL	modmap.h
RLD_FLAG_LL2	modmap.h
RLD_FLAG_LL3	modmap.h
RLD_FLAG_LL4	modmap.h
RLD_FLAG_NEG	modmap.h
RLD_FLAG_SAME	modmap.h
RLD_FLAG_TYPE	modmap.h
RLD_FLAG_TYPEA	modmap.h
RLD_FLAG_TYPECP	modmap.h
RLD_FLAG_TYPEPR	modmap.h
RLD_FLAG_TYPEV	modmap.h
RLD_FLAG_UNRES	modmap.h
ROLLEEK	iefvkeys.h
ROLLJK	iefvkeys.h
ROLLPEK	iefvkeys.h
ROUND	clibdscb.h
RPL	clibvsam.h
RPLACQRA	clibvsam.h
RPLACTV	clibvsam.h
RPLADD	clibvsam.h
RPLADR	clibvsam.h
RPLALIGN	clibvsam.h
RPLASY	clibvsam.h
RPLATND	clibvsam.h
RPLAXPKP	clibvsam.h
RPLBLK	clibvsam.h
RPLBLKER	clibvsam.h
RPLBRANC	clibvsam.h
RPLBWD	clibvsam.h
RPLCBLKE	clibvsam.h
RPLCHECK	clibvsam.h
RPLCHNG	clibvsam.h
RPLCLACB	clibvsam.h
RPLCLOSE	clibvsam.h
RPLCMDRT	clibvsam.h
RPLCNALL	clibvsam.h
RPLCNANY	clibvsam.h
RPLCNIMM	clibvsam.h
RPLCNV	clibvsam.h
RPLCNVTA	clibvsam.h
RPLCOND	clibvsam.h
RPLCRID	clibvsam.h
RPLCTA	clibvsam.h
RPLCTM	clibvsam.h
RPLCTO	clibvsam.h
RPLCUERR	clibvsam.h
RPLDEVDC	clibvsam.h
RPLDIR	clibvsam.h
RPLDLGFL	clibvsam.h
RPLDLGIN	clibvsam.h
RPLDO	clibvsam.h
RPLDVUNS	clibvsam.h
RPLEAU	clibvsam.h
RPLECBIN	clibvsam.h
RPLECBSW	clibvsam.h
RPLENDRE	clibvsam.h
RPLENDTR	clibvsam.h
RPLEOB	clibvsam.h
RPLEODS	clibvsam.h
RPLEOM	clibvsam.h
RPLEOT	clibvsam.h
RPLERACE	clibvsam.h
RPLERASE	clibvsam.h
RPLERLK	clibvsam.h
RPLEXIT	clibvsam.h
RPLEXRQ	clibvsam.h
RPLEXRS	clibvsam.h
RPLEXSCH	clibvsam.h
RPLFLD	clibvsam.h
RPLFMT	clibvsam.h
RPLFRCIO	clibvsam.h
RPLFRMT	clibvsam.h
RPLFUNCD	clibvsam.h
RPLGEN	clibvsam.h
RPLGET	clibvsam.h
RPLIDD	clibvsam.h
RPLIMPRT	clibvsam.h
RPLINQIR	clibvsam.h
RPLINTPT	clibvsam.h
RPLIOERR	clibvsam.h
RPLJSFMT	clibvsam.h
RPLKEY	clibvsam.h
RPLKGE	clibvsam.h
RPLLGFRC	clibvsam.h
RPLLIMEX	clibvsam.h
RPLLOC	clibvsam.h
RPLLOCK	clibvsam.h
RPLLOGER	clibvsam.h
RPLLOGIC	clibvsam.h
RPLLRD	clibvsam.h
RPLMKFRM	clibvsam.h
RPLMNTAC	clibvsam.h
RPLNCOND	clibvsam.h
RPLNERAS	clibvsam.h
RPLNEXIT	clibvsam.h
RPLNGRCC	clibvsam.h
RPLNIB	clibvsam.h
RPLNODE	clibvsam.h
RPLNOERR	clibvsam.h
RPLNOIN	clibvsam.h
RPLNSP	clibvsam.h
RPLODACP	clibvsam.h
RPLODACQ	clibvsam.h
RPLODPRM	clibvsam.h
RPLOPNDS	clibvsam.h
RPLPEND	clibvsam.h
RPLPFMTD	clibvsam.h
RPLPFMTI	clibvsam.h
RPLPHYER	clibvsam.h
RPLPHYSC	clibvsam.h
RPLPOINT	clibvsam.h
RPLPOST	clibvsam.h
RPLPSOPT	clibvsam.h
RPLPURGE	clibvsam.h
RPLPUT	clibvsam.h
RPLQOPT	clibvsam.h
RPLQUISE	clibvsam.h
RPLRCVCD	clibvsam.h
RPLRDSOH	clibvsam.h
RPLREAD	clibvsam.h
RPLREOB	clibvsam.h
RPLREOM	clibvsam.h
RPLREOT	clibvsam.h
RPLRESET	clibvsam.h
RPLRLG	clibvsam.h
RPLRLSOP	clibvsam.h
RPLRSRCD	clibvsam.h
RPLRSV67	clibvsam.h
RPLRSV68	clibvsam.h
RPLRSV78	clibvsam.h
RPLRSV88	clibvsam.h
RPLRVCMD	clibvsam.h
RPLRVID	clibvsam.h
RPLS3540	clibvsam.h
RPLSDCMD	clibvsam.h
RPLSEQ	clibvsam.h
RPLSESS	clibvsam.h
RPLSFORM	clibvsam.h
RPLSKP	clibvsam.h
RPLSLICT	clibvsam.h
RPLSMLGO	clibvsam.h
RPLSNDCD	clibvsam.h
RPLSPECC	clibvsam.h
RPLSSCCD	clibvsam.h
RPLSSNIN	clibvsam.h
RPLSTSAV	clibvsam.h
RPLSV32	clibvsam.h
RPLSVRP	clibvsam.h
RPLSVSAM	clibvsam.h
RPLSVTAM	clibvsam.h
RPLSYERR	clibvsam.h
RPLTCLSS	clibvsam.h
RPLTCRNO	clibvsam.h
RPLTCRYP	clibvsam.h
RPLTERM	clibvsam.h
RPLTOPNS	clibvsam.h
RPLTPOST	clibvsam.h
RPLTREQS	clibvsam.h
RPLTRMS	clibvsam.h
RPLUINPT	clibvsam.h
RPLUNCON	clibvsam.h
RPLUPD	clibvsam.h
RPLVABND	clibvsam.h
RPLVERIF	clibvsam.h
RPLVFY	clibvsam.h
RPLVTMNA	clibvsam.h
RPLWAIT	clibvsam.h
RPLWAITX	clibvsam.h
RPLWRITE	clibvsam.h
RPLWROPT	clibvsam.h
S99ACUCB	rb99.h
S99CNENQ	rb99.h
S99EIMSG	rb99.h
S99ELSTO	rb99.h
S99EMKEY	rb99.h
S99EMSUB	rb99.h
S99ERMSG	rb99.h
S99EWTP	rb99.h
S99GDGNT	rb99.h
S99JBSYS	rb99.h
S99MSGL0	rb99.h
S99NOCNV	rb99.h
S99NOMIG	rb99.h
S99NOMNT	rb99.h
S99NOSYM	rb99.h
S99ONCNV	rb99.h
S99RBXVR	rb99.h
S99VRBAL	rb99.h
S99VRBCC	rb99.h
S99VRBDC	rb99.h
S99VRBDN	rb99.h
S99VRBIN	rb99.h
S99VRBRI	rb99.h
S99VRBUN	rb99.h
S99XINFO	rb99.h
S99XSEVE	rb99.h
S99XWARN	rb99.h
SAFP	safp.h
SAFPAU	safp.h
SAFPDEF	safp.h
SAFPEXT	safp.h
SAFPFAU	safp.h
SAFPLIS	safp.h
SAFPVER	safp.h
SAFV	safv.h
SAFVIDC	safv.h
SAVEAREA	clibsa.h
SCAVB	clibdscb.h
SCCP1	clibdscb.h
SCCP2	clibdscb.h
SCHAR_MAX	limits.h
SCHAR_MIN	limits.h
SCKB	clibdscb.h
SCMB	clibdscb.h
SCUB	clibdscb.h
SCVT	ihascvt.h
SCVTSECT	ihascvt.h
SDPEEK	iefvkeys.h
SDPPEK	iefvkeys.h
SDWA	clibsdwa.h
SDWAABTM	clibsdwa.h
SDWAACR	clibsdwa.h
SDWAASMP	clibsdwa.h
SDWACBS	clibsdwa.h
SDWACC1	clibsdwa.h
SDWACC2	clibsdwa.h
SDWACCA	clibsdwa.h
SDWACCP	clibsdwa.h
SDWACHNG	clibsdwa.h
SDWACLUP	clibsdwa.h
SDWACMS	clibsdwa.h
SDWACTS	clibsdwa.h
SDWACWT	clibsdwa.h
SDWADEC1	clibsdwa.h
SDWADEC2	clibsdwa.h
SDWADISP	clibsdwa.h
SDWADLST	clibsdwa.h
SDWADM	clibsdwa.h
SDWADOA	clibsdwa.h
SDWADOP	clibsdwa.h
SDWADPSW	clibsdwa.h
SDWADPT	clibsdwa.h
SDWADREG	clibsdwa.h
SDWADSAH	clibsdwa.h
SDWADSAS	clibsdwa.h
SDWAEAS	clibsdwa.h
SDWAEBC	clibsdwa.h
SDWAECT1	clibsdwa.h
SDWAECT2	clibsdwa.h
SDWAENRB	clibsdwa.h
SDWAENSN	clibsdwa.h
SDWAERFL	clibsdwa.h
SDWAERR	clibsdwa.h
SDWAEUA	clibsdwa.h
SDWAEUP	clibsdwa.h
SDWAEXP1	clibsdwa.h
SDWAEXP2	clibsdwa.h
SDWAEXT1	clibsdwa.h
SDWAEXT2	clibsdwa.h
SDWAEXTA	clibsdwa.h
SDWAEXTP	clibsdwa.h
SDWAFLEN	clibsdwa.h
SDWAFLLK	clibsdwa.h
SDWAFLSQ	clibsdwa.h
SDWAFPA	clibsdwa.h
SDWAFPO1	clibsdwa.h
SDWAFPO2	clibsdwa.h
SDWAFPP	clibsdwa.h
SDWAFPRX	clibsdwa.h
SDWAFREE	clibsdwa.h
SDWAFSQA	clibsdwa.h
SDWAGTF	clibsdwa.h
SDWAHEX	clibsdwa.h
SDWAICAT	clibsdwa.h
SDWAIL1	clibsdwa.h
SDWAIL2	clibsdwa.h
SDWAILA	clibsdwa.h
SDWAILCH	clibsdwa.h
SDWAILP	clibsdwa.h
SDWAIMC1	clibsdwa.h
SDWAIMC2	clibsdwa.h
SDWAINSF	clibsdwa.h
SDWAINTC	clibsdwa.h
SDWAINVP	clibsdwa.h
SDWAIO	clibsdwa.h
SDWAIO1	clibsdwa.h
SDWAIO2	clibsdwa.h
SDWAIOA	clibsdwa.h
SDWAIOHT	clibsdwa.h
SDWAIOP	clibsdwa.h
SDWAIOQR	clibsdwa.h
SDWAIPC1	clibsdwa.h
SDWAIPC2	clibsdwa.h
SDWAIPR1	clibsdwa.h
SDWAIPR2	clibsdwa.h
SDWAIPRG	clibsdwa.h
SDWAIRB	clibsdwa.h
SDWAIUCB	clibsdwa.h
SDWAKEY1	clibsdwa.h
SDWAKEY2	clibsdwa.h
SDWAKEYA	clibsdwa.h
SDWAKEYP	clibsdwa.h
SDWALDIS	clibsdwa.h
SDWALEN	clibsdwa.h
SDWALSQA	clibsdwa.h
SDWAMABD	clibsdwa.h
SDWAMCHK	clibsdwa.h
SDWAMCIV	clibsdwa.h
SDWAMCK1	clibsdwa.h
SDWAMCK2	clibsdwa.h
SDWAMCKA	clibsdwa.h
SDWAMCKP	clibsdwa.h
SDWAMSER	clibsdwa.h
SDWANIOP	clibsdwa.h
SDWANOIO	clibsdwa.h
SDWANRBE	clibsdwa.h
SDWANUC	clibsdwa.h
SDWANUCL	clibsdwa.h
SDWAOFLN	clibsdwa.h
SDWAOPTM	clibsdwa.h
SDWAPCHK	clibsdwa.h
SDWAPER1	clibsdwa.h
SDWAPER2	clibsdwa.h
SDWAPERC	clibsdwa.h
SDWAPGFX	clibsdwa.h
SDWAPGIO	clibsdwa.h
SDWAPGM1	clibsdwa.h
SDWAPGM2	clibsdwa.h
SDWAPSTI	clibsdwa.h
SDWAPSWU	clibsdwa.h
SDWAQQS	clibsdwa.h
SDWARCDF	clibsdwa.h
SDWARCRD	clibsdwa.h
SDWAREGU	clibsdwa.h
SDWAREQ	clibsdwa.h
SDWARETY	clibsdwa.h
SDWARKEY	clibsdwa.h
SDWARPIV	clibsdwa.h
SDWARSRC	clibsdwa.h
SDWARSRF	clibsdwa.h
SDWASALL	clibsdwa.h
SDWASCK	clibsdwa.h
SDWASGA	clibsdwa.h
SDWASGN1	clibsdwa.h
SDWASGN2	clibsdwa.h
SDWASGP	clibsdwa.h
SDWASKYF	clibsdwa.h
SDWASLST	clibsdwa.h
SDWASPER	clibsdwa.h
SDWASPIN	clibsdwa.h
SDWASPVA	clibsdwa.h
SDWASPVP	clibsdwa.h
SDWASQA	clibsdwa.h
SDWASRBM	clibsdwa.h
SDWASRVL	clibsdwa.h
SDWASTAE	clibsdwa.h
SDWASTAF	clibsdwa.h
SDWASTAI	clibsdwa.h
SDWASTCC	clibsdwa.h
SDWASTEP	clibsdwa.h
SDWASVCD	clibsdwa.h
SDWASVCE	clibsdwa.h
SDWASWA	clibsdwa.h
SDWATADB	clibsdwa.h
SDWATDNB	clibsdwa.h
SDWATERR	clibsdwa.h
SDWATEXC	clibsdwa.h
SDWATJPA	clibsdwa.h
SDWATLPA	clibsdwa.h
SDWATNCB	clibsdwa.h
SDWATRM1	clibsdwa.h
SDWATRM2	clibsdwa.h
SDWATSVL	clibsdwa.h
SDWATYP1	clibsdwa.h
SDWAUPRG	clibsdwa.h
SDWAUSPL	clibsdwa.h
SDWAVEQR	clibsdwa.h
SDWAWAT1	clibsdwa.h
SDWAWAT2	clibsdwa.h
SDWAWATA	clibsdwa.h
SDWAWATP	clibsdwa.h
SEEK_CUR	clibio.h
SEEK_END	clibio.h
SEEK_SET	clibio.h
SENSE0_BUS_CHECK	osiob.h
SENSE0_CMD_REJECT	osiob.h
SENSE0_DATA_CHECK	osiob.h
SENSE0_EQU_CHECK	osiob.h
SENSE0_INT_REQ	osiob.h
SENSE0_OVERRUN	osiob.h
SENSE1_END_CYL	osiob.h
SENSE1_FILE_PROTECT	osiob.h
SENSE1_INV_TRACK	osiob.h
SENSE1_NOT_FOUND	osiob.h
SENSE1_OPER_INCOMP	osiob.h
SENSE1_PERM_ERROR	osiob.h
SENSE1_WRITE_INH	osiob.h
SENSE_MAX_COUNT	clibccw.h
SEPK	iefvkeys.h
SEPMK	iefvkeys.h
SERMK	iefvkeys.h
SET3	get3.h
SETRP	clibstae.h
SHA256_BLOCK_SIZE	sha256.h
SHRT_MAX	limits.h
SHRT_MIN	limits.h
SHWNAME	clibvsam.h
SHWOUT	clibvsam.h
SHWOUTDI	clibvsam.h
SHWPL	clibvsam.h
SHWUP	clibvsam.h
SIGABRT	signal.h
SIGFPE	signal.h
SIGILL	signal.h
SIGINT	signal.h
SIGSEGV	signal.h
SIGTERM	signal.h
SIG_ATOMIC_MAX	stdint.h
SIG_ATOMIC_MIN	stdint.h
SIG_DFL	signal.h
SIG_ERR	signal.h
SIG_IGN	signal.h
SIRBLEN	iharb.h
SIRBWALN	iharb.h
SIZE_MAX	stdint.h
SJB1EJOB	haspsjb.h
SJB1NORE	haspsjb.h
SJB1SJID	haspsjb.h
SJB1XBM	haspsjb.h
SJB1XBMC	haspsjb.h
SJB1XBMJ	haspsjb.h
SJB1XBMR	haspsjb.h
SJB1XBWT	haspsjb.h
SJB2CNCL	haspsjb.h
SJB2CONV	haspsjb.h
SJB2EOM	haspsjb.h
SJB2HOLD	haspsjb.h
SJB2INIT	haspsjb.h
SJB2JNFD	haspsjb.h
SJB2JNL	haspsjb.h
SJB2PNIT	haspsjb.h
SJB3CKPT	haspsjb.h
SJB3CLS	haspsjb.h
SJB3FIOT	haspsjb.h
SJB3FJCT	haspsjb.h
SJB3FSDB	haspsjb.h
SJB3PPOU	haspsjb.h
SJB3RSV4	haspsjb.h
SJB3TERM	haspsjb.h
SJB4FSJB	haspsjb.h
SJB4MEND	haspsjb.h
SJB4MREQ	haspsjb.h
SJB4MREX	haspsjb.h
SJB4MRQH	haspsjb.h
SJB4MTRM	haspsjb.h
SJB4RSV6	haspsjb.h
SJB4TERM	haspsjb.h
SJBDRAIN	haspsjb.h
SJBFIRST	haspsjb.h
SJBPRIM	haspsjb.h
SJBTFCAN	haspsjb.h
SJBTFFGC	haspsjb.h
SJBTFFGG	haspsjb.h
SJBTFFGM	haspsjb.h
SJBTFFGP	haspsjb.h
SMCA	clibsmf.h
SMCABSW	clibsmf.h
SMCADBSY	clibsmf.h
SMCADSA	clibsmf.h
SMCADSNF	clibsmf.h
SMCADSSP	clibsmf.h
SMCADSSW	clibsmf.h
SMCADSTR	clibsmf.h
SMCADUMP	clibsmf.h
SMCAEXT	clibsmf.h
SMCAFGND	clibsmf.h
SMCAFIRT	clibsmf.h
SMCAMAN	clibsmf.h
SMCAMOD	clibsmf.h
SMCANADA	clibsmf.h
SMCANAVL	clibsmf.h
SMCAOPFL	clibsmf.h
SMCAOPI	clibsmf.h
SMCAOPT1	clibsmf.h
SMCAOPT2	clibsmf.h
SMCAPDA	clibsmf.h
SMCAPMTY	clibsmf.h
SMCAPNAV	clibsmf.h
SMCAPNL	clibsmf.h
SMCAPNSL	clibsmf.h
SMCAPSDP	clibsmf.h
SMCAPSL	clibsmf.h
SMCAPTAP	clibsmf.h
SMCAPUNT	clibsmf.h
SMCAPVOL	clibsmf.h
SMCARS01	clibsmf.h
SMCARS02	clibsmf.h
SMCARS03	clibsmf.h
SMCARS04	clibsmf.h
SMCARS05	clibsmf.h
SMCARS06	clibsmf.h
SMCARS07	clibsmf.h
SMCARS14	clibsmf.h
SMCARS15	clibsmf.h
SMCARS16	clibsmf.h
SMCARS17	clibsmf.h
SMCARS18	clibsmf.h
SMCARS19	clibsmf.h
SMCARS20	clibsmf.h
SMCASIZE	clibsmf.h
SMCASWAR	clibsmf.h
SMCATDS	clibsmf.h
SMCAUSER	clibsmf.h
SMCAVOL	clibsmf.h
SMCAZEOD	clibsmf.h
SMS	clibdscb.h
SMSCV	clibdscb.h
SMSDS	clibdscb.h
SMSUC	clibdscb.h
SOCK_DGRAM	socket.h
SOCK_RAW	socket.h
SOCK_RDM	socket.h
SOCK_SEQPACKET	socket.h
SOCK_STREAM	socket.h
SOMAXCONN	socket.h
SOWAMK	iefvkeys.h
SPACEK	iefvkeys.h
SPLITK	iefvkeys.h
SRB	ihasrb.h
SRBPNONQ	ihasrb.h
SRBPSYS	ihasrb.h
SRBSIZE	ihasrb.h
SRB_EYE	ihasrb.h
SRB_SUBPOOL	ihasrb.h
SSCS	iefsscs.h
SSCSARAY	iefsscs.h
SSCSBADI	iefsscs.h
SSCSCOUT	iefsscs.h
SSCSELSZ	iefsscs.h
SSCSEXCQ	iefsscs.h
SSCSHOLD	iefsscs.h
SSCSICAN	iefsscs.h
SSCSIZE	iefsscs.h
SSCSJACT	iefsscs.h
SSCSMALL	iefsscs.h
SSCSNCAN	iefsscs.h
SSCSNJEA	iefsscs.h
SSCSNOJB	iefsscs.h
SSCSOUTP	iefsscs.h
SSCSOUTQ	iefsscs.h
SSCSRTOK	iefsscs.h
SSCSSECL	iefsscs.h
SSCSUSID	iefsscs.h
SSCSYNTX	iefsscs.h
SSCT	clibssct.h
SSCTJES2	clibssct.h
SSCTJES3	clibssct.h
SSCTSFOR	clibssct.h
SSCTUNKN	clibssct.h
SSCTUPSS	clibssct.h
SSCT_EYE	clibssct.h
SSIB	iefjssib.h
SSIBJES2	iefjssib.h
SSIBJES3	iefjssib.h
SSIBPJES	iefjssib.h
SSIBSIZE	iefjssib.h
SSIBUNKN	iefjssib.h
SSOB	iefssobh.h
SSOBCANC	iefsscs.h
SSOBHSIZ	iefssobh.h
SSOBID_EYE	iefssobh.h
SSOBLEN1	iefssso.h
SSOBLEN2	iefsscs.h
SSOBSOUT	iefssso.h
SSOBSTAT	iefsscs.h
SSRTDIST	iefssobh.h
SSRTLERR	iefssobh.h
SSRTNOSS	iefssobh.h
SSRTNSUP	iefssobh.h
SSRTNTUP	iefssobh.h
SSRTOK	iefssobh.h
SSSO	iefssso.h
SSSOCHKP	iefssso.h
SSSOCTRL	iefssso.h
SSSODELC	iefssso.h
SSSODST	iefssso.h
SSSODUPJ	iefssso.h
SSSOEODS	iefssso.h
SSSOHLD	iefssso.h
SSSOHOLD	iefssso.h
SSSOIDST	iefssso.h
SSSOINVA	iefssso.h
SSSOINVJ	iefssso.h
SSSONJOB	iefssso.h
SSSORLSE	iefssso.h
SSSOROUT	iefssso.h
SSSORTOK	iefssso.h
SSSOSCLS	iefssso.h
SSSOSETC	iefssso.h
SSSOSFRM	iefssso.h
SSSOSIZE	iefssso.h
SSSOSJBI	iefssso.h
SSSOSJBN	iefssso.h
SSSOSPGM	iefssso.h
SSSOUNAV	iefssso.h
SSVT	clibssvt.h
SSVTLEN	haspsvt.h
STACKMK	iefvkeys.h
STDINT_H_UINTPTR_T_DEFINED	stdint.h
STRDPFXL	ieftxtft.h
STREPFXL	ieftxtft.h
STRJPFXL	ieftxtft.h
STRP	clibdscb.h
SUBALLOK	iefvkeys.h
SUBSYSK	iefvkeys.h
SVBLANK	haspsvt.h
SVCENTRY	ihascvt.h
SVCLOCK_CMS	ihascvt.h
SVCLOCK_DISP	ihascvt.h
SVCLOCK_LOCAL	ihascvt.h
SVCLOCK_SALLOC	ihascvt.h
SVCLOCK_SRM	ihascvt.h
SVCMAIN_AUTHOFF	clibsvc.h
SVCMAIN_AUTHON	clibsvc.h
SVCMAIN_KEY	clibsvc.h
SVCMAIN_PROB	clibsvc.h
SVCMAIN_SUP	clibsvc.h
SVCREGS	clibsvc.h
SVCTABLE	ihascvt.h
SVCTYPE1	ihascvt.h
SVCTYPE2	ihascvt.h
SVCTYPE3	ihascvt.h
SVCTYPE4	ihascvt.h
SVCTYPE6	ihascvt.h
SVFIXL	haspsvt.h
SVHASP_ABEND	haspsvt.h
SVHASP_PHASP	haspsvt.h
SVHASP_UP	haspsvt.h
SVPCENO	haspsvt.h
SVPOSTW	haspsvt.h
SVRBLEN	iharb.h
SVSTUS_SVSTIDS	haspsvt.h
SVSTUS_SVSTIRV	haspsvt.h
SVSTUS_SVSTRPL	haspsvt.h
SVSTUS_SVSTRS5	haspsvt.h
SVSTUS_SVSTUSP	haspsvt.h
SVSTUS_SVSTUSR	haspsvt.h
SVSTUS_SVSTUST	haspsvt.h
SVSTUS_SVSTXST	haspsvt.h
SYSINCTK	iefvkeys.h
SYSLOCKQNAME	cliblock.h
SYSLOCKRNAME	cliblock.h
SYSLOCKRNAMESZ	cliblock.h
SYSOUTK	iefvkeys.h
TABLNGTH	hasptab.h
TABMAJOR	hasptab.h
TABMASTR	hasptab.h
TABMINOR	hasptab.h
TCB	ikjtcb.h
TCB33E	ikjtcb.h
TCBABD	ikjtcb.h
TCBABE	ikjtcb.h
TCBABGM	ikjtcb.h
TCBABTRM	ikjtcb.h
TCBABWF	ikjtcb.h
TCBACTIV	ikjtcb.h
TCBADINP	ikjtcb.h
TCBADMP	ikjtcb.h
TCBADUMP	ikjtcb.h
TCBANDSP	ikjtcb.h
TCBAPG	ikjtcb.h
TCBAREQ	ikjtcb.h
TCBASYNC	ikjtcb.h
TCBATT	ikjtcb.h
TCBCASID	ikjtcb.h
TCBCLOSD	ikjtcb.h
TCBCLOSE	ikjtcb.h
TCBCLOSF	ikjtcb.h
TCBCNCB	ikjtcb.h
TCBCOMM	ikjtcb.h
TCBCONVR	ikjtcb.h
TCBCPU	ikjtcb.h
TCBCPUBN	ikjtcb.h
TCBCREQ	ikjtcb.h
TCBCSTEP	ikjtcb.h
TCBDAMSG	ikjtcb.h
TCBDARC	ikjtcb.h
TCBDARD	ikjtcb.h
TCBDARET	ikjtcb.h
TCBDARMC	ikjtcb.h
TCBDARMS	ikjtcb.h
TCBDARO	ikjtcb.h
TCBDARP	ikjtcb.h
TCBDARPN	ikjtcb.h
TCBDARS	ikjtcb.h
TCBDARTN	ikjtcb.h
TCBDARWT	ikjtcb.h
TCBDDRND	ikjtcb.h
TCBDMPO	ikjtcb.h
TCBDSPIT	ikjtcb.h
TCBDSS	ikjtcb.h
TCBDSSID	ikjtcb.h
TCBDWSTA	ikjtcb.h
TCBDYDSP	ikjtcb.h
TCBDYNAM	ikjtcb.h
TCBECBNV	ikjtcb.h
TCBEOT	ikjtcb.h
TCBEOTFM	ikjtcb.h
TCBERRTN	ikjtcb.h
TCBETERM	ikjtcb.h
TCBEXSVC	ikjtcb.h
TCBFA	ikjtcb.h
TCBFABOP	ikjtcb.h
TCBFC	ikjtcb.h
TCBFCD1	ikjtcb.h
TCBFDSOP	ikjtcb.h
TCBFDW	ikjtcb.h
TCBFE	ikjtcb.h
TCBFERA	ikjtcb.h
TCBFETXR	ikjtcb.h
TCBFIX	ikjtcb.h
TCBFJMC	ikjtcb.h
TCBFLAG	ikjtcb.h
TCBFMW	ikjtcb.h
TCBFOINP	ikjtcb.h
TCBFPRAP	ikjtcb.h
TCBFS	ikjtcb.h
TCBFSM	ikjtcb.h
TCBFSMC	ikjtcb.h
TCBFSTI	ikjtcb.h
TCBFT	ikjtcb.h
TCBFTS	ikjtcb.h
TCBFX	ikjtcb.h
TCBGPECB	ikjtcb.h
TCBGREC	ikjtcb.h
TCBGRPH	ikjtcb.h
TCBGTOFM	ikjtcb.h
TCBHALT	ikjtcb.h
TCBHNDSP	ikjtcb.h
TCBINDRC	ikjtcb.h
TCBIORMS	ikjtcb.h
TCBIWAIT	ikjtcb.h
TCBJES	ikjtcb.h
TCBJPQF	ikjtcb.h
TCBLEN	ikjtcb.h
TCBLJSND	ikjtcb.h
TCBLLH	ikjtcb.h
TCBLOGID	ikjtcb.h
TCBMASTR	ikjtcb.h
TCBMCCNS	ikjtcb.h
TCBMESG	ikjtcb.h
TCBMIGR	ikjtcb.h
TCBMNLEN	ikjtcb.h
TCBMOD91	ikjtcb.h
TCBMPCND	ikjtcb.h
TCBMPCVQ	ikjtcb.h
TCBNDINT	ikjtcb.h
TCBNDIOS	ikjtcb.h
TCBNDSVC	ikjtcb.h
TCBNDTS	ikjtcb.h
TCBNDUMP	ikjtcb.h
TCBNEWRB	ikjtcb.h
TCBNOCC	ikjtcb.h
TCBNOCHK	ikjtcb.h
TCBNONPR	ikjtcb.h
TCBNOSTA	ikjtcb.h
TCBNTJS	ikjtcb.h
TCBOLTEP	ikjtcb.h
TCBONDSP	ikjtcb.h
TCBOPEN	ikjtcb.h
TCBOWAIT	ikjtcb.h
TCBPAGE	ikjtcb.h
TCBPAGID	ikjtcb.h
TCBPDUMP	ikjtcb.h
TCBPGNLY	ikjtcb.h
TCBPIE17	ikjtcb.h
TCBPIEND	ikjtcb.h
TCBPM	ikjtcb.h
TCBPNDSP	ikjtcb.h
TCBPPSUP	ikjtcb.h
TCBPTAXE	ikjtcb.h
TCBPXLEN	ikjtcb.h
TCBQTIP	ikjtcb.h
TCBQUIES	ikjtcb.h
TCBREC	ikjtcb.h
TCBRQENA	ikjtcb.h
TCBRSPND	ikjtcb.h
TCBRSTND	ikjtcb.h
TCBRSTSK	ikjtcb.h
TCBRSV01	ikjtcb.h
TCBRSV02	ikjtcb.h
TCBRSV06	ikjtcb.h
TCBRSV07	ikjtcb.h
TCBRSV08	ikjtcb.h
TCBRSV17	ikjtcb.h
TCBRSV18	ikjtcb.h
TCBRSV22	ikjtcb.h
TCBRSV25	ikjtcb.h
TCBRSV27	ikjtcb.h
TCBRSV33	ikjtcb.h
TCBRSV34	ikjtcb.h
TCBRTM2	ikjtcb.h
TCBRV	ikjtcb.h
TCBRV113	ikjtcb.h
TCBRV122	ikjtcb.h
TCBRV123	ikjtcb.h
TCBRV300	ikjtcb.h
TCBRV301	ikjtcb.h
TCBRV302	ikjtcb.h
TCBRV303	ikjtcb.h
TCBRV316	ikjtcb.h
TCBRV317	ikjtcb.h
TCBRV318	ikjtcb.h
TCBRV327	ikjtcb.h
TCBS3A	ikjtcb.h
TCBSAVCD	ikjtcb.h
TCBSER	ikjtcb.h
TCBSLPER	ikjtcb.h
TCBSMFGF	ikjtcb.h
TCBSPVLK	ikjtcb.h
TCBSRBND	ikjtcb.h
TCBSSSYN	ikjtcb.h
TCBSTABE	ikjtcb.h
TCBSTACK	ikjtcb.h
TCBSTAFX	ikjtcb.h
TCBSTCUR	ikjtcb.h
TCBSTP	ikjtcb.h
TCBSTPP	ikjtcb.h
TCBSTPPR	ikjtcb.h
TCBSTRET	ikjtcb.h
TCBSVCS	ikjtcb.h
TCBSYERR	ikjtcb.h
TCBSYNCH	ikjtcb.h
TCBSYS	ikjtcb.h
TCBTCAMP	ikjtcb.h
TCBTCBID	ikjtcb.h
TCBTCP	ikjtcb.h
TCBTCPP	ikjtcb.h
TCBTIOTG	ikjtcb.h
TCBTPSP	ikjtcb.h
TCBTQET	ikjtcb.h
TCBTSTSK	ikjtcb.h
TCBTYP1R	ikjtcb.h
TCBTYP1W	ikjtcb.h
TCBUXNDV	ikjtcb.h
TCBVTAM1	ikjtcb.h
TCBVTAM2	ikjtcb.h
TCBVTAM3	ikjtcb.h
TCBVTAM4	ikjtcb.h
TCBWTPSE	ikjtcb.h
TCBX2LEN	ikjtcb.h
TCBXTNT2	ikjtcb.h
TCBZERO	ikjtcb.h
TDEFL_LESS_MEMORY	clibmz.h miniz_tdef.h
TDEFL_PUT_BITS	clibmzi.h
TDEFL_READ_UNALIGNED_WORD	clibmzi.h
TDEFL_READ_UNALIGNED_WORD2	clibmzi.h
TDEFL_READ_UNALIGNED_WORD32	clibmzi.h
TDEFL_RLE_PREV_CODE_SIZE	clibmzi.h
TDEFL_RLE_ZERO_CODE_SIZE	clibmzi.h
TDEVSIZE	clibsmf.h
TERMK	iefvkeys.h
TEXT	clibpdfi.h
THRESHMK	iefvkeys.h
TIME64_H	time64.h
TIMEEEK	iefvkeys.h
TIMEJK	iefvkeys.h
TIMEPEK	iefvkeys.h
TINFL_BITBUF_SIZE	clibmz.h miniz_tinfl.h
TINFL_CR_BEGIN	clibmzi.h
TINFL_CR_FINISH	clibmzi.h
TINFL_CR_RETURN	clibmzi.h
TINFL_CR_RETURN_FOREVER	clibmzi.h
TINFL_DECOMPRESS_MEM_TO_MEM_FAILED	clibmz.h miniz_tinfl.h
TINFL_GET_BITS	clibmzi.h
TINFL_GET_BYTE	clibmzi.h
TINFL_HUFF_BITBUF_FILL	clibmzi.h
TINFL_HUFF_DECODE	clibmzi.h
TINFL_LZ_DICT_SIZE	clibmz.h miniz_tinfl.h
TINFL_MEMCPY	clibmzi.h
TINFL_MEMSET	clibmzi.h
TINFL_NEED_BITS	clibmzi.h
TINFL_SKIP_BITS	clibmzi.h
TINFL_USE_64BIT_BITBUF	clibmz.h miniz_tinfl.h
TIOEDYNM	ieftiot.h
TIOEQNAM	ieftiot.h
TIOESSDS	ieftiot.h
TIOESYIN	ieftiot.h
TIOESYOT	ieftiot.h
TIOSAFFP	ieftiot.h
TIOSAFFS	ieftiot.h
TIOSBALP	ieftiot.h
TIOSBALS	ieftiot.h
TIOSDADS	ieftiot.h
TIOSDEFR	ieftiot.h
TIOSDKCR	ieftiot.h
TIOSDSP1	ieftiot.h
TIOSDSP2	ieftiot.h
TIOSJBLB	ieftiot.h
TIOSLABL	ieftiot.h
TIOSLTYP	ieftiot.h
TIOSMNTD	ieftiot.h
TIOSPLTP	ieftiot.h
TIOSPLTS	ieftiot.h
TIOSPVIO	ieftiot.h
TIOSREQD	ieftiot.h
TIOSSETU	ieftiot.h
TIOSUNLD	ieftiot.h
TIOSUSED	ieftiot.h
TIOSVERF	ieftiot.h
TIOSVLSR	ieftiot.h
TIOSVOLP	ieftiot.h
TIOSVOLS	ieftiot.h
TIOSYOUT	ieftiot.h
TIOT	ieftiot.h
TIOTDD	ieftiot.h
TIOTREM	ieftiot.h
TIOTRV01	ieftiot.h
TIOTTERM	ieftiot.h
TIRBLEN	iharb.h
TMP_MAX	clibio.h
TMR	clibtmr.h
TMRSEC	clibtmr.h
TMR_EYE	clibtmr.h
TMR_FLAG_INIT	clibtmr.h
TMR_FLAG_QUIESCE	clibtmr.h
TMR_FLAG_RUNNING	clibtmr.h
TMR_FLAG_SHUTDOWN	clibtmr.h
TNONDISP	ikjtcb.h
TQE	clibtmr.h
TQEID	clibtmr.h
TQE_EYE	clibtmr.h
TQE_FLAG_DISABLED	clibtmr.h
TQE_FLAG_KEEP	clibtmr.h
TQE_FLAG_RESET	clibtmr.h
TRK	clibdscb.h
TRTCHMK	iefvkeys.h
TXT99	txt99.h
TYPRUNJK	iefvkeys.h
UCBDASD	iecvucb.h
UCBEOL	iecvucb.h
UCBLIST	iecvucb.h
UCBONLI	iecvucb.h
UCBPRES	iecvucb.h
UCBRESV	iecvucb.h
UCBSKIP	iecvucb.h
UCBSTABPRV	iecvucb.h
UCBSTABPUB	iecvucb.h
UCBSTABSTR	iecvucb.h
UCBTYPE2321	iecvucb.h
UCBTYPEDA	iecvucb.h
UCHAR_MAX	limits.h
UCM	ieecucm.h
UCM2DSTR	ieecucm.h
UCM2DTAK	ieecucm.h
UCM2EXT	ieecucm.h
UCM2SDWA	ieecucm.h
UCM2SENT	ieecucm.h
UCM2WTOI	ieecucm.h
UCMAF	ieecucm.h
UCMAMFA	ieecucm.h
UCMAT04	ieecucm.h
UCMAUTH1	ieecucm.h
UCMAUTH2	ieecucm.h
UCMAUTH3	ieecucm.h
UCMBF	ieecucm.h
UCMCF	ieecucm.h
UCMDEVA	ieecucm.h
UCMDEVB	ieecucm.h
UCMDEVCC	ieecucm.h
UCMDEVD	ieecucm.h
UCMDEVE	ieecucm.h
UCMDEVF	ieecucm.h
UCMDEVG	ieecucm.h
UCMDISPA	ieecucm.h
UCMDISPB	ieecucm.h
UCMDISPC	ieecucm.h
UCMDISPD	ieecucm.h
UCMDISPE	ieecucm.h
UCMDISPF	ieecucm.h
UCMDISPG	ieecucm.h
UCMDISPH	ieecucm.h
UCMDISPI	ieecucm.h
UCMDISPJ	ieecucm.h
UCMDISPK	ieecucm.h
UCMEFEXT	ieecucm.h
UCMEFLEN	ieecucm.h
UCMEFLGA	ieecucm.h
UCMEFLGB	ieecucm.h
UCMEFLGC	ieecucm.h
UCMEFLGD	ieecucm.h
UCMEFLGE	ieecucm.h
UCMEFLGF	ieecucm.h
UCMEFLGG	ieecucm.h
UCMEFLGH	ieecucm.h
UCMEIL	ieecucm.h
UCMEMCLS	ieecucm.h
UCMESIZE	ieecucm.h
UCMEXIT	ieecucm.h
UCMFBR03	ieecucm.h
UCMFBR04	ieecucm.h
UCMFBR05	ieecucm.h
UCMFBR06	ieecucm.h
UCMFBR07	ieecucm.h
UCMFEXTA	ieecucm.h
UCMFIX	ieecucm.h
UCMFMSGA	ieecucm.h
UCMFMSGE	ieecucm.h
UCMFMSGN	ieecucm.h
UCMFRB0	ieecucm.h
UCMIF	ieecucm.h
UCMLF	ieecucm.h
UCMLIST	ieecucm.h
UCMMCS	ieecucm.h
UCMMSGA	ieecucm.h
UCMMSGB	ieecucm.h
UCMMSGD	ieecucm.h
UCMMSGF	ieecucm.h
UCMOF	ieecucm.h
UCMOGCE	ieecucm.h
UCMPEXTA	ieecucm.h
UCMPF	ieecucm.h
UCMPRFX	ieecucm.h
UCMRSV01	ieecucm.h
UCMRSV11	ieecucm.h
UCMRSV14	ieecucm.h
UCMRSV16	ieecucm.h
UCMRSV17	ieecucm.h
UCMRSV19	ieecucm.h
UCMRSV20	ieecucm.h
UCMRSV21	ieecucm.h
UCMRSV22	ieecucm.h
UCMRSV23	ieecucm.h
UCMRSV26	ieecucm.h
UCMRSV27	ieecucm.h
UCMRSV30	ieecucm.h
UCMRSV31	ieecucm.h
UCMRSV35	ieecucm.h
UCMRSV66	ieecucm.h
UCMRSV70	ieecucm.h
UCMRSV71	ieecucm.h
UCMRV003	ieecucm.h
UCMRV004	ieecucm.h
UCMRV005	ieecucm.h
UCMRV006	ieecucm.h
UCMRV007	ieecucm.h
UCMSDS1A	ieecucm.h
UCMSDS1B	ieecucm.h
UCMSDS5A	ieecucm.h
UCMSDS5B	ieecucm.h
UCMSDS5C	ieecucm.h
UCMSDS5D	ieecucm.h
UCMSDS5F	ieecucm.h
UCMSDS5G	ieecucm.h
UCMSYSB	ieecucm.h
UCMSYSC	ieecucm.h
UCMSYSD	ieecucm.h
UCMSYSE	ieecucm.h
UCMSYSF	ieecucm.h
UCMSYSG	ieecucm.h
UCMSYSI	ieecucm.h
UCMSYSJ	ieecucm.h
UCMSYSK	ieecucm.h
UCMSYSL	ieecucm.h
UCMSYSM	ieecucm.h
UCMSYSN	ieecucm.h
UCMSYSO	ieecucm.h
UCMSYSP	ieecucm.h
UCMTA	ieecucm.h
UCMTB	ieecucm.h
UCMTC	ieecucm.h
UCMTPUTA	ieecucm.h
UCMUF	ieecucm.h
UCMVHRSN	ieecucm.h
UCMXF	ieecucm.h
UCSK	iefvkeys.h
UINT16_C	stdint.h
UINT16_MAX	limits.h stdint.h
UINT32_C	stdint.h
UINT32_MAX	stdint.h
UINT64_C	stdint.h
UINT64_MAX	stdint.h
UINT8_C	stdint.h
UINT8_MAX	stdint.h
UINTMAX_C	stdint.h
UINTMAX_MAX	stdint.h
UINTPTR_MAX	stdint.h
UINT_FAST16_MAX	stdint.h
UINT_FAST32_MAX	stdint.h
UINT_FAST64_MAX	stdint.h
UINT_FAST8_MAX	stdint.h
UINT_LEAST16_MAX	stdint.h
UINT_LEAST32_MAX	stdint.h
UINT_LEAST64_MAX	stdint.h
UINT_LEAST8_MAX	stdint.h
UINT_MAX	limits.h
ULONG_LONG_MAX	stdint.h
ULONG_MAX	limits.h
UNITK	iefvkeys.h
UPTALD	ikjupt.h
UPTMID	ikjupt.h
UPTMODE	ikjupt.h
UPTNCOM	ikjupt.h
UPTNPRM	ikjupt.h
UPTPAUS	ikjupt.h
UPTRCVR	ikjupt.h
UPTWTP	ikjupt.h
USERK	iefvkeys.h
USHRT_MAX	limits.h
VOLLIST	cliblist.h
VOLLIST_STATUS_ONLI	cliblist.h
VOLLIST_STATUS_PRES	cliblist.h
VOLLIST_STATUS_PRV	cliblist.h
VOLLIST_STATUS_PUB	cliblist.h
VOLLIST_STATUS_RESV	cliblist.h
VOLLIST_STATUS_STG	cliblist.h
VOLLIST_STATUS_X01	cliblist.h
VOLLIST_STATUS_X10	cliblist.h
VOLUMEK	iefvkeys.h
VSACCESS	clibvsam.h
VSBAD	clibdscb.h
VSFILE	clibvsam.h
VSFILE_EYE	clibvsam.h
VSFILE_FLAG_EOF	clibvsam.h
VSFILE_FLAG_ERROR	clibvsam.h
VSFILE_FLAG_OPEN	clibvsam.h
VSFILE_FLAG_STARTGE	clibvsam.h
VSFILE_FLAG_WRITE	clibvsam.h
VSMODE	clibvsam.h
VSREF	clibdscb.h
VSTYPE	clibvsam.h
WCHAR_MAX	stdint.h wchar.h
WCHAR_MIN	stdint.h wchar.h
WEOF	wchar.h
WINT_MAX	stdint.h wchar.h
WINT_MIN	stdint.h wchar.h
WTRC	iefssso.h
XRBACTV	iharb.h
XRBCKPT	iharb.h
XRBFRRB	iharb.h
XRBPSW	iharb.h
XRBREG0	iharb.h
XRBREG1	iharb.h
XRBREG10	iharb.h
XRBREG11	iharb.h
XRBREG12	iharb.h
XRBREG13	iharb.h
XRBREG14	iharb.h
XRBREG15	iharb.h
XRBREG2	iharb.h
XRBREG3	iharb.h
XRBREG4	iharb.h
XRBREG5	iharb.h
XRBREG6	iharb.h
XRBREG7	iharb.h
XRBREG8	iharb.h
XRBREG9	iharb.h
XRBTCBP	iharb.h
XRBWAIT	iharb.h
XSTAB	iharb.h
XSTAB1	iharb.h
XSTAB2	iharb.h
XTLST	ihaxtlst.h
ZLIB_VERNUM	clibmz.h miniz.h
ZLIB_VERSION	clibmz.h miniz.h
ZLIB_VER_MAJOR	clibmz.h miniz.h
ZLIB_VER_MINOR	clibmz.h miniz.h
ZLIB_VER_REVISION	clibmz.h miniz.h
ZLIB_VER_SUBREVISION	clibmz.h miniz.h
Z_BEST_COMPRESSION	clibmz.h miniz.h
Z_BEST_SPEED	clibmz.h miniz.h
Z_BLOCK	clibmz.h miniz.h
Z_BUF_ERROR	clibmz.h miniz.h
Z_DATA_ERROR	clibmz.h miniz.h
Z_DEFAULT_COMPRESSION	clibmz.h miniz.h
Z_DEFAULT_STRATEGY	clibmz.h miniz.h
Z_DEFAULT_WINDOW_BITS	clibmz.h miniz.h
Z_DEFLATED	clibmz.h miniz.h
Z_ERRNO	clibmz.h miniz.h
Z_FILTERED	clibmz.h miniz.h
Z_FINISH	clibmz.h miniz.h
Z_FIXED	clibmz.h miniz.h
Z_FULL_FLUSH	clibmz.h miniz.h
Z_HUFFMAN_ONLY	clibmz.h miniz.h
Z_MEM_ERROR	clibmz.h miniz.h
Z_NEED_DICT	clibmz.h miniz.h
Z_NO_COMPRESSION	clibmz.h miniz.h
Z_NO_FLUSH	clibmz.h miniz.h
Z_NULL	clibmz.h miniz.h
Z_OK	clibmz.h miniz.h
Z_PARAM_ERROR	clibmz.h miniz.h
Z_PARTIAL_FLUSH	clibmz.h miniz.h
Z_RLE	clibmz.h miniz.h
Z_STREAM_END	clibmz.h miniz.h
Z_STREAM_ERROR	clibmz.h miniz.h
Z_SYNC_FLUSH	clibmz.h miniz.h
Z_VERSION_ERROR	clibmz.h miniz.h
_DUMMY	haspjqe.h
_FILE	clibio.h
_FILE_EYE	clibio.h
_FILE_FLAG_APPEND	clibio.h
_FILE_FLAG_BINARY	clibio.h
_FILE_FLAG_BSAM	clibio.h
_FILE_FLAG_DCBOUT	clibio.h
_FILE_FLAG_DYNAMIC	clibio.h
_FILE_FLAG_ENOSPC	clibio.h
_FILE_FLAG_EOF	clibio.h
_FILE_FLAG_ERROR	clibio.h
_FILE_FLAG_EXTEND	clibio.h
_FILE_FLAG_OPEN	clibio.h
_FILE_FLAG_POSEND	clibio.h
_FILE_FLAG_READ	clibio.h
_FILE_FLAG_RECORD	clibio.h
_FILE_FLAG_RLSE	clibio.h
_FILE_FLAG_TERM	clibio.h
_FILE_FLAG_WRITE	clibio.h
_FILE_RECFM_A	clibio.h
_FILE_RECFM_B	clibio.h
_FILE_RECFM_CC	clibio.h
_FILE_RECFM_F	clibio.h
_FILE_RECFM_L	clibio.h
_FILE_RECFM_M	clibio.h
_FILE_RECFM_O	clibio.h
_FILE_RECFM_S	clibio.h
_FILE_RECFM_TYPE	clibio.h
_FILE_RECFM_U	clibio.h
_FILE_RECFM_V	clibio.h
_FILE_XFLAG_DIRTY	clibio.h
_FILE_XFLAG_UPDAT	clibio.h
_FREE	haspjqe.h
_HARDCPY	haspjqe.h
_INPUT	haspjqe.h
_IOFBF	clibio.h
_IOLBF	clibio.h
_IONBF	clibio.h
_JOEBRST	haspjoe.h
_JOEBUSY	haspjoe.h
_JOECHAR	haspjoe.h
_JOECKPT	haspjoe.h
_JOECKV	haspjoe.h
_JOEDMND	haspjoe.h
_JOEFREE	haspjoe.h
_JOEHOLD	haspjoe.h
_JOEPRT	haspjoe.h
_JOEPUN	haspjoe.h
_JOESPIN	haspjoe.h
_JOETCEL	haspjoe.h
_JOEWORK	haspjoe.h
_JQTYPES	hasphct.h
_OUTPUT	haspjqe.h
_PURGE	haspjqe.h
_RECEIVE	haspjqe.h
_SETUP	haspjqe.h
_STDINT_H_INCLUDED	stdint.h
_WCHAR_T_DEFINED	stddef.h stdlib.h wchar.h
_XEQ	haspjqe.h
_XMIT	haspjqe.h
__64_ARRAY_SIZE	clib64.h
__64_DTYPE	clib64.h
__64_DTYPE_MSB	clib64.h
__64_DTYPE_TMP	clib64.h
__64_MAX_VAL	clib64.h
__64_SPRINTF_FORMAT_STR	clib64.h
__64_SSCANF_FORMAT_STR	clib64.h
__64_WORD_SIZE	clib64.h
__64_add	clib64.h
__64_add_i32	clib64.h
__64_add_u32	clib64.h
__64_add_u64	clib64.h
__64_and	clib64.h
__64_and_i32	clib64.h
__64_and_u32	clib64.h
__64_and_u64	clib64.h
__64_assign	clib64.h
__64_cmp	clib64.h
__64_cmp_i32	clib64.h
__64_cmp_u32	clib64.h
__64_cmp_u64	clib64.h
__64_copy	clib64.h
__64_dec	clib64.h
__64_div	clib64.h
__64_div_i32	clib64.h
__64_div_u32	clib64.h
__64_div_u64	clib64.h
__64_divmod	clib64.h
__64_divmod_i32	clib64.h
__64_divmod_u32	clib64.h
__64_divmod_u64	clib64.h
__64_from_i32	clib64.h
__64_from_string	clib64.h
__64_from_u32	clib64.h
__64_from_u64	clib64.h
__64_inc	clib64.h
__64_init	clib64.h
__64_is_zero	clib64.h
__64_isqrt	clib64.h
__64_lshift	clib64.h
__64_lshift_one_bit	clib64.h
__64_lshift_word	clib64.h
__64_mod	clib64.h
__64_mod_i32	clib64.h
__64_mod_u32	clib64.h
__64_mod_u64	clib64.h
__64_mul	clib64.h
__64_mul_i32	clib64.h
__64_mul_u32	clib64.h
__64_mul_u64	clib64.h
__64_or	clib64.h
__64_or_i32	clib64.h
__64_or_u32	clib64.h
__64_or_u64	clib64.h
__64_pow	clib64.h
__64_rshift	clib64.h
__64_rshift_one_bit	clib64.h
__64_rshift_word	clib64.h
__64_sub	clib64.h
__64_sub_i32	clib64.h
__64_sub_u32	clib64.h
__64_sub_u64	clib64.h
__64_to_i32	clib64.h
__64_to_string	clib64.h
__64_to_u32	clib64.h
__64_to_u64	clib64.h
__64_xor	clib64.h
__64_xor_i32	clib64.h
__64_xor_u32	clib64.h
__64_xor_u64	clib64.h
__75	@@75.h __75.h
__75VECT	socket.h
__75acce	socket.h
__75bind	socket.h
__75clos	socket.h
__75conn	socket.h
__75gabn	socket.h
__75ghba	socket.h
__75ghbn	socket.h
__75init	socket.h
__75ioct	socket.h
__75list	socket.h
__75pnam	socket.h
__75recv	socket.h
__75sele	socket.h
__75selx	socket.h
__75send	socket.h
__75snam	socket.h
__75sock	socket.h
__75vect	socket.h
__ASSERT_INCLUDED	assert.h
__CHARJOE	haspjoe.h
__CKPTJOE	haspjoe.h
__CTYPE_INCLUDED	ctype.h
__DDSTR	ieftxtft.h
__ENVVAR	clibenv.h
__EXECSTR	ieftxtft.h
__FLOAT_INCLUDED	float.h
__GNUC_VA_LIST	stdarg.h
__HCT	hasphct.h
__IOT	haspiot.h
__JCT	haspjct.h
__JOBSTR	ieftxtft.h
__JOE	haspjoe.h
__JOT	haspjot.h
__JPAGET	clibjpa.h
__JQE	haspjqe.h
__LIMITS_INCLUDED	limits.h
__LISTAL_OPT_CONCAT	cliblist.h
__LISTAL_OPT_DSCB	cliblist.h
__LISTAL_OPT_DYNM	cliblist.h
__LISTAL_OPT_FLG1	cliblist.h
__LISTAL_OPT_INUSE	cliblist.h
__LISTAL_OPT_NOCAT	cliblist.h
__LISTAL_OPT_NOJES	cliblist.h
__LISTAL_OPT_PERM	cliblist.h
__LOCALE_INCLUDED	locale.h
__MAIN_FP__	stddef.h
__MATH_INCLUDED	math.h
__NATEXIT	stdlib.h
__PDDB	hasppddb.h
__PDPCLIB_API__	stddef.h
__PPAGET	clibppa.h
__PSO	hasppso.h
__SETJMP_INCLUDED	setjmp.h
__SIGNAL_INCLUDED	signal.h
__SIZE_T_DEFINED	clibgrt.h clibstr.h stddef.h stdlib.h time.h wchar.h
__SJB	haspsjb.h
__STDARG_INCLUDED	stdarg.h
__STDDEF_INCLUDED	stddef.h
__STDLIB_INCLUDED	stdlib.h
__TAB	hasptab.h
__TGM	hasptgm.h
__TIME_INCLUDED	time.h
__TXTPRE	ieftxtft.h
__WCHAR_INCLUDED	wchar.h
__WCHAR_T_DEFINED	stddef.h stdlib.h wchar.h
__WINT_T_DEFINED	wchar.h
___try	clibtry.h
___tryrc	clibtry.h
__abrpt	clibtry.h
__abs	stdlib.h
__aclose	mvssupa.h
__adisc	mvssupa.h
__aopen	mvssupa.h
__aread	mvssupa.h
__ascb	clibos.h
__assert	assert.h
__attribute	ikjtcb.h
__austep	clibauth.h
__autask	clibauth.h
__awrite	mvssupa.h
__bldl	clibos.h
__call	clibos.h
__caller	clibio.h
__cas	clibos.h
__charjoe	haspjoe.h
__cibdel	clibcib.h
__cibget	clibcib.h
__cibset	clibcib.h
__ckptjoe	haspjoe.h
__cos__	math.h
__cpclos	clibcp.h
__cpopen	clibcp.h
__cppoin	clibcp.h
__cpread	clibcp.h
__crtget	clibcrt.h
__crtres	clibcrt.h
__crtset	clibcrt.h
__ddbusy	clibio.h
__ddstr	ieftxtft.h
__dec	clibos.h
__delete	clibos.h
__delmem	clibio.h
__deq	clibenq.h
__dsalc	clibio.h
__dsalcf	clibio.h
__dscbav	clibdscb.h
__dscbdv	clibdscb.h
__dscbv	clibdscb.h
__dsfree	clibio.h
__dynal	mvssupa.h
__enq	clibenq.h
__enqdeq	clibenq.h
__envvar	clibenv.h
__errno	errno.h
__estae	clibstae.h
__execstr	ieftxtft.h
__exit	clibcrt.h
__fabandon	clibio.h
__fabs	math.h
__facos	math.h
__fasin	math.h
__fcos	math.h
__fflnl	clibio.h
__fflush	clibio.h
__fgetc	clibio.h
__fgets	clibio.h
__findenv	clibenv.h
__fmtisp	cliblist.h
__fmtloa	cliblist.h
__fpatan	math.h
__fpfree	clibio.h
__fpswt	clibio.h
__fptan	math.h
__fpterm	clibio.h
__fptmp	clibio.h
__fpupc	clibio.h
__fputc	clibio.h
__fputs	clibio.h
__fread	clibio.h
__freeal	cliblist.h
__freeds	cliblist.h
__freem	mvssupa.h
__freepd	cliblist.h
__freevl	cliblist.h
__frtx99	svc99.h
__frtx9a	svc99.h
__fseek	clibio.h
__fsin	math.h
__fsqrt	math.h
__fwrite	clibio.h
__getclk	mvssupa.h
__getcrt	clib.h
__getgrt	clib.h
__getjpa	clib.h
__getm	mvssupa.h
__getmsp	clibos.h
__getpso	hasppso.h
__getsp	clibos.h
__gettz	mvssupa.h
__getwsa	clib.h
__gnuc_va_list	stdarg.h
__grtget	clibgrt.h
__grtres	clibgrt.h
__grtset	clibgrt.h
__gtcom	clibcib.h
__gterr	clibio.h
__gtin	clibio.h
__gtout	clibio.h
__hct	hasphct.h
__idcams	mvssupa.h
__inc	clibos.h
__iot	haspiot.h
__isauth	clibauth.h clibos.h
__issup	clibos.h
__jct	haspjct.h
__jobid	clibssib.h
__jobname	clibtiot.h
__jobstr	ieftxtft.h
__joe	haspjoe.h
__jot	haspjot.h
__jpaget	clibjpa.h
__jqe	haspjqe.h
__jsclos	clibjs.h
__jsopen	clibjs.h
__jsrd4	clibjs.h
__labs	stdlib.h
__link	cliblink.h
__linkds	cliblink.h
__linkt	cliblink.h
__listal	cliblist.h
__listc	cliblist.h
__listds	cliblist.h
__listpd	cliblist.h
__listvl	cliblist.h
__lk	cliblock.h
__lkrn	cliblock.h
__lkrnf	cliblock.h
__lkrnte	cliblock.h
__lkrnuf	cliblock.h
__lkrnun	cliblock.h
__lkrtef	cliblock.h
__lktest	cliblock.h
__lktry	cliblock.h
__lkunlk	cliblock.h
__lkuntf	cliblock.h
__lkuntr	cliblock.h
__load	clibos.h
__loadhi	clibos.h
__locate	clibdscb.h
__nwtx99	svc99.h
__nwtx9a	svc99.h
__nwtx9s	svc99.h
__patmat	clibstr.h
__pddb	hasppddb.h
__ppaget	clibppa.h
__ppahrv	clibppa.h
__prob	clibos.h
__pso	hasppso.h
__pswkey	clibos.h
__rdjfcb	osjfcb.h
__renmem	clibio.h
__reopen	clibio.h
__rescrt	clib.h
__resgrt	clib.h
__setcrt	clib.h
__setgrt	clib.h
__setj	setjmp.h
__setsp	clibos.h
__sigdfl	signal.h
__sigerr	signal.h
__sighdl	signal.h
__sigign	signal.h
__sin__	math.h
__sjb	haspsjb.h
__smca	clibsmf.h
__smfid	clibsmf.h
__soadd	clibsock.h
__sodel	clibsock.h
__sofind	clibsock.h
__sopnam	clibsock.h
__sosnam	clibsock.h
__soupd	clibsock.h
__ssib	clibssib.h
__steplb	clibos.h
__stow	clibos.h
__sudo	clibos.h
__sukydo	clibos.h
__super	clibos.h
__svc	clibsvc.h
__svc99	mvssupa.h
__swap	clibos.h
__system	mvssupa.h
__tab	hasptab.h
__textlc	mvssupa.h
__tgm	hasptgm.h
__tiot	clibtiot.h
__try	clibtry.h
__tryrc	clibtry.h
__txacat	svc99.h
__txadel	svc99.h
__txakee	svc99.h
__txauca	svc99.h
__txbfal	svc99.h
__txbfte	svc99.h
__txbksz	svc99.h
__txblk	svc99.h
__txbufl	svc99.h
__txbufn	svc99.h
__txbufo	svc99.h
__txcat	svc99.h
__txclos	svc99.h
__txcopy	svc99.h
__txcyl	svc99.h
__txdcbd	svc99.h
__txddn	svc99.h
__txdel	svc99.h
__txden	svc99.h
__txdest	svc99.h
__txdir	svc99.h
__txdmy	svc99.h
__txdsn	svc99.h
__txerop	svc99.h
__txexpd	svc99.h
__txfcb	svc99.h
__txform	svc99.h
__txhold	svc99.h
__txinpu	svc99.h
__txkeep	svc99.h
__txkeyl	svc99.h
__txlabe	svc99.h
__txlmct	svc99.h
__txlrec	svc99.h
__txmod	svc99.h
__txncp	svc99.h
__txnew	svc99.h
__txold	svc99.h
__txorg	svc99.h
__txoutp	svc99.h
__txpara	svc99.h
__txperm	svc99.h
__txpgm	svc99.h
__txpriv	svc99.h
__txprot	svc99.h
__txrddn	svc99.h
__txrecf	svc99.h
__txretp	svc99.h
__txrlse	svc99.h
__txrnd	svc99.h
__txseq	svc99.h
__txshr	svc99.h
__txspac	svc99.h
__txsyso	svc99.h
__txterm	svc99.h
__txtpre	ieftxtft.h
__txtrk	svc99.h
__txtrtc	svc99.h
__txucat	svc99.h
__txucs	svc99.h
__txunal	svc99.h
__txunct	svc99.h
__txunit	svc99.h
__txvlct	svc99.h
__txvols	svc99.h
__txvseq	svc99.h
__tzget	time.h
__tzset	time.h
__uastep	clibauth.h
__uatask	clibauth.h
__udec	clibos.h
__uinc	clibos.h
__va_copy	stdarg.h
__vscinv	clibvsam.h
__vsclos	clibvsam.h
__vsclr	clibvsam.h
__vsdel	clibvsam.h
__vseof	clibvsam.h
__vserr	clibvsam.h
__vslrec	clibvsam.h
__vsmdfy	clibvsam.h
__vsopen	clibvsam.h
__vsread	clibvsam.h
__vsshwc	clibvsam.h
__vssteq	clibvsam.h
__vsstge	clibvsam.h
__vstell	clibvsam.h
__vsupdt	clibvsam.h
__vswrit	clibvsam.h
__wsaget	clibwsa.h
__xmpost	clibos.h
_atoi	clibprti.h
_file	clibio.h
_ftoa	clibprti.h
_is_digit	clibprti.h
_ntoa_format	clibprti.h
_ntoa_long	clibprti.h
_ntoa_long_long	clibprti.h
_out_buffer	clibprti.h
_out_char	clibprti.h
_out_fct	clibprti.h
_out_null	clibprti.h
_strlen	clibprti.h
_vsnprintf	clibprti.h
abendrpt	clibtry.h
abort	stdlib.h
abs	stdlib.h
acb	clibvsam.h
accept	socket.h
acee	acee.h
acos	math.h
adler32	clibmz.h miniz.h
alclist	cliblist.h
alloc_func	clibmz.h miniz.h
array	clibary.h
array_add	clibary.h
array_addf	clibary.h
array_adf	clibary.h
array_cou	clibary.h
array_count	clibary.h
array_del	clibary.h
array_each	clibary.h
array_fre	clibary.h
array_free	clibary.h
array_get	clibary.h
array_new	clibary.h
array_siz	clibary.h
array_size	clibary.h
arrayadd	clibary.h
arrayaddf	clibary.h
arraycou	clibary.h
arraycount	clibary.h
arraydel	clibary.h
arrayeach	clibary.h
arrayfree	clibary.h
arrayget	clibary.h
arraynew	clibary.h
arraysize	clibary.h
asctime	time.h
asctime64	time64.h
asctime64_r	time64.h
asin	math.h
assert	assert.h
asvt	ihaasvt.h
atan	math.h
atan2	math.h
atexit	stdlib.h
atof	stdlib.h
atoi	stdlib.h
atol	stdlib.h
base64_decode	clibb64.h
base64_encode	clibb64.h
bcopy	stdlib.h
bind	socket.h
bitlen	sha256.h
bkmk	clibpdfi.h
bldl	clibos.h
blowfish_decrypt	blowfish.h
blowfish_encrypt	blowfish.h
blowfish_key_setup	blowfish.h
bool	clibprti.h
bsearch	stdlib.h
calloc	stdlib.h
cbuflen	ikjcppl.h
ccw	clibccw.h
ccw0	clibccw.h
ccw1	clibccw.h
cde	cde.h
ceil	math.h
charf	clibmz.h miniz.h
checkpoint_close	clibcp.h
checkpoint_open	clibcp.h
checkpoint_point	clibcp.h
checkpoint_read	clibcp.h
cib	clibcib.h
clearerr	clibio.h
clib_apf_setup	clibos.h
clib_auth_cde	clibos.h
clib_auth_name	clibos.h
clib_find_cde	clibos.h
clib_identify_cthread	clibos.h
clibcrt	clibcrt.h
clibgrt	clibgrt.h
clibjpa	clibjpa.h
clibmtt	clibmtt.h
clibmutx	clibmutx.h
clibppa	clibppa.h
clibsock	clibsock.h
clibwsa	clibwsa.h
clientid	socket.h
clock	time.h
clock64	time64.h
clock64_t	time64.h
clock_t	time.h
closesocket	socket.h
cmtt_free	clibmtt.h
cmtt_get_array	clibmtt.h
cmtt_new	clibmtt.h
com	clibcib.h
compress	clibmz.h miniz.h
compress2	clibmz.h miniz.h
compressBound	clibmz.h miniz.h
connect	socket.h
conngrp	acee.h
cos	math.h
cosh	math.h
cpplcbuf	ikjcppl.h
crc32	clibmz.h miniz.h
cthdmgr	clibthdi.h
cthdpop	clibthrd.h
cthdque	clibthdi.h
cthdtask	clibthrd.h
cthdwork	clibthdi.h
cthread_create	clibthrd.h
cthread_create_ex	clibthrd.h
cthread_delete	clibthrd.h
cthread_detach	clibthrd.h
cthread_exit	clibthrd.h
cthread_find	clibthrd.h
cthread_get_tcb	clibthrd.h
cthread_lock	clibthrd.h
cthread_manager_init	clibthdi.h
cthread_manager_term	clibthdi.h
cthread_pop	clibthrd.h
cthread_post	clibthrd.h
cthread_push	clibthrd.h
cthread_queue_add	clibthdi.h
cthread_queue_del	clibthdi.h
cthread_self	clibthrd.h
cthread_timed_wait	clibthrd.h
cthread_unlock	clibthrd.h
cthread_wait	clibthrd.h
cthread_worker_add	clibthdi.h
cthread_worker_del	clibthdi.h
cthread_worker_shutdown	clibthdi.h
cthread_worker_wait	clibthdi.h
cthread_yield	clibthrd.h
ctime	time.h
ctime64	time64.h
ctime64_r	time64.h
cvt	cvt.h
cvtfix	cvt.h
cvtxtnt1	cvt.h
cvtxtnt2	cvt.h
dcb	osdcb.h
dcbdvtbl	osdcb.h
de12	clibos.h
de14	clibos.h
de76	clibos.h
deb	osdeb.h
debacsmd	osdeb.h
debasc09	osdeb.h
debavt	osdeb.h
debbasic	osdeb.h
debdasd	osdeb.h
debdds1	osdeb.h
debdsid	osdeb.h
debdssql	osdeb.h
debeamfg	osdeb.h
debexdte	osdeb.h
debisam	osdeb.h
debnmsub	osdeb.h
debprfx	osdeb.h
debsubnm	osdeb.h
debtcamq	osdeb.h
debutsaa	osdeb.h
debutsab	osdeb.h
debvolac	osdeb.h
debvsequ	osdeb.h
debwtpti	osdeb.h
debxtn	osdeb.h
decb	osdecb.h
deflate	clibmz.h miniz.h
deflateBound	clibmz.h miniz.h
deflateEnd	clibmz.h miniz.h
deflateInit	clibmz.h miniz.h
deflateInit2	clibmz.h miniz.h
deflateReset	clibmz.h miniz.h
devtype	trkcalc.h
difftime	time.h
difftime64	time64.h
div	stdlib.h
dsab	ihadsab.h
dsabanmi	ihadsab.h
dsabgidl	ihadsab.h
dscb	clibdscb.h
dscb1	clibdscb.h
dscb3	clibdscb.h
dscb4	clibdscb.h
dslist	cliblist.h
dstr	clibpdfi.h
dstr_append	clibpdfi.h
dstr_append_data	clibpdfi.h
dstr_data	clibpdfi.h
dstr_ensure	clibpdfi.h
dstr_free	clibpdfi.h
dstr_len	clibpdfi.h
dstr_printf	clibpdfi.h
dvarea	ihadva.h
dvarps	ihadva.h
dvatab	ihadva.h
ecb_post	clibecb.h
ecb_timed_wait	clibecb.h
ecb_timed_waitarray	clibecb.h
ecb_timed_waitlist	clibecb.h
ecb_wait	clibecb.h
ecb_waitarray	clibecb.h
ecb_waitlist	clibecb.h
emfile	emfilei.h
emfile10	emfilei.h
emfile_allocate_mod	emfilei.h
emfile_allocate_new	emfilei.h
emfile_allocate_old	emfilei.h
emfile_allocate_shr	emfilei.h
emfile_calc_size	emfilei.h
emfile_close	emfile.h
emfile_create	emfile.h
emfile_create_header	emfilei.h
emfile_dump	emfile.h
emfile_flush	emfile.h
emfile_full_init	emfilei.h
emfile_get_error	emfile.h
emfile_get_wsa	emfilei.h
emfile_getc	emfile.h
emfile_getpos	emfile.h
emfile_gets	emfile.h
emfile_grow	emfilei.h
emfile_init	emfilei.h
emfile_offset_block_pos	emfilei.h
emfile_open	emfile.h
emfile_printf	emfile.h
emfile_putc	emfile.h
emfile_puts	emfile.h
emfile_read	emfile.h
emfile_read_block	emfilei.h
emfile_read_bytes	emfilei.h
emfile_read_header	emfilei.h
emfile_seek	emfile.h
emfile_set_config	emfile.h
emfile_set_ddn	emfilei.h
emfile_set_dsn	emfilei.h
emfile_set_volser	emfilei.h
emfile_setpos	emfile.h
emfile_setup	emfilei.h
emfile_space	emfile.h
emfile_sync	emfile.h
emfile_tell	emfile.h
emfile_tell64	emfile.h
emfile_truncate	emfile.h
emfile_unallocate	emfilei.h
emfile_validate	emfilei.h
emfile_vprintf	emfile.h
emfile_write	emfile.h
emfile_write_block	emfilei.h
emfile_write_bytes	emfilei.h
emfile_write_header	emfilei.h
emfilewsa	emfilei.h
enqpl	enqpl.h
errno	errno.h
estae	clibstae.h
exit	stdlib.h
exitlist	osdcb.h
exp	math.h
extent	clibdscb.h
eyecheck1	@@memmgr.h
fabs	math.h
false	clibprti.h
fclose	clibio.h
fctprintf_	clibprtf.h
fd_mask	socket.h
fd_set	socket.h
feof	clibio.h
ferror	clibio.h
fflush	clibio.h
fgetc	clibio.h
fgetpos	clibio.h
fgets	clibio.h
find_font_widths	clibpdfi.h
floor	math.h
fmod	math.h
font	clibpdfi.h
fopen	clibio.h
fpos_t	clibio.h
fprintf	clibio.h
fputc	clibio.h
fputs	clibio.h
fread	clibio.h
free	stdlib.h
free_func	clibmz.h miniz.h
freemain	clibos.h
freopen	clibio.h
frexp	math.h
fscanf	clibio.h
fseek	clibio.h
fsetpos	clibio.h
ftell	clibio.h
fwrite	clibio.h
get_dsab	clibdsab.h
get_tiot	ieftiot.h
getaddrbyname	socket.h
getc	clibio.h
getchar	clibio.h
getenv	clibenv.h stdlib.h
getenvi	clibenv.h
gethostbyaddr	socket.h
gethostbyname	socket.h
getmain	clibos.h
getpeername	socket.h
gets	clibio.h
getsockname	socket.h
gmtime	time.h
gmtime64	time64.h
gmtime64_r	time64.h
gmtime_r	time.h
haspcmb	haspcmb.h
haspcp	clibcp.h
haspjs	clibjs.h
haspsvt	haspsvt.h
hostent	socket.h
howmany	socket.h
htonl	socket.h
htons	socket.h
idcams	mvssupa.h
ieebasea	ieebasea.h
ieecdcm	ieecdcm.h
iefssreq	iefssobh.h
iezjscb	iezjscb.h
ikjcppl	ikjcppl.h
ikject	ikject.h
ikjpscb	ikjpscb.h
ikjupt	ikjupt.h
in_addr	socket.h
in_addr_t	socket.h
inet_aton	socket.h
inflate	clibmz.h miniz.h
inflateEnd	clibmz.h miniz.h
inflateInit	clibmz.h miniz.h
inflateInit2	clibmz.h miniz.h
initssob	clibjes2.h
inline_srb_freemain	clibsrb.h
inline_srb_getmain	clibsrb.h
int16_t	stdint.h
int32_t	stdint.h
int64_t	stdint.h
int8_t	stdint.h
int_fast16_t	stdint.h
int_fast32_t	stdint.h
int_fast64_t	stdint.h
int_fast8_t	stdint.h
int_least16_t	stdint.h
int_least32_t	stdint.h
int_least64_t	stdint.h
int_least8_t	stdint.h
internal_state	clibmz.h miniz.h
intf	clibmz.h miniz.h
intmax_t	stdint.h
intptr_t	stdint.h
iob	osiob.h
iobcmda	osiob.h
iobcstat	osiob.h
iobprfx	osiob.h
iobustat	osiob.h
ioctlsocket	socket.h
ipc	ipci.h
ipc_connect_addr_port	ipc.h
ipc_connect_host_port	ipc.h
ipc_free	ipc.h
ipc_free_channel	ipc.h
ipc_free_message	ipc.h
ipc_free_msg	ipc.h
ipc_get_addr_port	ipc.h
ipc_get_host_port	ipc.h
ipc_get_id	ipc.h
ipc_get_name	ipc.h
ipc_get_sock	ipc.h
ipc_new	ipc.h
ipc_new_msg	ipc.h
ipc_recv	ipc.h
ipc_send	ipc.h
ipc_send_recv	ipc.h
ipc_start	ipc.h
ipcc	ipci.h
ipch	ipci.h
ipcm	ipci.h
isalnum	ctype.h
isalpha	ctype.h
iscntrl	ctype.h
isdigit	ctype.h
isgraph	ctype.h
islower	ctype.h
isp_select	clibispf.h
ispexec	clibispf.h
ispf_available	clibispf.h
ispfdata	cliblist.h
ispfstat	cliblist.h
isplink	clibispf.h
ispqry	clibispf.h
isprint	ctype.h
ispunct	ctype.h
isspace	ctype.h
isupper	ctype.h
isxdigit	ctype.h
jes	clibjes2.h
jescanj	clibjes2.h
jesclose	clibjes2.h
jesct	iefjesct.h
jesdd	clibjes2.h
jesdelj	clibjes2.h
jesfilt	clibjes2.h
jesircl2	clibjes2.h
jesircls	clibjes2.h
jesiropn	clibjes2.h
jesirput	clibjes2.h
jesjob	clibjes2.h
jesjobf1	clibjes2.h
jesjobfr	clibjes2.h
jesopen	clibjes2.h
jesprint	clibjes2.h
jesprst	clibjes2.h
jesreque	clibjes2.h
jesxdone	clibjes2.h
jesxwrtr	clibjes2.h
jfcb	osjfcb.h
jfcbaxbf	osjfcb.h
jfcbfaln	osjfcb.h
jfcbflg1	osjfcb.h
jfcbflg2	osjfcb.h
jfcbflg3	osjfcb.h
jfcbflsq	osjfcb.h
jfcbfseq	osjfcb.h
jfcbftek	osjfcb.h
jfcbhiar	osjfcb.h
jfcbops1	osjfcb.h
jfcbops2	osjfcb.h
jfcbufmx	osjfcb.h
jfcbufof	osjfcb.h
jfcbufsi	osjfcb.h
jfccpri	osjfcb.h
jfccylof	osjfcb.h
jfcdbufn	osjfcb.h
jfcfunc	osjfcb.h
jfclimct	osjfcb.h
jfcmsvgp	osjfcb.h
jfcntm	osjfcb.h
jfcpci	osjfcb.h
jfcprtsp	osjfcb.h
jfcresrv	osjfcb.h
jfcrkp	osjfcb.h
jfcrqid	osjfcb.h
jfcrunit	osjfcb.h
jfcsowa	osjfcb.h
jfcthrsh	osjfcb.h
jfctrkbl	osjfcb.h
jfcucsid	osjfcb.h
jfcucsop	osjfcb.h
labs	stdlib.h
lconv	locale.h
ldexp	math.h
ldiv	stdlib.h
libc370_version	clibver.h
linger	socket.h
listen	socket.h
loaddata	cliblist.h
loadenv	clibenv.h
loads01	cliblist.h
loads02	cliblist.h
loads03	cliblist.h
loads04	cliblist.h
loadstat	cliblist.h
localeconv	locale.h
localtime	time.h
localtime64	time64.h
localtime64_r	time64.h
localtime_r	time.h
lock	cliblock.h
lock_res	cliblock.h
lock_resf	cliblock.h
locwork	clibdscb.h
log	math.h
log10	math.h
longjmp	setjmp.h
lpde	ihalpde.h
m_archive_size	miniz_zip.h
m_capacity	clibmzi.h
m_decomp	clibmzi.h
m_dummy	clibmz.h miniz_common.h
m_file_index	miniz_zip.h
m_pPut_buf_func	clibmz.h miniz_tdef.h
m_sym_index	clibmzi.h
malloc	stdlib.h
mblen	stdlib.h
mbstowcs	stdlib.h
mbtowc	stdlib.h
mclock64	time64.h
mclock64_t	time64.h
mctime64	time64.h
memchr	clibstr.h
memclr	clibstr.h
memcmp	clibstr.h
memcpy	clibstr.h
memcpyp	clibstr.h
memmgrAllocate	@@memmgr.h
memmgrDebug	@@memmgr.h
memmgrDebug2	@@memmgr.h
memmgrDefaults	@@memmgr.h
memmgrFree	@@memmgr.h
memmgrFreeId	@@memmgr.h
memmgrInit	@@memmgr.h
memmgrIntegrity	@@memmgr.h
memmgrMaxSize	@@memmgr.h
memmgrRealloc	@@memmgr.h
memmgrSupply	@@memmgr.h
memmgrTerm	@@memmgr.h
memmgrTotSize	@@memmgr.h
memmgrn	@@memmgr.h
memmove	clibstr.h
memset	clibstr.h
mgmtime64	time64.h
miniz_def_alloc_func	clibmz.h miniz_common.h
miniz_def_free_func	clibmz.h miniz_common.h
miniz_def_realloc_func	clibmz.h miniz_common.h
mktime	time.h
mktime64	time64.h
mlocaltime64	time64.h
mmapdump	modmap.h
mmapflr	modmap.h
mmapfree	modmap.h
mmapfrld	modmap.h
mmapfrlr	modmap.h
mmapfrrl	modmap.h
mmapfrsd	modmap.h
mmapfsd	modmap.h
mmapnew	modmap.h
mmapopen	modmap.h
mmapproc	modmap.h
mmaprset	modmap.h
mmaprsld	modmap.h
mmapsort	modmap.h
mmcesdr	modmap.h
mmctl	modmap.h
mmctld	modmap.h
mmesd	modmap.h
mmidr	modmap.h
mmld	modmap.h
mmlr	modmap.h
mmod	modmap.h
mmrl	modmap.h
mmrld	modmap.h
mmrldf	modmap.h
mmrldr	modmap.h
mmsd	modmap.h
modf	math.h
modmap	modmap.h
modmap_base	modmap.h
modmap_dump	modmap.h
modmap_find_lr	modmap.h
modmap_find_sd	modmap.h
modmap_free	modmap.h
modmap_free_ld	modmap.h
modmap_free_lr	modmap.h
modmap_free_rl	modmap.h
modmap_free_sd	modmap.h
modmap_new	modmap.h
modmap_open	modmap.h
modmap_process	modmap.h
modmap_reset	modmap.h
modmap_reset_ld	modmap.h
modmap_sort	modmap.h
modmap_zap	modmap.h
mtentry	ieezb806.h
mtime64	time64.h
mtime64_t	time64.h
mttable	ieezb806.h
mtxavail	clibmutx.h
mtxclup	clibmutx.h
mtxfree	clibmutx.h
mtxheld	clibmutx.h
mtxinit	clibmutx.h
mtxlock	clibmutx.h
mtxnew	clibmutx.h
mtxnheld	clibmutx.h
mtxtry	clibmutx.h
mtxunlk	clibmutx.h
mz_adler32	clibmz.h miniz.h
mz_bitmasks	clibmzi.h
mz_bool	clibmz.h clibmzi.h miniz_common.h miniz_tdef.h miniz_zip.h
mz_compress	clibmz.h miniz.h
mz_compress2	clibmz.h miniz.h
mz_compressBound	clibmz.h miniz.h
mz_crc32	clibmz.h miniz.h
mz_deflate	clibmz.h miniz.h
mz_deflateBound	clibmz.h miniz.h
mz_deflateEnd	clibmz.h miniz.h
mz_deflateInit	clibmz.h miniz.h
mz_deflateInit2	clibmz.h miniz.h
mz_deflateReset	clibmz.h miniz.h
mz_dummy_time_t_tag	clibmz.h miniz_common.h
mz_error	clibmz.h miniz.h
mz_free	clibmz.h miniz.h
mz_inflate	clibmz.h miniz.h
mz_inflateEnd	clibmz.h miniz.h
mz_inflateInit	clibmz.h miniz.h
mz_inflateInit2	clibmz.h miniz.h
mz_int16	clibmz.h miniz_common.h
mz_int64	clibmz.h miniz_common.h
mz_private	clibmzi.h
mz_stream_s	clibmz.h miniz.h
mz_streamp	clibmz.h miniz.h
mz_uint	clibmz.h miniz_common.h
mz_uint16	clibmz.h miniz_common.h
mz_uint32	clibmz.h miniz_common.h
mz_uint64	clibmz.h miniz_common.h
mz_uint8	clibmz.h miniz_common.h
mz_ulong	clibmz.h miniz.h
mz_uncompress	clibmz.h miniz.h
mz_version	clibmz.h miniz.h
mz_zip_add_mem_to_archive_file_in_place	miniz_zip.h
mz_zip_add_mem_to_archive_file_in_place_v2	miniz_zip.h
mz_zip_clear_last_error	miniz_zip.h
mz_zip_end	miniz_zip.h
mz_zip_error	miniz_zip.h
mz_zip_extract_archive_file_to_heap	miniz_zip.h
mz_zip_extract_archive_file_to_heap_v2	miniz_zip.h
mz_zip_flags	miniz_zip.h
mz_zip_get_archive_file_start_offset	miniz_zip.h
mz_zip_get_archive_size	miniz_zip.h
mz_zip_get_central_dir_size	miniz_zip.h
mz_zip_get_cfile	miniz_zip.h
mz_zip_get_error_string	miniz_zip.h
mz_zip_get_last_error	miniz_zip.h
mz_zip_get_mode	miniz_zip.h
mz_zip_get_type	miniz_zip.h
mz_zip_internal_state	miniz_zip.h
mz_zip_is_zip64	miniz_zip.h
mz_zip_mode	miniz_zip.h
mz_zip_peek_last_error	miniz_zip.h
mz_zip_read_archive_data	miniz_zip.h
mz_zip_reader_end	miniz_zip.h
mz_zip_reader_extract_file_iter_new	miniz_zip.h
mz_zip_reader_extract_file_to_callback	miniz_zip.h
mz_zip_reader_extract_file_to_cfile	miniz_zip.h
mz_zip_reader_extract_file_to_file	miniz_zip.h
mz_zip_reader_extract_file_to_heap	miniz_zip.h
mz_zip_reader_extract_file_to_mem	miniz_zip.h
mz_zip_reader_extract_file_to_mem_no_alloc	miniz_zip.h
mz_zip_reader_extract_iter_free	miniz_zip.h
mz_zip_reader_extract_iter_new	miniz_zip.h
mz_zip_reader_extract_iter_read	miniz_zip.h
mz_zip_reader_extract_to_callback	miniz_zip.h
mz_zip_reader_extract_to_cfile	miniz_zip.h
mz_zip_reader_extract_to_file	miniz_zip.h
mz_zip_reader_extract_to_heap	miniz_zip.h
mz_zip_reader_extract_to_mem	miniz_zip.h
mz_zip_reader_extract_to_mem_no_alloc	miniz_zip.h
mz_zip_reader_file_stat	miniz_zip.h
mz_zip_reader_get_filename	miniz_zip.h
mz_zip_reader_get_num_files	miniz_zip.h
mz_zip_reader_init	miniz_zip.h
mz_zip_reader_init_cfile	miniz_zip.h
mz_zip_reader_init_file	miniz_zip.h
mz_zip_reader_init_file_v2	miniz_zip.h
mz_zip_reader_init_mem	miniz_zip.h
mz_zip_reader_is_file_a_directory	miniz_zip.h
mz_zip_reader_is_file_encrypted	miniz_zip.h
mz_zip_reader_is_file_supported	miniz_zip.h
mz_zip_reader_locate_file	miniz_zip.h
mz_zip_reader_locate_file_v2	miniz_zip.h
mz_zip_set_last_error	miniz_zip.h
mz_zip_type	miniz_zip.h
mz_zip_validate_archive	miniz_zip.h
mz_zip_validate_file	miniz_zip.h
mz_zip_validate_file_archive	miniz_zip.h
mz_zip_validate_mem_archive	miniz_zip.h
mz_zip_writer_add_cfile	miniz_zip.h
mz_zip_writer_add_file	miniz_zip.h
mz_zip_writer_add_from_zip_reader	miniz_zip.h
mz_zip_writer_add_mem	miniz_zip.h
mz_zip_writer_add_mem_ex	miniz_zip.h
mz_zip_writer_add_mem_ex_v2	miniz_zip.h
mz_zip_writer_add_read_buf_callback	miniz_zip.h
mz_zip_writer_end	miniz_zip.h
mz_zip_writer_finalize_archive	miniz_zip.h
mz_zip_writer_finalize_heap_archive	miniz_zip.h
mz_zip_writer_init	miniz_zip.h
mz_zip_writer_init_cfile	miniz_zip.h
mz_zip_writer_init_file	miniz_zip.h
mz_zip_writer_init_file_v2	miniz_zip.h
mz_zip_writer_init_from_reader	miniz_zip.h
mz_zip_writer_init_from_reader_v2	miniz_zip.h
mz_zip_writer_init_heap	miniz_zip.h
mz_zip_writer_init_heap_v2	miniz_zip.h
mz_zip_writer_init_v2	miniz_zip.h
mz_zip_zero_struct	miniz_zip.h
next_dsab	clibdsab.h
next_in	clibmz.h miniz.h
ntohl	socket.h
ntohs	socket.h
offsetof	stddef.h
osbclose	osio.h
osbdcb	osio.h
osbopen	osio.h
osbread	osio.h
osbwrite	osio.h
oscheck	osio.h
osdclose	osio.h
osddcb	osio.h
osdopen	osio.h
osdread	osio.h
osdwrite	osio.h
osread	osio.h
oswrite	osio.h
osxcalc	osio.h
osxclose	osio.h
osxdcb	osio.h
osxopen	osio.h
osxread	osio.h
osxwrite	osio.h
pZip	miniz_zip.h
page	clibpdfi.h
pdf_add_barcode	clibpdf.h
pdf_add_bookmark	clibpdf.h
pdf_add_circle	clibpdf.h
pdf_add_ellipse	clibpdf.h
pdf_add_filled_polygon	clibpdf.h
pdf_add_filled_rectangle	clibpdf.h
pdf_add_image	clibpdfi.h
pdf_add_jpeg	clibpdf.h
pdf_add_line	clibpdf.h
pdf_add_object	clibpdfi.h
pdf_add_polygon	clibpdf.h
pdf_add_ppm	clibpdf.h
pdf_add_raw_rgb24	clibpdfi.h
pdf_add_rectangle	clibpdf.h
pdf_add_stream	clibpdfi.h
pdf_add_text	clibpdf.h
pdf_add_text_spacing	clibpdfi.h
pdf_add_text_wrap	clibpdf.h
pdf_append_object	clibpdfi.h
pdf_append_page	clibpdf.h
pdf_clear_err	clibpdf.h
pdf_create	clibpdf.h
pdf_destroy	clibpdf.h
pdf_doc	clibpdfi.h
pdf_find_first_object	clibpdfi.h
pdf_find_last_object	clibpdfi.h
pdf_fprintf	clibpdfi.h
pdf_get_err	clibpdf.h
pdf_get_font_text_width	clibpdf.h
pdf_get_object	clibpdfi.h
pdf_height	clibpdf.h
pdf_info	clibpdf.h
pdf_object	clibpdfi.h
pdf_object_destroy	clibpdfi.h
pdf_page_set_size	clibpdf.h
pdf_private	clibpdfi.h
pdf_put_text	clibpdf.h
pdf_put_text_first	clibpdfi.h
pdf_put_text_spacing	clibpdfi.h
pdf_save	clibpdf.h
pdf_save_file	clibpdf.h
pdf_secs	clibpdfi.h
pdf_set_compression	clibpdf.h
pdf_set_debug	clibpdf.h
pdf_set_err	clibpdfi.h
pdf_set_font	clibpdf.h
pdf_stck	clibpdfi.h
pdf_text_pixel_width	clibpdfi.h
pdf_width	clibpdf.h
pdfatoe	clibpdfi.h
pdfetoa	clibpdfi.h
pdslist	cliblist.h
perror	clibio.h
pl75	@@75.h __75.h
poolstar	ieftiot.h
pow	math.h
printf	clibio.h
printf_	clibprtf.h
printf_private	clibprti.h
ptrdiff_t	stddef.h
putc	clibio.h
putchar	clibio.h
putenv	clibenv.h
puts	clibio.h
qsort	stdlib.h
quot	stdlib.h
r0	@@75.h __75.h
racauth	racf.h
racf_auth	racf.h
racf_get_acee	racf.h
racf_login	racf.h
racf_logout	racf.h
racf_set_acee	racf.h
racgacee	racf.h
racheck	racheck.h
racinit	racinit.h
raclass	racheck.h
raclgout	racf.h
raclogin	racf.h
racsacee	racf.h
raentity	racheck.h
raise	signal.h
rand	stdlib.h
rb99	rb99.h
rbbasic	iharb.h
rbprfx	iharb.h
rbx99	rb99.h
rclose	rfile.h
rdjfcb	osjfcb.h
realloc	stdlib.h
reclen	clibsmf.h
recv	socket.h
remove	clibio.h
rename	clibio.h
res	clibres.h
res_request_authoff	clibres.h
res_request_authon	clibres.h
res_request_freemain	clibres.h
res_request_freestack	clibres.h
res_request_getmain	clibres.h
res_request_getstack	clibres.h
res_request_isprob	clibres.h
res_request_issup	clibres.h
res_request_key	clibres.h
res_request_prob	clibres.h
res_request_snprintf	clibres.h
res_request_state	clibres.h
res_request_step_lock	clibres.h
res_request_step_unlock	clibres.h
res_request_sup	clibres.h
res_request_system_lock	clibres.h
res_request_system_unlock	clibres.h
res_request_vsnprintf	clibres.h
res_request_wto	clibres.h
res_request_wtodump	clibres.h
res_request_wtodumpf	clibres.h
res_request_wtof	clibres.h
resdisp	clibres.h
resfunc	clibres.h
rewind	clibio.h
rfile	rfile.h
ropen	rfile.h
rpl	clibvsam.h
rread	rfile.h
rwrite	rfile.h
s_tdefl_large_dist_extra	clibmzi.h
s_tdefl_large_dist_sym	clibmzi.h
s_tdefl_len_extra	clibmzi.h
s_tdefl_len_sym	clibmzi.h
s_tdefl_num_probes	clibmzi.h
s_tdefl_packed_code_size_syms_swizzle	clibmzi.h
s_tdefl_small_dist_extra	clibmzi.h
s_tdefl_small_dist_sym	clibmzi.h
sa_get	clibsa.h
sa_get_epname	clibsa.h
sa_next	clibsa.h
sa_prev	clibsa.h
safp	safp.h
safv	safv.h
savearea	clibsa.h
scanf	clibio.h
scvtsect	ihascvt.h
sdwa	clibsdwa.h
select	socket.h
selectex	socket.h
send	socket.h
setbuf	clibio.h
setenv	clibenv.h
setenvi	clibenv.h
setjmp	setjmp.h
setlocale	locale.h
setvbuf	clibio.h
sha256_final	sha256.h
sha256_init	sha256.h
sha256_transform	sha256.h
sha256_update	sha256.h
shwassoc	clibvsam.h
shwout	clibvsam.h
shwoutdi	clibvsam.h
shwpl	clibvsam.h
sig_atomic_t	signal.h
sin	math.h
sinh	math.h
size_t	clibgrt.h clibprti.h clibstr.h miniz_zip.h stddef.h stdlib.h time.h wchar.h
sleep	time.h
smca	clibsmf.h
smf_active	clibsmf.h
smf_header	clibsmf.h
smf_init	clibsmf.h
smf_write	clibsmf.h
snprintf	clibio.h
snprintf_	clibprtf.h
sockaddr	socket.h
sockaddr_in	socket.h
socket	socket.h
spl_memclr	clibspl.h
spl_memcpy	clibspl.h
spl_memcpyp	clibspl.h
spl_memset	clibspl.h
spl_strcpy	clibspl.h
spl_strcpyp	clibspl.h
spl_strlen	clibspl.h
spool_close	clibjs.h
spool_open	clibjs.h
spool_read	clibjs.h
sprintf	clibio.h
sprintf_	clibprtf.h
sqrt	math.h
srand	stdlib.h
srb	ihasrb.h
srb_freemain	clibsrb.h
srb_getmain	clibsrb.h
sscanf	clibio.h
sscs	iefsscs.h
sscsaray	iefsscs.h
ssct	clibssct.h
ssct_find	clibssct.h
ssct_free	clibssct.h
ssct_install	clibssct.h
ssct_new	clibssct.h
ssct_remove	clibssct.h
ssct_remove_by_name	clibssct.h
ssib	iefjssib.h
ssob	iefssobh.h
ssso	iefssso.h
sssowtrc	iefssso.h
ssvt	clibssvt.h
ssvt_free	clibssvt.h
ssvt_funcmap	clibssvt.h
ssvt_new	clibssvt.h
ssvt_reset	clibssvt.h
ssvt_set	clibssvt.h
start	@@memmgr.h
stderr	clibio.h
stdin	clibio.h
stdint_int64_defined	stdint.h
stdint_intptr_bits	stdint.h
stdint_intptr_glue3	stdint.h
stdint_intptr_glue3_i	stdint.h
stdout	clibio.h
strcasecmp	clibstr.h
strcat	clibstr.h
strchr	clibstr.h
strcmp	clibstr.h
strcoll	clibstr.h
strcpy	clibstr.h
strcpyp	clibstr.h
strcspn	clibstr.h
strdup	clibstr.h
strerror	clibstr.h
strftime	time.h
stricmp	clibstr.h
strlen	clibstr.h
strncasecmp	clibstr.h
strncat	clibstr.h
strncmp	clibstr.h
strncmpi	clibstr.h
strncpy	clibstr.h
strpbrk	clibstr.h
strrchr	clibstr.h
strspn	clibstr.h
strstr	clibstr.h
strtod	stdlib.h
strtok	clibstr.h
strtol	stdlib.h
strtoul	stdlib.h
strxfrm	clibstr.h
super_do	clibos.h
super_key_do	clibos.h
svcentry	ihascvt.h
svcmain	clibsvc.h
svcregs	clibsvc.h
svctable	ihascvt.h
svhecba	haspsvt.h
syslock	cliblock.h
system	stdlib.h
systestlock	cliblock.h
systrylock	cliblock.h
sysunlock	cliblock.h
tan	math.h
tanh	math.h
tcb	ikjtcb.h
tcbfix	ikjtcb.h
tcbxtnt2	ikjtcb.h
tdefl_calculate_minimum_redundancy	clibmzi.h
tdefl_compress	clibmz.h miniz_tdef.h
tdefl_compress_block	clibmzi.h
tdefl_compress_buffer	clibmz.h miniz_tdef.h
tdefl_compress_fast	clibmzi.h
tdefl_compress_lz_codes	clibmzi.h
tdefl_compress_mem_to_heap	clibmz.h miniz_tdef.h
tdefl_compress_mem_to_mem	clibmz.h miniz_tdef.h
tdefl_compress_mem_to_output	clibmz.h miniz_tdef.h
tdefl_compress_normal	clibmzi.h
tdefl_compressor_alloc	clibmz.h miniz_tdef.h
tdefl_compressor_free	clibmz.h miniz_tdef.h
tdefl_create_comp_flags_from_zip_params	clibmz.h miniz_tdef.h
tdefl_find_match	clibmzi.h
tdefl_flush	clibmz.h miniz_tdef.h
tdefl_flush_block	clibmzi.h
tdefl_flush_output_buffer	clibmzi.h
tdefl_get_adler32	clibmz.h miniz_tdef.h
tdefl_get_prev_return_status	clibmz.h miniz_tdef.h
tdefl_huffman_enforce_max_code_size	clibmzi.h
tdefl_init	clibmz.h miniz_tdef.h
tdefl_optimize_huffman_table	clibmzi.h
tdefl_output_buffer_putter	clibmzi.h
tdefl_radix_sort_syms	clibmzi.h
tdefl_record_literal	clibmzi.h
tdefl_record_match	clibmzi.h
tdefl_start_dynamic_block	clibmzi.h
tdefl_start_static_block	clibmzi.h
tdefl_status	clibmz.h clibmzi.h miniz_tdef.h
tdefl_write_image_to_png_file_in_memory	clibmz.h miniz_tdef.h
tdefl_write_image_to_png_file_in_memory_ex	clibmz.h miniz_tdef.h
testlock	cliblock.h
testlock_res	cliblock.h
testlock_resf	cliblock.h
text	clibpdfi.h
time	time.h
time64	time64.h
time64_t	time64.h
time_t	time.h
timegm64	time64.h
timeval	socket.h
tinfl_bit_buf_t	clibmz.h miniz_tinfl.h
tinfl_decompress	clibmz.h miniz_tinfl.h
tinfl_decompress_mem_to_callback	clibmz.h miniz_tinfl.h
tinfl_decompress_mem_to_heap	clibmz.h miniz_tinfl.h
tinfl_decompress_mem_to_mem	clibmz.h miniz_tinfl.h
tinfl_decompressor	clibmz.h miniz_tinfl.h
tinfl_decompressor_alloc	clibmz.h miniz_tinfl.h
tinfl_decompressor_free	clibmz.h miniz_tinfl.h
tinfl_decompressor_tag	clibmz.h miniz_tinfl.h
tinfl_get_adler32	clibmz.h miniz_tinfl.h
tinfl_init	clibmz.h miniz_tinfl.h
tinfl_status	clibmz.h miniz_tinfl.h
tiot	ieftiot.h
tiotdd	ieftiot.h
tm	time.h
tmpfile	clibio.h
tmpnam	clibio.h
tmr	clibtmr.h
tmr_ecb	clibtmr.h
tmr_ecb_every	clibtmr.h
tmr_ecb_keep	clibtmr.h
tmr_func	clibtmr.h
tmr_func_every	clibtmr.h
tmr_func_keep	clibtmr.h
tmr_get	clibtmr.h
tmr_id	clibtmr.h
tmr_init	clibtmr.h
tmr_secs	clibtmr.h
tmr_start	clibtmr.h
tmr_stop	clibtmr.h
tmr_thread	clibtmr.h
tolower	ctype.h
toupper	ctype.h
tqe	clibtmr.h
tqe_disable	clibtmr.h
tqe_enable	clibtmr.h
tqe_get	clibtmr.h
tqe_new	clibtmr.h
tqe_purge	clibtmr.h
tqe_reset	clibtmr.h
trkcalc	trkcalc.h
true	clibprti.h
try	clibtry.h
trylock	cliblock.h
trylock_res	cliblock.h
trylock_resf	cliblock.h
tryrc	clibtry.h
tsocbuf	ikjcppl.h
tsocmd	clibtso.h
tsocmdf	clibtso.h
tv_sec	socket.h
txt99	txt99.h
tzset	time.h
u64	clib64.h
uInt	clibmz.h miniz.h
uIntf	clibmz.h miniz.h
uLong	clibmz.h miniz.h
uLongf	clibmz.h miniz.h
ucbdasd	iecvucb.h
ucblist	iecvucb.h
uclock64	time64.h
uclock64_t	time64.h
ucm	ieecucm.h
ucm2ext	ieecucm.h
ucmefext	ieecucm.h
ucmeil	ieecucm.h
ucmexit	ieecucm.h
ucmfexta	ieecucm.h
ucmlist	ieecucm.h
ucmpexta	ieecucm.h
ucmprfx	ieecucm.h
uctime64	time64.h
ugmtime64	time64.h
uint16_t	stdint.h
uint32_t	stdint.h
uint64_t	stdint.h
uint8_t	stdint.h
uint_fast16_t	stdint.h
uint_fast32_t	stdint.h
uint_fast64_t	stdint.h
uint_fast8_t	stdint.h
uint_least16_t	stdint.h
uint_least32_t	stdint.h
uint_least64_t	stdint.h
uint_least8_t	stdint.h
uintmax_t	stdint.h
uintptr_t	stdint.h
ulocaltime64	time64.h
uncompress	clibmz.h miniz.h
ungetc	clibio.h
unlock	cliblock.h
unlock_res	cliblock.h
unlock_resf	cliblock.h
unsetenv	clibenv.h
utime64	time64.h
utime64_t	time64.h
va_arg	stdarg.h
va_copy	stdarg.h
va_end	stdarg.h
va_list	stdarg.h
va_start	stdarg.h
vfprintf	clibio.h
voidp	clibmz.h miniz.h
voidpc	clibmz.h miniz.h
voidpf	clibmz.h miniz.h
vollist	cliblist.h
vsaccess	clibvsam.h
vscinv	clibvsam.h
vsclear	clibvsam.h
vsclose	clibvsam.h
vsdelete	clibvsam.h
vseof	clibvsam.h
vserror	clibvsam.h
vsfile	clibvsam.h
vslrecl	clibvsam.h
vsmode	clibvsam.h
vsnprintf	clibio.h
vsnprintf_	clibprtf.h
vsopen	clibvsam.h
vsprintf	clibio.h
vsprintf_	clibprtf.h
vsread	clibvsam.h
vssteq	clibvsam.h
vsstge	clibvsam.h
vstell	clibvsam.h
vstype	clibvsam.h
vsupdate	clibvsam.h
vswrite	clibvsam.h
vvprintf	clibio.h
vvscanf	clibio.h
vwtof	clibwto.h
vwtorf	clibwto.h
wchar_t	stddef.h stdlib.h wchar.h
wcstombs	stdlib.h
wctomb	stdlib.h
wint_t	wchar.h
wto	clibwto.h
wto_traceback	clibwto.h
wtodump	clibwto.h
wtodumpf	clibwto.h
wtof	clibwto.h
wtor	clibwto.h
wtorf	clibwto.h
xtlst	ihaxtlst.h
zError	clibmz.h miniz.h
z_stream	clibmz.h miniz.h
zlibVersion	clibmz.h miniz.h
zlib_version	clibmz.h miniz.h
