# generated by sdk/names.py from include/ -- do not edit, run 'python3 sdk/names.py render'
# name	header(s)
ACB	mvs/vsam.h
ACBADR	mvs/vsam.h
ACBAIX	mvs/vsam.h
ACBBUSY	mvs/vsam.h
ACBBYPSS	mvs/vsam.h
ACBCALR	mvs/vsam.h
ACBCAT	mvs/vsam.h
ACBCBIC	mvs/vsam.h
ACBCCANY	mvs/vsam.h
ACBCCASA	mvs/vsam.h
ACBCCMCH	mvs/vsam.h
ACBCNV	mvs/vsam.h
ACBCRNCK	mvs/vsam.h
ACBCRNRE	mvs/vsam.h
ACBDFR	mvs/vsam.h
ACBDIR	mvs/vsam.h
ACBDORGA	mvs/vsam.h
ACBDSERR	mvs/vsam.h
ACBDSN	mvs/vsam.h
ACBDVIND	mvs/vsam.h
ACBEOV	mvs/vsam.h
ACBEXFG	mvs/vsam.h
ACBGSR	mvs/vsam.h
ACBICI	mvs/vsam.h
ACBIDVAL	mvs/vsam.h
ACBIJRQE	mvs/vsam.h
ACBIN	mvs/vsam.h
ACBIOSFG	mvs/vsam.h
ACBISHRD	mvs/vsam.h
ACBJAM	mvs/vsam.h
ACBJEPS	mvs/vsam.h
ACBKEY	mvs/vsam.h
ACBLOCK	mvs/vsam.h
ACBLOGON	mvs/vsam.h
ACBLSR	mvs/vsam.h
ACBM	mvs/dscb.h
ACBNCFX	mvs/vsam.h
ACBNTRUN	mvs/vsam.h
ACBOALR	mvs/vsam.h
ACBOPEN	mvs/vsam.h
ACBOPTJ	mvs/vsam.h
ACBOUT	mvs/vsam.h
ACBRCI	mvs/vsam.h
ACBRECAF	mvs/vsam.h
ACBRST	mvs/vsam.h
ACBRTAM	mvs/vsam.h
ACBS3540	mvs/vsam.h
ACBSCRA	mvs/vsam.h
ACBSDS	mvs/vsam.h
ACBSEQ	mvs/vsam.h
ACBSIS	mvs/vsam.h
ACBSKP	mvs/vsam.h
ACBSUBS	mvs/vsam.h
ACBSVRP	mvs/vsam.h
ACBSVSAM	mvs/vsam.h
ACBSVTAM	mvs/vsam.h
ACBTCAM	mvs/vsam.h
ACBTRCID	mvs/vsam.h
ACBUBF	mvs/vsam.h
ACBUCRA	mvs/vsam.h
ACBVSAM	mvs/vsam.h
ACBVTAM	mvs/vsam.h
ACBVVIC	mvs/vsam.h
ACCTEEK	ibm/mvs/iefvkeys.h
ACCTPEK	ibm/mvs/iefvkeys.h
ACEE	ibm/mvs/ihaacee.h
ACEEADSP	ibm/mvs/ihaacee.h
ACEEALTR	ibm/mvs/ihaacee.h
ACEEAUDT	ibm/mvs/ihaacee.h
ACEECNTL	ibm/mvs/ihaacee.h
ACEEDASD	ibm/mvs/ihaacee.h
ACEEGRPA	ibm/mvs/ihaacee.h
ACEELOGU	ibm/mvs/ihaacee.h
ACEENONE	ibm/mvs/ihaacee.h
ACEEOPER	ibm/mvs/ihaacee.h
ACEEPRIV	ibm/mvs/ihaacee.h
ACEERACF	ibm/mvs/ihaacee.h
ACEEREAD	ibm/mvs/ihaacee.h
ACEESPEC	ibm/mvs/ihaacee.h
ACEETAPE	ibm/mvs/ihaacee.h
ACEETERM	ibm/mvs/ihaacee.h
ACEEUATH	ibm/mvs/ihaacee.h
ACEEUPDT	ibm/mvs/ihaacee.h
ADRSPEEK	ibm/mvs/iefvkeys.h
ADRSPJK	ibm/mvs/iefvkeys.h
ADRSPPEK	ibm/mvs/iefvkeys.h
AFFK	ibm/mvs/iefvkeys.h
AFFMK	ibm/mvs/iefvkeys.h
AF_AAL5	sys/socket.h
AF_APPLETALK	sys/socket.h
AF_AX25	sys/socket.h
AF_BRIDGE	sys/socket.h
AF_INET	sys/socket.h
AF_INET6	sys/socket.h
AF_IPX	sys/socket.h
AF_MAX	sys/socket.h
AF_NETROM	sys/socket.h
AF_UNIX	sys/socket.h
AF_UNSPEC	sys/socket.h
AF_X25	sys/socket.h
ALCLIST	mvs/dslist.h
ALX	mvs/dscb.h
AMPK	ibm/mvs/iefvkeys.h
ARRAY	ext/array.h
ARRAY_DEFAULT	ext/array.h
ARRAY_EYE	ext/array.h
ARRAY_SIZE	ext/array.h
ASVT	ibm/mvs/ihaasvt.h
ASVTAVAI	ibm/mvs/ihaasvt.h
ASVTAVAL	ibm/mvs/ihaasvt.h
ASVTLEN	ibm/mvs/ihaasvt.h
ASVTULEN	ibm/mvs/ihaasvt.h
AVR	mvs/dscb.h
BA0	ibm/mvs/ieebasea.h
BA1	ibm/mvs/ieebasea.h
BA2	ibm/mvs/ieebasea.h
BA3	ibm/mvs/ieebasea.h
BA4	ibm/mvs/ieebasea.h
BA5	ibm/mvs/ieebasea.h
BA6	ibm/mvs/ieebasea.h
BA7	ibm/mvs/ieebasea.h
BADSN	ibm/mvs/ieebasea.h
BAIN	ibm/mvs/ieebasea.h
BAINTSET	ibm/mvs/ieebasea.h
BALOGINT	ibm/mvs/ieebasea.h
BAMASCH	ibm/mvs/ieebasea.h
BAMSSTAR	ibm/mvs/ieebasea.h
BAMT808	ibm/mvs/ieebasea.h
BAMT809	ibm/mvs/ieebasea.h
BAMT816	ibm/mvs/ieebasea.h
BAMTDP	ibm/mvs/ieebasea.h
BAMTDW	ibm/mvs/ieebasea.h
BAMTFRRR	ibm/mvs/ieebasea.h
BAMTITAB	ibm/mvs/ieebasea.h
BAMTR808	ibm/mvs/ieebasea.h
BAMTR809	ibm/mvs/ieebasea.h
BAMTR816	ibm/mvs/ieebasea.h
BAMTRTRY	ibm/mvs/ieebasea.h
BAMTRUNK	ibm/mvs/ieebasea.h
BAMTSFRR	ibm/mvs/ieebasea.h
BASE	ibm/mvs/ieebasea.h
BASE_BACBID	ibm/mvs/ieebasea.h
BASPACE	ibm/mvs/ieebasea.h
BATRACE	ibm/mvs/ieebasea.h
BAVKEY	ibm/mvs/ieebasea.h
BDAMAA	mvs/dscb.h
BDAMDB	mvs/dscb.h
BDAMES	mvs/dscb.h
BDAMFB	mvs/dscb.h
BDAMRBA	mvs/dscb.h
BDAMRE	mvs/dscb.h
BDAMTO	mvs/dscb.h
BDAMWVC	mvs/dscb.h
BFALNMK	ibm/mvs/iefvkeys.h
BFTEKMK	ibm/mvs/iefvkeys.h
BIT0	ibm/mvs/dcbd.h ibm/mvs/iezbits.h
BIT1	ibm/mvs/dcbd.h ibm/mvs/iezbits.h
BIT2	ibm/mvs/dcbd.h ibm/mvs/iezbits.h
BIT3	ibm/mvs/dcbd.h ibm/mvs/iezbits.h
BIT4	ibm/mvs/dcbd.h ibm/mvs/iezbits.h
BIT5	ibm/mvs/dcbd.h ibm/mvs/iezbits.h
BIT6	ibm/mvs/dcbd.h ibm/mvs/iezbits.h
BIT7	ibm/mvs/dcbd.h ibm/mvs/iezbits.h
BLDL	mvs/pds.h
BLKSIZMK	ibm/mvs/iefvkeys.h
BUFINMK	ibm/mvs/iefvkeys.h
BUFLMK	ibm/mvs/iefvkeys.h
BUFMAXMK	ibm/mvs/iefvkeys.h
BUFNOMK	ibm/mvs/iefvkeys.h
BUFOFFMK	ibm/mvs/iefvkeys.h
BUFOUTMK	ibm/mvs/iefvkeys.h
BUFRQMK	ibm/mvs/iefvkeys.h
BUFSIZ	stdio.h
BUFSIZMK	ibm/mvs/iefvkeys.h
BURSTK	ibm/mvs/iefvkeys.h
CANJ_BADI	mvs/jes2.h
CANJ_ICAN	mvs/jes2.h
CANJ_NCAN	mvs/jes2.h
CANJ_NOJB	mvs/jes2.h
CANJ_OK	mvs/jes2.h
CANJ_OUTP	mvs/jes2.h
CANJ_SMALL	mvs/jes2.h
CANJ_SYNTX	mvs/jes2.h
CCW	s370/ccw.h
CCW0	s370/ccw.h
CCW1	s370/ccw.h
CCW_CMD_CONTROL	s370/ccw.h
CCW_CMD_CONTROL_NOOP	s370/ccw.h
CCW_CMD_DCTL	s370/ccw.h
CCW_CMD_RDC	s370/ccw.h
CCW_CMD_READ	s370/ccw.h
CCW_CMD_RELEASE	s370/ccw.h
CCW_CMD_SENSE	s370/ccw.h
CCW_CMD_SENSE_BASIC	s370/ccw.h
CCW_CMD_SENSE_ID	s370/ccw.h
CCW_CMD_SENSE_PGID	s370/ccw.h
CCW_CMD_SET_PGID	s370/ccw.h
CCW_CMD_STLCK	s370/ccw.h
CCW_CMD_SUSPEND_RECONN	s370/ccw.h
CCW_CMD_TIC	s370/ccw.h
CCW_CMD_WRITE	s370/ccw.h
CCW_FLAG_CC	s370/ccw.h
CCW_FLAG_CD	s370/ccw.h
CCW_FLAG_IDA	s370/ccw.h
CCW_FLAG_PCI	s370/ccw.h
CCW_FLAG_SKIP	s370/ccw.h
CCW_FLAG_SLI	s370/ccw.h
CCW_FLAG_SUSPEND	s370/ccw.h
CDAUTH	ibm/mvs/ihacde.h
CDCONTMN	ibm/mvs/ihacde.h
CDE	ibm/mvs/ihacde.h
CDIDENTY	ibm/mvs/ihacde.h
CDJPA	ibm/mvs/ihacde.h
CDMIN	ibm/mvs/ihacde.h
CDNFN	ibm/mvs/ihacde.h
CDNIC	ibm/mvs/ihacde.h
CDNIP	ibm/mvs/ihacde.h
CDNLR	ibm/mvs/ihacde.h
CDOLY	ibm/mvs/ihacde.h
CDREL	ibm/mvs/ihacde.h
CDREN	ibm/mvs/ihacde.h
CDRLC	ibm/mvs/ihacde.h
CDSER	ibm/mvs/ihacde.h
CDSPZ	ibm/mvs/ihacde.h
CDSYSLIB	ibm/mvs/ihacde.h
CDXLE	ibm/mvs/ihacde.h
CHARSK	ibm/mvs/iefvkeys.h
CHAR_BIT	limits.h
CHAR_MAX	limits.h
CHAR_MIN	limits.h
CHKOT	mvs/dscb.h
CHKPTK	ibm/mvs/iefvkeys.h
CIB	mvs/console.h
CIBMODFY	mvs/console.h
CIBMOUNT	mvs/console.h
CIBSTART	mvs/console.h
CIBSTOP	mvs/console.h
CLASSJK	ibm/mvs/iefvkeys.h
CLIBARY_H	ext/array.h
CLIBCRT	mvs/crt.h
CLIBDSCB_H	mvs/dscb.h
CLIBGRT	mvs/crt.h
CLIBMUTX	mvs/mutex.h
CLIBMUTX_INITIALIZER	mvs/mutex.h
CLIBPPA	mvs/crt.h
CLIBSOCK	mvs/socket.h
CLIBSOCK_EYE	mvs/socket.h
CLIBWSA	mvs/wsa.h
CLIBWSA_EYE	mvs/wsa.h
CLIB_MUTEX_RNAME	mvs/mutex.h
CLOCKS_PER_SEC	time.h
CMB	ibm/jes2/cmb.h
CMBFLAGC	ibm/jes2/cmb.h
CMBFLAGD	ibm/jes2/cmb.h
CMBFLAGJ	ibm/jes2/cmb.h
CMBFLAGR	ibm/jes2/cmb.h
CMBFLAGS	ibm/jes2/cmb.h
CMBFLAGT	ibm/jes2/cmb.h
CMBFLAGU	ibm/jes2/cmb.h
CMBFLAGW	ibm/jes2/cmb.h
CMBL	ibm/jes2/cmb.h
CMBTYPED	ibm/jes2/cmb.h
CMBTYPEX	ibm/jes2/cmb.h
CMTT	mvs/mtt.h
CMTT_EYE	mvs/mtt.h
CODEMK	ibm/mvs/iefvkeys.h
COM	mvs/console.h
COMPR	mvs/dscb.h
CONDEEK	ibm/mvs/iefvkeys.h
CONDJK	ibm/mvs/iefvkeys.h
CONDPEK	ibm/mvs/iefvkeys.h
CONNGRP	ibm/mvs/ihaacee.h
CONTG	mvs/dscb.h
COPIESK	ibm/mvs/iefvkeys.h
CPOIT	mvs/dscb.h
CPRIMK	ibm/mvs/iefvkeys.h
CRSDB	mvs/dscb.h
CRTAUTH_ON	mvs/crt.h
CRTAUTH_STEPLIB	mvs/crt.h
CRTFLAG_TERR	mvs/crt.h
CRTFLAG_TIN	mvs/crt.h
CRTFLAG_TMRFAIL	mvs/crt.h
CRTFLAG_TOUT	mvs/crt.h
CRTFLAG_TSO	mvs/crt.h
CRTFLAG_TSOB	mvs/crt.h
CRTOPTS_AUTH	mvs/crt.h
CTHDMGR	mvs/thread.h
CTHDMGR_EYE	mvs/thread.h
CTHDMGR_POST_DATA	mvs/thread.h
CTHDMGR_POST_QUIESCE	mvs/thread.h
CTHDMGR_POST_SHUTDOWN	mvs/thread.h
CTHDMGR_POST_TIMER	mvs/thread.h
CTHDMGR_POST_WAIT	mvs/thread.h
CTHDMGR_STATE_INIT	mvs/thread.h
CTHDMGR_STATE_QUIESCE	mvs/thread.h
CTHDMGR_STATE_RUNNING	mvs/thread.h
CTHDMGR_STATE_STOPPED	mvs/thread.h
CTHDMGR_STATE_WAITING	mvs/thread.h
CTHDPOP	mvs/thread.h
CTHDQUE	mvs/thread.h
CTHDQUE_EYE	mvs/thread.h
CTHDTASK	mvs/thread.h
CTHDTASK_EYE	mvs/thread.h
CTHDWORK	mvs/thread.h
CTHDWORK_EYE	mvs/thread.h
CTHDWORK_OPT_NOWORK	mvs/thread.h
CTHDWORK_OPT_TIMER	mvs/thread.h
CTHDWORK_POST_REQUEST	mvs/thread.h
CTHDWORK_POST_SHUTDOWN	mvs/thread.h
CTHDWORK_POST_TIMER	mvs/thread.h
CTHDWORK_STATE_DISPATCH	mvs/thread.h
CTHDWORK_STATE_INIT	mvs/thread.h
CTHDWORK_STATE_RUNNING	mvs/thread.h
CTHDWORK_STATE_SHUTDOWN	mvs/thread.h
CTHDWORK_STATE_STOPPED	mvs/thread.h
CTHDWORK_STATE_STUCK	mvs/thread.h
CTHDWORK_STATE_WAITING	mvs/thread.h
CTHREAD_DETACH_LIVE	mvs/thread.h
CVT	ibm/mvs/cvt.h
CVT121TR	ibm/mvs/cvt.h
CVT1SSS	ibm/mvs/cvt.h
CVT2SPS	ibm/mvs/cvt.h
CVT4MPS	ibm/mvs/cvt.h
CVT4MS1	ibm/mvs/cvt.h
CVT6DAT	ibm/mvs/cvt.h
CVT8AOS2	ibm/mvs/cvt.h
CVTAPR	ibm/mvs/cvt.h
CVTAPTHR	ibm/mvs/cvt.h
CVTASCII	ibm/mvs/cvt.h
CVTATACT	ibm/mvs/cvt.h
CVTBAH	ibm/mvs/cvt.h
CVTCCH	ibm/mvs/cvt.h
CVTCTIMS	ibm/mvs/cvt.h
CVTDDR	ibm/mvs/cvt.h
CVTDSTAT	ibm/mvs/cvt.h
CVTFIX	ibm/mvs/cvt.h
CVTFP	ibm/mvs/cvt.h
CVTGSDAB	ibm/mvs/cvt.h
CVTGTFAV	ibm/mvs/cvt.h
CVTGTRCE	ibm/mvs/cvt.h
CVTLDEV	ibm/mvs/cvt.h
CVTMFACT	ibm/mvs/cvt.h
CVTMVS2	ibm/mvs/cvt.h
CVTNIP	ibm/mvs/cvt.h
CVTNLOG	ibm/mvs/cvt.h
CVTNOMP	ibm/mvs/cvt.h
CVTNPE	ibm/mvs/cvt.h
CVTPROT	ibm/mvs/cvt.h
CVTPTR	ibm/mvs/cvt.h
CVTRNIO	ibm/mvs/cvt.h
CVTRSV08	ibm/mvs/cvt.h
CVTRSV09	ibm/mvs/cvt.h
CVTRSV12	ibm/mvs/cvt.h
CVTRSV27	ibm/mvs/cvt.h
CVTRSV29	ibm/mvs/cvt.h
CVTRSV30	ibm/mvs/cvt.h
CVTRSV31	ibm/mvs/cvt.h
CVTRSV32	ibm/mvs/cvt.h
CVTRSV33	ibm/mvs/cvt.h
CVTRSV34	ibm/mvs/cvt.h
CVTRSV78	ibm/mvs/cvt.h
CVTRSV79	ibm/mvs/cvt.h
CVTRV315	ibm/mvs/cvt.h
CVTRV316	ibm/mvs/cvt.h
CVTRV317	ibm/mvs/cvt.h
CVTRV318	ibm/mvs/cvt.h
CVTRV323	ibm/mvs/cvt.h
CVTRV333	ibm/mvs/cvt.h
CVTRV629	ibm/mvs/cvt.h
CVTRV630	ibm/mvs/cvt.h
CVTRV631	ibm/mvs/cvt.h
CVTRV632	ibm/mvs/cvt.h
CVTRV633	ibm/mvs/cvt.h
CVTRV634	ibm/mvs/cvt.h
CVTSDTRC	ibm/mvs/cvt.h
CVTSDUMP	ibm/mvs/cvt.h
CVTSV76Q	ibm/mvs/cvt.h
CVTSYLKR	ibm/mvs/cvt.h
CVTSYLKS	ibm/mvs/cvt.h
CVTTCRDY	ibm/mvs/cvt.h
CVTTOD	ibm/mvs/cvt.h
CVTUDUMP	ibm/mvs/cvt.h
CVTUSR	ibm/mvs/cvt.h
CVTVME	ibm/mvs/cvt.h
CVTVOLI2	ibm/mvs/cvt.h
CVTVS1A	ibm/mvs/cvt.h
CVTVS1B	ibm/mvs/cvt.h
CVTXPFP	ibm/mvs/cvt.h
CVTXTNT1	ibm/mvs/cvt.h
CVTXTNT2	ibm/mvs/cvt.h
CYL	mvs/dscb.h
CYLOFLMK	ibm/mvs/iefvkeys.h
DALACODE	ibm/mvs/iefzb4d2.h
DALAVGR	ibm/mvs/iefzb4d2.h
DALBFALN	ibm/mvs/iefzb4d2.h
DALBFTEK	ibm/mvs/iefzb4d2.h
DALBLKLN	ibm/mvs/iefzb4d2.h
DALBLKSZ	ibm/mvs/iefzb4d2.h
DALBRTKN	ibm/mvs/iefzb4d2.h
DALBSLM	ibm/mvs/iefzb4d2.h
DALBUFIN	ibm/mvs/iefzb4d2.h
DALBUFL	ibm/mvs/iefzb4d2.h
DALBUFMX	ibm/mvs/iefzb4d2.h
DALBUFNO	ibm/mvs/iefzb4d2.h
DALBUFOF	ibm/mvs/iefzb4d2.h
DALBUFOU	ibm/mvs/iefzb4d2.h
DALBUFRQ	ibm/mvs/iefzb4d2.h
DALBUFSZ	ibm/mvs/iefzb4d2.h
DALBURST	ibm/mvs/iefzb4d2.h
DALCDISP	ibm/mvs/iefzb4d2.h
DALCHARS	ibm/mvs/iefzb4d2.h
DALCLOSE	ibm/mvs/iefzb4d2.h
DALCNTL	ibm/mvs/iefzb4d2.h
DALCNVRT	ibm/mvs/iefzb4d2.h
DALCODE	ibm/mvs/iefzb4d2.h
DALCOPYG	ibm/mvs/iefzb4d2.h
DALCOPYS	ibm/mvs/iefzb4d2.h
DALCPRI	ibm/mvs/iefzb4d2.h
DALCYL	ibm/mvs/iefzb4d2.h
DALDACL	ibm/mvs/iefzb4d2.h
DALDCBDD	ibm/mvs/iefzb4d2.h
DALDCBDS	ibm/mvs/iefzb4d2.h
DALDCCS	ibm/mvs/iefzb4d2.h
DALDDNAM	ibm/mvs/iefzb4d2.h
DALDEFER	ibm/mvs/iefzb4d2.h
DALDEN	ibm/mvs/iefzb4d2.h
DALDIAGN	ibm/mvs/iefzb4d2.h
DALDIR	ibm/mvs/iefzb4d2.h
DALDSNAM	ibm/mvs/iefzb4d2.h
DALDSNT	ibm/mvs/iefzb4d2.h
DALDSORG	ibm/mvs/iefzb4d2.h
DALDSSEQ	ibm/mvs/iefzb4d2.h
DALDUMMY	ibm/mvs/iefzb4d2.h
DALEROPT	ibm/mvs/iefzb4d2.h
DALEXPDL	ibm/mvs/iefzb4d2.h
DALEXPDT	ibm/mvs/iefzb4d2.h
DALFCBAV	ibm/mvs/iefzb4d2.h
DALFCBIM	ibm/mvs/iefzb4d2.h
DALFCNT	ibm/mvs/iefzb4d2.h
DALFDAT	ibm/mvs/iefzb4d2.h
DALFFORM	ibm/mvs/iefzb4d2.h
DALFRID	ibm/mvs/iefzb4d2.h
DALFUNC	ibm/mvs/iefzb4d2.h
DALGNCP	ibm/mvs/iefzb4d2.h
DALINCHG	ibm/mvs/iefzb4d2.h
DALINOUT	ibm/mvs/iefzb4d2.h
DALINTVL	ibm/mvs/iefzb4d2.h
DALIPLTX	ibm/mvs/iefzb4d2.h
DALKEYO	ibm/mvs/iefzb4d2.h
DALKYLEN	ibm/mvs/iefzb4d2.h
DALLABEL	ibm/mvs/iefzb4d2.h
DALLGST	ibm/mvs/iefzb4d2.h
DALLIKE	ibm/mvs/iefzb4d2.h
DALLIMCT	ibm/mvs/iefzb4d2.h
DALLRECK	ibm/mvs/iefzb4d2.h
DALLRECL	ibm/mvs/iefzb4d2.h
DALMEMBR	ibm/mvs/iefzb4d2.h
DALMGCL	ibm/mvs/iefzb4d2.h
DALMMOD	ibm/mvs/iefzb4d2.h
DALMODE	ibm/mvs/iefzb4d2.h
DALMSVGP	ibm/mvs/iefzb4d2.h
DALMTRC	ibm/mvs/iefzb4d2.h
DALNCP	ibm/mvs/iefzb4d2.h
DALNDISP	ibm/mvs/iefzb4d2.h
DALOPTCD	ibm/mvs/iefzb4d2.h
DALOUTLM	ibm/mvs/iefzb4d2.h
DALOUTPT	ibm/mvs/iefzb4d2.h
DALOVAFF	ibm/mvs/iefzb4d2.h
DALPARAL	ibm/mvs/iefzb4d2.h
DALPASPR	ibm/mvs/iefzb4d2.h
DALPASSW	ibm/mvs/iefzb4d2.h
DALPATH	ibm/mvs/iefzb4d2.h
DALPCDS	ibm/mvs/iefzb4d2.h
DALPCIR	ibm/mvs/iefzb4d2.h
DALPCIS	ibm/mvs/iefzb4d2.h
DALPERMA	ibm/mvs/iefzb4d2.h
DALPMDE	ibm/mvs/iefzb4d2.h
DALPNDS	ibm/mvs/iefzb4d2.h
DALPOPT	ibm/mvs/iefzb4d2.h
DALPRIME	ibm/mvs/iefzb4d2.h
DALPRIVT	ibm/mvs/iefzb4d2.h
DALPROT	ibm/mvs/iefzb4d2.h
DALPRTSP	ibm/mvs/iefzb4d2.h
DALQNAME	ibm/mvs/iefzb4d2.h
DALRECFM	ibm/mvs/iefzb4d2.h
DALRECO	ibm/mvs/iefzb4d2.h
DALREFD	ibm/mvs/iefzb4d2.h
DALRETPD	ibm/mvs/iefzb4d2.h
DALRLS	ibm/mvs/iefzb4d2.h
DALRLSE	ibm/mvs/iefzb4d2.h
DALROUND	ibm/mvs/iefzb4d2.h
DALRSRVF	ibm/mvs/iefzb4d2.h
DALRSRVS	ibm/mvs/iefzb4d2.h
DALRTDDN	ibm/mvs/iefzb4d2.h
DALRTDSN	ibm/mvs/iefzb4d2.h
DALRTORG	ibm/mvs/iefzb4d2.h
DALRTVOL	ibm/mvs/iefzb4d2.h
DALSECM	ibm/mvs/iefzb4d2.h
DALSECND	ibm/mvs/iefzb4d2.h
DALSEGM	ibm/mvs/iefzb4d2.h
DALSFMNO	ibm/mvs/iefzb4d2.h
DALSHOLD	ibm/mvs/iefzb4d2.h
DALSOWA	ibm/mvs/iefzb4d2.h
DALSPFRM	ibm/mvs/iefzb4d2.h
DALSPGNM	ibm/mvs/iefzb4d2.h
DALSPIN	ibm/mvs/iefzb4d2.h
DALSSATT	ibm/mvs/iefzb4d2.h
DALSSNM	ibm/mvs/iefzb4d2.h
DALSSPRM	ibm/mvs/iefzb4d2.h
DALSSREQ	ibm/mvs/iefzb4d2.h
DALSTACK	ibm/mvs/iefzb4d2.h
DALSTATS	ibm/mvs/iefzb4d2.h
DALSTCL	ibm/mvs/iefzb4d2.h
DALSUSER	ibm/mvs/iefzb4d2.h
DALSYSOU	ibm/mvs/iefzb4d2.h
DALTERM	ibm/mvs/iefzb4d2.h
DALTHRSH	ibm/mvs/iefzb4d2.h
DALTRK	ibm/mvs/iefzb4d2.h
DALTRTCH	ibm/mvs/iefzb4d2.h
DALUCS	ibm/mvs/iefzb4d2.h
DALUFOLD	ibm/mvs/iefzb4d2.h
DALUNCNT	ibm/mvs/iefzb4d2.h
DALUNIT	ibm/mvs/iefzb4d2.h
DALUSRID	ibm/mvs/iefzb4d2.h
DALUVRFY	ibm/mvs/iefzb4d2.h
DALVLCNT	ibm/mvs/iefzb4d2.h
DALVLRDS	ibm/mvs/iefzb4d2.h
DALVLSEQ	ibm/mvs/iefzb4d2.h
DALVLSER	ibm/mvs/iefzb4d2.h
DBL_DIG	float.h
DBL_EPSILON	float.h
DBL_MANT_DIG	float.h
DBL_MAX	float.h
DBL_MAX_10_EXP	float.h
DBL_MAX_EXP	float.h
DBL_MIN	float.h
DBL_MIN_10_EXP	float.h
DBL_MIN_EXP	float.h
DCB	ibm/mvs/dcbd.h
DCB1DVDS	ibm/mvs/dcbd.h
DCB3525A	ibm/mvs/dcbd.h
DCBACBM	ibm/mvs/dcbd.h
DCBBCKPT	ibm/mvs/dcbd.h
DCBBFA	ibm/mvs/dcbd.h
DCBBFAD	ibm/mvs/dcbd.h
DCBBFAF1	ibm/mvs/dcbd.h
DCBBFAF2	ibm/mvs/dcbd.h
DCBBFT	ibm/mvs/dcbd.h
DCBBFTA	ibm/mvs/dcbd.h
DCBBFTE	ibm/mvs/dcbd.h
DCBBFTKD	ibm/mvs/dcbd.h
DCBBFTKR	ibm/mvs/dcbd.h
DCBBFTR	ibm/mvs/dcbd.h
DCBBFTS	ibm/mvs/dcbd.h
DCBBLBP	ibm/mvs/dcbd.h
DCBCNBFP	ibm/mvs/dcbd.h
DCBCNBRM	ibm/mvs/dcbd.h
DCBCNCHS	ibm/mvs/dcbd.h
DCBCNCLO	ibm/mvs/dcbd.h
DCBCNEVA	ibm/mvs/dcbd.h
DCBCNEVB	ibm/mvs/dcbd.h
DCBCNEXB	ibm/mvs/dcbd.h
DCBCNFEO	ibm/mvs/dcbd.h
DCBCNIOE	ibm/mvs/dcbd.h
DCBCNQSM	ibm/mvs/dcbd.h
DCBCNSRD	ibm/mvs/dcbd.h
DCBCNSTO	ibm/mvs/dcbd.h
DCBCNTOV	ibm/mvs/dcbd.h
DCBCNWR0	ibm/mvs/dcbd.h
DCBD1305	ibm/mvs/dcbd.h
DCBDSGCX	ibm/mvs/dcbd.h
DCBDSGDA	ibm/mvs/dcbd.h
DCBDSGGS	ibm/mvs/dcbd.h
DCBDSGIS	ibm/mvs/dcbd.h
DCBDSGPO	ibm/mvs/dcbd.h
DCBDSGPS	ibm/mvs/dcbd.h
DCBDSGTQ	ibm/mvs/dcbd.h
DCBDSGTR	ibm/mvs/dcbd.h
DCBDSGTX	ibm/mvs/dcbd.h
DCBDSGU	ibm/mvs/dcbd.h
DCBDV301	ibm/mvs/dcbd.h
DCBDV302	ibm/mvs/dcbd.h
DCBDV303	ibm/mvs/dcbd.h
DCBDV305	ibm/mvs/dcbd.h
DCBDV311	ibm/mvs/dcbd.h
DCBDV314	ibm/mvs/dcbd.h
DCBDV321	ibm/mvs/dcbd.h
DCBDV330	ibm/mvs/dcbd.h
DCBDV331	ibm/mvs/dcbd.h
DCBDV340	ibm/mvs/dcbd.h
DCBDV350	ibm/mvs/dcbd.h
DCBDV375	ibm/mvs/dcbd.h
DCBDV380	ibm/mvs/dcbd.h
DCBDV390	ibm/mvs/dcbd.h
DCBDVTRM	ibm/mvs/dcbd.h
DCBERABE	ibm/mvs/dcbd.h
DCBERACC	ibm/mvs/dcbd.h
DCBERSKP	ibm/mvs/dcbd.h
DCBEX	ibm/mvs/dcbd.h
DCBH0	ibm/mvs/dcbd.h
DCBH1	ibm/mvs/dcbd.h
DCBIBEC	ibm/mvs/dcbd.h
DCBIBIOE	ibm/mvs/dcbd.h
DCBIBPCT	ibm/mvs/dcbd.h
DCBIFC12	ibm/mvs/dcbd.h
DCBIFC9	ibm/mvs/dcbd.h
DCBIFEC	ibm/mvs/dcbd.h
DCBIFER	ibm/mvs/dcbd.h
DCBIFIOE	ibm/mvs/dcbd.h
DCBIFLDT	ibm/mvs/dcbd.h
DCBIFNE1	ibm/mvs/dcbd.h
DCBIFNE2	ibm/mvs/dcbd.h
DCBIFNE3	ibm/mvs/dcbd.h
DCBIFNEP	ibm/mvs/dcbd.h
DCBIFPCT	ibm/mvs/dcbd.h
DCBIFPEC	ibm/mvs/dcbd.h
DCBIFTIM	ibm/mvs/dcbd.h
DCBK	ibm/mvs/iefvkeys.h
DCBMR1WD	ibm/mvs/dcbd.h
DCBMR3WD	ibm/mvs/dcbd.h
DCBMR4WD	ibm/mvs/dcbd.h
DCBMR5WD	ibm/mvs/dcbd.h
DCBMRABC	ibm/mvs/dcbd.h
DCBMRAPG	ibm/mvs/dcbd.h
DCBMRAWR	ibm/mvs/dcbd.h
DCBMRCHK	ibm/mvs/dcbd.h
DCBMRCI	ibm/mvs/dcbd.h
DCBMRCK	ibm/mvs/dcbd.h
DCBMRCRL	ibm/mvs/dcbd.h
DCBMRCTL	ibm/mvs/dcbd.h
DCBMRDBF	ibm/mvs/dcbd.h
DCBMRDMD	ibm/mvs/dcbd.h
DCBMRDMG	ibm/mvs/dcbd.h
DCBMRECP	ibm/mvs/dcbd.h
DCBMRFE	ibm/mvs/dcbd.h
DCBMRGET	ibm/mvs/dcbd.h
DCBMRGTQ	ibm/mvs/dcbd.h
DCBMRIDW	ibm/mvs/dcbd.h
DCBMRLCG	ibm/mvs/dcbd.h
DCBMRLCP	ibm/mvs/dcbd.h
DCBMRLDM	ibm/mvs/dcbd.h
DCBMRMVG	ibm/mvs/dcbd.h
DCBMRMVP	ibm/mvs/dcbd.h
DCBMRPT1	ibm/mvs/dcbd.h
DCBMRPT2	ibm/mvs/dcbd.h
DCBMRPTQ	ibm/mvs/dcbd.h
DCBMRPUT	ibm/mvs/dcbd.h
DCBMRRD	ibm/mvs/dcbd.h
DCBMRRDI	ibm/mvs/dcbd.h
DCBMRRDK	ibm/mvs/dcbd.h
DCBMRRDQ	ibm/mvs/dcbd.h
DCBMRRDX	ibm/mvs/dcbd.h
DCBMRSBG	ibm/mvs/dcbd.h
DCBMRSTI	ibm/mvs/dcbd.h
DCBMRSTK	ibm/mvs/dcbd.h
DCBMRSTL	ibm/mvs/dcbd.h
DCBMRSWA	ibm/mvs/dcbd.h
DCBMRTMD	ibm/mvs/dcbd.h
DCBMRUIP	ibm/mvs/dcbd.h
DCBMRWRK	ibm/mvs/dcbd.h
DCBMRWRQ	ibm/mvs/dcbd.h
DCBMRWRT	ibm/mvs/dcbd.h
DCBNUPD	ibm/mvs/dcbd.h
DCBOFEOV	ibm/mvs/dcbd.h
DCBOFIOD	ibm/mvs/dcbd.h
DCBOFIOF	ibm/mvs/dcbd.h
DCBOFLRB	ibm/mvs/dcbd.h
DCBOFLWR	ibm/mvs/dcbd.h
DCBOFOPN	ibm/mvs/dcbd.h
DCBOFPPC	ibm/mvs/dcbd.h
DCBOFTM	ibm/mvs/dcbd.h
DCBOFUEX	ibm/mvs/dcbd.h
DCBOPTC	ibm/mvs/dcbd.h
DCBOPTH	ibm/mvs/dcbd.h
DCBOPTJ	ibm/mvs/dcbd.h
DCBOPTO	ibm/mvs/dcbd.h
DCBOPTQ	ibm/mvs/dcbd.h
DCBOPTT	ibm/mvs/dcbd.h
DCBOPTU	ibm/mvs/dcbd.h
DCBOPTW	ibm/mvs/dcbd.h
DCBOPTZ	ibm/mvs/dcbd.h
DCBPGFXA	ibm/mvs/dcbd.h
DCBPOPEN	ibm/mvs/dcbd.h
DCBQADF1	ibm/mvs/dcbd.h
DCBQADF2	ibm/mvs/dcbd.h
DCBQADF3	ibm/mvs/dcbd.h
DCBQADFS	ibm/mvs/dcbd.h
DCBQSTRU	ibm/mvs/dcbd.h
DCBRCFGT	ibm/mvs/dcbd.h
DCBRCREL	ibm/mvs/dcbd.h
DCBRCTRU	ibm/mvs/dcbd.h
DCBRECBR	ibm/mvs/dcbd.h
DCBRECC	ibm/mvs/dcbd.h
DCBRECCA	ibm/mvs/dcbd.h
DCBRECCC	ibm/mvs/dcbd.h
DCBRECCM	ibm/mvs/dcbd.h
DCBRECD	ibm/mvs/dcbd.h
DCBRECF	ibm/mvs/dcbd.h
DCBRECKL	ibm/mvs/dcbd.h
DCBRECL	ibm/mvs/dcbd.h
DCBRECLA	ibm/mvs/dcbd.h
DCBRECSB	ibm/mvs/dcbd.h
DCBRECTO	ibm/mvs/dcbd.h
DCBRECU	ibm/mvs/dcbd.h
DCBRECV	ibm/mvs/dcbd.h
DCBSRCHD	ibm/mvs/dcbd.h
DCBSTFLS	ibm/mvs/dcbd.h
DCBSTQCK	ibm/mvs/dcbd.h
DCBSVDEB	ibm/mvs/dcbd.h
DCBUPDBT	ibm/mvs/dcbd.h
DCBUPDCM	ibm/mvs/dcbd.h
DCBUPDT	ibm/mvs/dcbd.h
DCCDDNAM	ibm/mvs/iefzb4d2.h
DCCPERMC	ibm/mvs/iefzb4d2.h
DCM	ibm/mvs/ieecdcm.h
DCMACPFK	ibm/mvs/ieecdcm.h
DCMAE	ibm/mvs/ieecdcm.h
DCMASBA	ibm/mvs/ieecdcm.h
DCMASDA	ibm/mvs/ieecdcm.h
DCMASIN	ibm/mvs/ieecdcm.h
DCMASLOG	ibm/mvs/ieecdcm.h
DCMASYCD	ibm/mvs/ieecdcm.h
DCMASYRT	ibm/mvs/ieecdcm.h
DCMBLENT	ibm/mvs/ieecdcm.h
DCMBLWRL	ibm/mvs/ieecdcm.h
DCMBLWRR	ibm/mvs/ieecdcm.h
DCMCANCL	ibm/mvs/ieecdcm.h
DCMCBLNK	ibm/mvs/ieecdcm.h
DCMCDLR1	ibm/mvs/ieecdcm.h
DCMCDLR2	ibm/mvs/ieecdcm.h
DCMCDLR3	ibm/mvs/ieecdcm.h
DCMCDLR4	ibm/mvs/ieecdcm.h
DCMCDLR5	ibm/mvs/ieecdcm.h
DCMCDSP3	ibm/mvs/ieecdcm.h
DCMCHOPT	ibm/mvs/ieecdcm.h
DCMCILLP	ibm/mvs/ieecdcm.h
DCMCM2I	ibm/mvs/ieecdcm.h
DCMCMIN5	ibm/mvs/ieecdcm.h
DCMCMIN7	ibm/mvs/ieecdcm.h
DCMCMRLL	ibm/mvs/ieecdcm.h
DCMCNTRL	ibm/mvs/ieecdcm.h
DCMCOMAR	ibm/mvs/ieecdcm.h
DCMCOMAU	ibm/mvs/ieecdcm.h
DCMCOMNM	ibm/mvs/ieecdcm.h
DCMCOMRD	ibm/mvs/ieecdcm.h
DCMCOMRM	ibm/mvs/ieecdcm.h
DCMCSC	ibm/mvs/ieecdcm.h
DCMCSO	ibm/mvs/ieecdcm.h
DCMDELNT	ibm/mvs/ieecdcm.h
DCMDELRI	ibm/mvs/ieecdcm.h
DCMDLREQ	ibm/mvs/ieecdcm.h
DCMDORMI	ibm/mvs/ieecdcm.h
DCMDSAUT	ibm/mvs/ieecdcm.h
DCMDSINR	ibm/mvs/ieecdcm.h
DCMDSTNH	ibm/mvs/ieecdcm.h
DCMDSTNM	ibm/mvs/ieecdcm.h
DCMDTBSY	ibm/mvs/ieecdcm.h
DCMDUSE	ibm/mvs/ieecdcm.h
DCMELONG	ibm/mvs/ieecdcm.h
DCMERASE	ibm/mvs/ieecdcm.h
DCMERPF	ibm/mvs/ieecdcm.h
DCMFRSCN	ibm/mvs/ieecdcm.h
DCMINERR	ibm/mvs/ieecdcm.h
DCMINNOR	ibm/mvs/ieecdcm.h
DCMINSC	ibm/mvs/ieecdcm.h
DCMINSSH	ibm/mvs/ieecdcm.h
DCMINVLD	ibm/mvs/ieecdcm.h
DCMINVOP	ibm/mvs/ieecdcm.h
DCMIO226	ibm/mvs/ieecdcm.h
DCMIOCRD	ibm/mvs/ieecdcm.h
DCMIOPRD	ibm/mvs/ieecdcm.h
DCMLPENT	ibm/mvs/ieecdcm.h
DCMLTPFK	ibm/mvs/ieecdcm.h
DCMMSGAC	ibm/mvs/ieecdcm.h
DCMMSGAD	ibm/mvs/ieecdcm.h
DCMMSGAR	ibm/mvs/ieecdcm.h
DCMMSGC7	ibm/mvs/ieecdcm.h
DCMMSGCL	ibm/mvs/ieecdcm.h
DCMMSGCN	ibm/mvs/ieecdcm.h
DCMMSGCR	ibm/mvs/ieecdcm.h
DCMMSGCT	ibm/mvs/ieecdcm.h
DCMMSGDM	ibm/mvs/ieecdcm.h
DCMMSGIF	ibm/mvs/ieecdcm.h
DCMMSGIN	ibm/mvs/ieecdcm.h
DCMMSGIR	ibm/mvs/ieecdcm.h
DCMMSGJK	ibm/mvs/ieecdcm.h
DCMMSGPP	ibm/mvs/ieecdcm.h
DCMMSGRD	ibm/mvs/ieecdcm.h
DCMMSGST	ibm/mvs/ieecdcm.h
DCMMSGWR	ibm/mvs/ieecdcm.h
DCMMSGWT	ibm/mvs/ieecdcm.h
DCMMYCMD	ibm/mvs/ieecdcm.h
DCMOCTTI	ibm/mvs/ieecdcm.h
DCMOLHLD	ibm/mvs/ieecdcm.h
DCMOLUNV	ibm/mvs/ieecdcm.h
DCMOOMSS	ibm/mvs/ieecdcm.h
DCMOOSDS	ibm/mvs/ieecdcm.h
DCMOPRLL	ibm/mvs/ieecdcm.h
DCMOPRMI	ibm/mvs/ieecdcm.h
DCMOPTAD	ibm/mvs/ieecdcm.h
DCMOPTSG	ibm/mvs/ieecdcm.h
DCMOPTTI	ibm/mvs/ieecdcm.h
DCMOPTVR	ibm/mvs/ieecdcm.h
DCMOTTMM	ibm/mvs/ieecdcm.h
DCMOUTPT	ibm/mvs/ieecdcm.h
DCMPFKAT	ibm/mvs/ieecdcm.h
DCMPFKIP	ibm/mvs/ieecdcm.h
DCMPFKNA	ibm/mvs/ieecdcm.h
DCMPFKND	ibm/mvs/ieecdcm.h
DCMPFKNO	ibm/mvs/ieecdcm.h
DCMPFKWR	ibm/mvs/ieecdcm.h
DCMRDARM	ibm/mvs/ieecdcm.h
DCMRDPFK	ibm/mvs/ieecdcm.h
DCMRMTTI	ibm/mvs/ieecdcm.h
DCMRPCUR	ibm/mvs/ieecdcm.h
DCMRQINC	ibm/mvs/ieecdcm.h
DCMRTPFK	ibm/mvs/ieecdcm.h
DCMSECBL	ibm/mvs/ieecdcm.h
DCMSECCL	ibm/mvs/ieecdcm.h
DCMSECDD	ibm/mvs/ieecdcm.h
DCMSECDL	ibm/mvs/ieecdcm.h
DCMSECLL	ibm/mvs/ieecdcm.h
DCMSECST	ibm/mvs/ieecdcm.h
DCMSOUND	ibm/mvs/ieecdcm.h
DCMSPLIT	ibm/mvs/ieecdcm.h
DCMSSRG	ibm/mvs/ieecdcm.h
DCMSTEX	ibm/mvs/ieecdcm.h
DCMTASYN	ibm/mvs/ieecdcm.h
DCMTEST1	ibm/mvs/ieecdcm.h
DCMTEST2	ibm/mvs/ieecdcm.h
DCMTIMER	ibm/mvs/ieecdcm.h
DCMTRAC2	ibm/mvs/ieecdcm.h
DCMTRLEN	ibm/mvs/ieecdcm.h
DCMTYPE1	ibm/mvs/ieecdcm.h
DCMUNMSG	ibm/mvs/ieecdcm.h
DCMUTILA	ibm/mvs/ieecdcm.h
DCMUTILB	ibm/mvs/ieecdcm.h
DCMUTILC	ibm/mvs/ieecdcm.h
DCMUTILD	ibm/mvs/ieecdcm.h
DCMUTILE	ibm/mvs/ieecdcm.h
DCMUTILF	ibm/mvs/ieecdcm.h
DCMVLPFK	ibm/mvs/ieecdcm.h
DCMW2250	ibm/mvs/ieecdcm.h
DCMWINFD	ibm/mvs/ieecdcm.h
DCMWRASY	ibm/mvs/ieecdcm.h
DCMWRCDL	ibm/mvs/ieecdcm.h
DCMWRENT	ibm/mvs/ieecdcm.h
DCMWRINS	ibm/mvs/ieecdcm.h
DCMWRMSG	ibm/mvs/ieecdcm.h
DCMWRPAR	ibm/mvs/ieecdcm.h
DCMWRPFK	ibm/mvs/ieecdcm.h
DCMWRWRN	ibm/mvs/ieecdcm.h
DCMXINT1	ibm/mvs/ieecdcm.h
DDCDDNAM	ibm/mvs/iefzb4d2.h
DDK	ibm/mvs/iefvkeys.h
DDNAMEK	ibm/mvs/iefvkeys.h
DDNDDNAM	ibm/mvs/iefzb4d2.h
DDNRTDUM	ibm/mvs/iefzb4d2.h
DDSTR	ibm/mvs/ieftxtft.h
DE12	mvs/pds.h
DE14	mvs/pds.h
DE76	mvs/pds.h
DEB	ibm/mvs/iezdeb.h
DEBABEND	ibm/mvs/iezdeb.h
DEBACCS	ibm/mvs/iezdeb.h
DEBACSMD	ibm/mvs/iezdeb.h
DEBAMBDM	ibm/mvs/iezdeb.h
DEBAMBPM	ibm/mvs/iezdeb.h
DEBAMGAM	ibm/mvs/iezdeb.h
DEBAMISM	ibm/mvs/iezdeb.h
DEBAMNON	ibm/mvs/iezdeb.h
DEBAMSAM	ibm/mvs/iezdeb.h
DEBAMSUB	ibm/mvs/iezdeb.h
DEBAMTAM	ibm/mvs/iezdeb.h
DEBAMTAP	ibm/mvs/iezdeb.h
DEBAMTCM	ibm/mvs/iezdeb.h
DEBAMVSM	ibm/mvs/iezdeb.h
DEBAMVTM	ibm/mvs/iezdeb.h
DEBAMXCP	ibm/mvs/iezdeb.h
DEBAPFIN	ibm/mvs/iezdeb.h
DEBAVT	ibm/mvs/iezdeb.h
DEBBASIC	ibm/mvs/iezdeb.h
DEBCENP	ibm/mvs/iezdeb.h
DEBCINDI	ibm/mvs/iezdeb.h
DEBDASD	ibm/mvs/iezdeb.h
DEBDCB	ibm/mvs/iezdeb.h
DEBDDS1	ibm/mvs/iezdeb.h
DEBDISP	ibm/mvs/iezdeb.h
DEBDSOPN	ibm/mvs/iezdeb.h
DEBEOENP	ibm/mvs/iezdeb.h
DEBEOF	ibm/mvs/iezdeb.h
DEBEOFDF	ibm/mvs/iezdeb.h
DEBESMVR	ibm/mvs/iezdeb.h
DEBEXCPA	ibm/mvs/iezdeb.h
DEBEXFUL	ibm/mvs/iezdeb.h
DEBF1CEV	ibm/mvs/iezdeb.h
DEBFIX	ibm/mvs/iezdeb.h
DEBIOVR	ibm/mvs/iezdeb.h
DEBISAM	ibm/mvs/iezdeb.h
DEBLABEL	ibm/mvs/iezdeb.h
DEBMULTI	ibm/mvs/iezdeb.h
DEBPCINP	ibm/mvs/iezdeb.h
DEBPGFX	ibm/mvs/iezdeb.h
DEBPOSIT	ibm/mvs/iezdeb.h
DEBPRFX	ibm/mvs/iezdeb.h
DEBPWCKD	ibm/mvs/iezdeb.h
DEBRERR	ibm/mvs/iezdeb.h
DEBRLSE	ibm/mvs/iezdeb.h
DEBRPSAP	ibm/mvs/iezdeb.h
DEBRPSI	ibm/mvs/iezdeb.h
DEBRPSO	ibm/mvs/iezdeb.h
DEBRPSP	ibm/mvs/iezdeb.h
DEBRSIOA	ibm/mvs/iezdeb.h
DEBRSV09	ibm/mvs/iezdeb.h
DEBRSV10	ibm/mvs/iezdeb.h
DEBRSV11	ibm/mvs/iezdeb.h
DEBRSV12	ibm/mvs/iezdeb.h
DEBRSV24	ibm/mvs/iezdeb.h
DEBRSV25	ibm/mvs/iezdeb.h
DEBRSV26	ibm/mvs/iezdeb.h
DEBRSV27	ibm/mvs/iezdeb.h
DEBRSV29	ibm/mvs/iezdeb.h
DEBRSV30	ibm/mvs/iezdeb.h
DEBRSV31	ibm/mvs/iezdeb.h
DEBRSV32	ibm/mvs/iezdeb.h
DEBRSV33	ibm/mvs/iezdeb.h
DEBRSV34	ibm/mvs/iezdeb.h
DEBRSV35	ibm/mvs/iezdeb.h
DEBRV004	ibm/mvs/iezdeb.h
DEBRV005	ibm/mvs/iezdeb.h
DEBRV006	ibm/mvs/iezdeb.h
DEBRV007	ibm/mvs/iezdeb.h
DEBSECVL	ibm/mvs/iezdeb.h
DEBSIONP	ibm/mvs/iezdeb.h
DEBSIOX	ibm/mvs/iezdeb.h
DEBSPLIT	ibm/mvs/iezdeb.h
DEBSUBNM	ibm/mvs/iezdeb.h
DEBTAMID	ibm/mvs/iezdeb.h
DEBVAMID	ibm/mvs/iezdeb.h
DEBVAMSG	ibm/mvs/iezdeb.h
DEBXACIS	ibm/mvs/iezdeb.h
DEBXCDCB	ibm/mvs/iezdeb.h
DEBXCENP	ibm/mvs/iezdeb.h
DEBXDSSI	ibm/mvs/iezdeb.h
DEBXTN	ibm/mvs/iezdeb.h
DEBXTNIN	ibm/mvs/iezdeb.h
DEBXTSKC	ibm/mvs/iezdeb.h
DEBXWIND	ibm/mvs/iezdeb.h
DEBZERO	ibm/mvs/iezdeb.h
DECB	ibm/mvs/ihadecb.h
DECIMAL_DIG	float.h
DECLNS	ibm/mvs/ihadecb.h
DECRDSB	ibm/mvs/ihadecb.h
DECRDSF	ibm/mvs/ihadecb.h
DECWRSD	ibm/mvs/ihadecb.h
DECWRSF	ibm/mvs/ihadecb.h
DECWRSFR	ibm/mvs/ihadecb.h
DECWRSZ	ibm/mvs/ihadecb.h
DELJ_DUPJ	mvs/jes2.h
DELJ_EODS	mvs/jes2.h
DELJ_IDST	mvs/jes2.h
DELJ_INVA	mvs/jes2.h
DELJ_INVJ	mvs/jes2.h
DELJ_NJOB	mvs/jes2.h
DELJ_OK	mvs/jes2.h
DELJ_UNAV	mvs/jes2.h
DENMK	ibm/mvs/iefvkeys.h
DEQ	mvs/enq.h
DESTK	ibm/mvs/iefvkeys.h
DEVAV	mvs/dscb.h
DEVTYPE	mvs/dasd.h
DE_ALIAS	mvs/pds.h
DE_JOB	mvs/pds.h
DE_LINK	mvs/pds.h
DE_PRIVATE	mvs/pds.h
DE_TTRNS	mvs/pds.h
DE_UDATA	mvs/pds.h
DIAGNSK	ibm/mvs/iefvkeys.h
DICVT	mvs/dscb.h
DINDDNAM	ibm/mvs/iefzb4d2.h
DINDSNAM	ibm/mvs/iefzb4d2.h
DINPATH	ibm/mvs/iefzb4d2.h
DINRAVGR	ibm/mvs/iefzb4d2.h
DINRCNDS	ibm/mvs/iefzb4d2.h
DINRCNTL	ibm/mvs/iefzb4d2.h
DINRDACL	ibm/mvs/iefzb4d2.h
DINRDSNT	ibm/mvs/iefzb4d2.h
DINRELNO	ibm/mvs/iefzb4d2.h
DINRFDAT	ibm/mvs/iefzb4d2.h
DINRKEYO	ibm/mvs/iefzb4d2.h
DINRLIKE	ibm/mvs/iefzb4d2.h
DINRMGCL	ibm/mvs/iefzb4d2.h
DINRPATH	ibm/mvs/iefzb4d2.h
DINRPMDE	ibm/mvs/iefzb4d2.h
DINRPNDS	ibm/mvs/iefzb4d2.h
DINRPOPT	ibm/mvs/iefzb4d2.h
DINRRECO	ibm/mvs/iefzb4d2.h
DINRREFD	ibm/mvs/iefzb4d2.h
DINRSECM	ibm/mvs/iefzb4d2.h
DINRSEGM	ibm/mvs/iefzb4d2.h
DINRSPIN	ibm/mvs/iefzb4d2.h
DINRSTCL	ibm/mvs/iefzb4d2.h
DINRTATT	ibm/mvs/iefzb4d2.h
DINRTCDP	ibm/mvs/iefzb4d2.h
DINRTDDN	ibm/mvs/iefzb4d2.h
DINRTDSN	ibm/mvs/iefzb4d2.h
DINRTLIM	ibm/mvs/iefzb4d2.h
DINRTLST	ibm/mvs/iefzb4d2.h
DINRTMEM	ibm/mvs/iefzb4d2.h
DINRTNDP	ibm/mvs/iefzb4d2.h
DINRTORG	ibm/mvs/iefzb4d2.h
DINRTSTA	ibm/mvs/iefzb4d2.h
DINRTTYP	ibm/mvs/iefzb4d2.h
DINRTVOL	ibm/mvs/iefzb4d2.h
DIRF	mvs/dscb.h
DISPK	ibm/mvs/iefvkeys.h
DLMK	ibm/mvs/iefvkeys.h
DOCVT	mvs/dscb.h
DOSBT	mvs/dscb.h
DRICURNT	ibm/mvs/iefzb4d2.h
DRITCBAD	ibm/mvs/iefzb4d2.h
DSAB	ibm/mvs/ihadsab.h
DSABAM	ibm/mvs/ihadsab.h
DSABANL	ibm/mvs/ihadsab.h
DSABANMI	ibm/mvs/ihadsab.h
DSABCATL	ibm/mvs/ihadsab.h
DSABCATM	ibm/mvs/ihadsab.h
DSABCKDS	ibm/mvs/ihadsab.h
DSABCKSI	ibm/mvs/ihadsab.h
DSABCKVL	ibm/mvs/ihadsab.h
DSABCONV	ibm/mvs/ihadsab.h
DSABCQ	ibm/mvs/ihadsab.h
DSABCX	ibm/mvs/ihadsab.h
DSABDA	ibm/mvs/ihadsab.h
DSABDALC	ibm/mvs/ihadsab.h
DSABDCAT	ibm/mvs/ihadsab.h
DSABDCNV	ibm/mvs/ihadsab.h
DSABDEFR	ibm/mvs/ihadsab.h
DSABGIDL	ibm/mvs/ihadsab.h
DSABGS	ibm/mvs/ihadsab.h
DSABIRM	ibm/mvs/ihadsab.h
DSABIS	ibm/mvs/ihadsab.h
DSABJSCT	ibm/mvs/ihadsab.h
DSABL	ibm/mvs/ihadsab.h
DSABMQ	ibm/mvs/ihadsab.h
DSABNUSE	ibm/mvs/ihadsab.h
DSABOPEN	ibm/mvs/ihadsab.h
DSABPALC	ibm/mvs/ihadsab.h
DSABPASS	ibm/mvs/ihadsab.h
DSABPCAT	ibm/mvs/ihadsab.h
DSABPO	ibm/mvs/ihadsab.h
DSABPS	ibm/mvs/ihadsab.h
DSABTQ	ibm/mvs/ihadsab.h
DSABTR	ibm/mvs/ihadsab.h
DSABTX	ibm/mvs/ihadsab.h
DSABU	ibm/mvs/ihadsab.h
DSABUNAL	ibm/mvs/ihadsab.h
DSABVAM	ibm/mvs/ihadsab.h
DSABVMSC	ibm/mvs/ihadsab.h
DSABVVDS	ibm/mvs/ihadsab.h
DSAE	mvs/dscb.h
DSCB	mvs/dscb.h
DSCB1	mvs/dscb.h
DSCB3	mvs/dscb.h
DSCB4	mvs/dscb.h
DSCHA	mvs/dscb.h
DSGCX	mvs/dscb.h
DSGDA	mvs/dscb.h
DSGGS	mvs/dscb.h
DSGIS	mvs/dscb.h
DSGPO	mvs/dscb.h
DSGPS	mvs/dscb.h
DSGTQ	mvs/dscb.h
DSGTR	mvs/dscb.h
DSGTX	mvs/dscb.h
DSGU	mvs/dscb.h
DSIDK	ibm/mvs/iefvkeys.h
DSID_INJCL	mvs/jes2.h
DSID_INJNL	mvs/jes2.h
DSID_INTXT	mvs/jes2.h
DSID_OUHJL	mvs/jes2.h
DSID_OUJCI	mvs/jes2.h
DSID_OUMSG	mvs/jes2.h
DSLIST	mvs/dslist.h
DSNAMEK	ibm/mvs/iefvkeys.h
DSORGMK	ibm/mvs/iefvkeys.h
DSTKP	mvs/dscb.h
DTXDDNM	ibm/mvs/ieftxtft.h
DTXDSNLT	ibm/mvs/ieftxtft.h
DTXDUMMY	ibm/mvs/ieftxtft.h
DTXDYNAM	ibm/mvs/ieftxtft.h
DTXPROC	ibm/mvs/ieftxtft.h
DTXSUBSK	ibm/mvs/ieftxtft.h
DTXSYOUT	ibm/mvs/ieftxtft.h
DTXSYSIN	ibm/mvs/ieftxtft.h
DUMMK	ibm/mvs/iefvkeys.h
DUMP_OP	mvs/recovery.h
DUNDDNAM	ibm/mvs/iefzb4d2.h
DUNDSNAM	ibm/mvs/iefzb4d2.h
DUNMEMBR	ibm/mvs/iefzb4d2.h
DUNOVCLS	ibm/mvs/iefzb4d2.h
DUNOVDSP	ibm/mvs/iefzb4d2.h
DUNOVPDS	ibm/mvs/iefzb4d2.h
DUNOVSHQ	ibm/mvs/iefzb4d2.h
DUNOVSNH	ibm/mvs/iefzb4d2.h
DUNOVSUS	ibm/mvs/iefzb4d2.h
DUNOVUID	ibm/mvs/iefzb4d2.h
DUNPATH	ibm/mvs/iefzb4d2.h
DUNREMOV	ibm/mvs/iefzb4d2.h
DUNSPIN	ibm/mvs/iefzb4d2.h
DUNUNALC	ibm/mvs/iefzb4d2.h
DVA2BOV	ibm/mvs/ihadva.h
DVABDCYL	ibm/mvs/ihadva.h
DVADEVLG	ibm/mvs/ihadva.h
DVAENTLG	ibm/mvs/ihadva.h
DVAFTOL	ibm/mvs/ihadva.h
DVAREA	ibm/mvs/ihadva.h
DVARPS	ibm/mvs/ihadva.h
DVARPSLG	ibm/mvs/ihadva.h
DVASHFT	ibm/mvs/ihadva.h
DVATAB	ibm/mvs/ihadva.h
DVTOC	mvs/dscb.h
DYNAK	ibm/mvs/iefvkeys.h
DYNMEEK	ibm/mvs/iefvkeys.h
DYNMPEK	ibm/mvs/iefvkeys.h
E2BIG	errno.h
EACCES	errno.h
EADDRINUSE	errno.h
EADDRNOTAVAIL	errno.h
EAFNOSUPPORT	errno.h
EAGAIN	errno.h
EALREADY	errno.h
EBADF	errno.h
EBADFD	errno.h
EBADMSG	errno.h
EBUSY	errno.h
ECANCELED	errno.h
ECB	mvs/ecb.h
ECB_POSTED_BIT	mvs/ecb.h
ECB_VALUE_MASK	mvs/ecb.h
ECB_WAITING_BIT	mvs/ecb.h
ECHILD	errno.h
ECONNABORTED	errno.h
ECONNREFUSED	errno.h
ECONNRESET	errno.h
ECT	ibm/mvs/ikject.h
ECTATRM	ibm/mvs/ikject.h
ECTATTN	ibm/mvs/ikject.h
ECTBKGRD	ibm/mvs/ikject.h
ECTDEFCS	ibm/mvs/ikject.h
ECTLOGF	ibm/mvs/ikject.h
ECTNMAL	ibm/mvs/ikject.h
ECTNNOT	ibm/mvs/ikject.h
ECTNOPD	ibm/mvs/ikject.h
ECTTABND	ibm/mvs/ikject.h
EDESTADDRREQ	errno.h
EDOM	errno.h
EDOTDOT	errno.h
EDQUOT	errno.h
EEXIST	errno.h
EFAULT	errno.h
EFBIG	errno.h
EFVLD	mvs/dscb.h
EHOSTDOWN	errno.h
EHOSTUNREACH	errno.h
EILSEQ	errno.h
EINPROGRESS	errno.h
EINTR	errno.h
EINVAL	errno.h
EIO	errno.h
EISCONN	errno.h
EISDIR	errno.h
EISNAM	errno.h
EKEYEXPIRED	errno.h
EKEYREJECTED	errno.h
EKEYREVOKED	errno.h
ELIBACC	errno.h
ELIBBAD	errno.h
ELIBEXEC	errno.h
ELIBMAX	errno.h
ELIBSCN	errno.h
ELOOP	errno.h
EMEDIUMTYPE	errno.h
EMFILE	errno.h
EMLINK	errno.h
EMSGSIZE	errno.h
EMULTIHOP	errno.h
ENAMETOOLONG	errno.h
ENAVAIL	errno.h
ENDIND	ibm/mvs/iefvkeys.h
ENDK	ibm/mvs/iefvkeys.h
ENETDOWN	errno.h
ENETRESET	errno.h
ENETUNREACH	errno.h
ENFILE	errno.h
ENOBUFS	errno.h
ENODEV	errno.h
ENOENT	errno.h
ENOEXEC	errno.h
ENOKEY	errno.h
ENOMEDIUM	errno.h
ENOMEM	errno.h
ENOPROTOOPT	errno.h
ENOSPC	errno.h
ENOTBLK	errno.h
ENOTCONN	errno.h
ENOTDIR	errno.h
ENOTEMPTY	errno.h
ENOTNAM	errno.h
ENOTRECOVERABLE	errno.h
ENOTSOCK	errno.h
ENOTTY	errno.h
ENOTUNIQ	errno.h
ENQ	mvs/enq.h
ENQ_CHNG	mvs/enq.h
ENQ_EXC	mvs/enq.h
ENQ_HAVE	mvs/enq.h
ENQ_RET	mvs/enq.h
ENQ_SCOPE	mvs/enq.h
ENQ_SHR	mvs/enq.h
ENQ_STEP	mvs/enq.h
ENQ_SYSTEM	mvs/enq.h
ENQ_SYSTEMS	mvs/enq.h
ENQ_TEST	mvs/enq.h
ENQ_USE	mvs/enq.h
ENXIO	errno.h
EOF	stdio.h
EOPNOTSUPP	errno.h
EOVERFLOW	errno.h
EOWNERDEAD	errno.h
EPERM	errno.h
EPFNOSUPPORT	errno.h
EPIPE	errno.h
EPROCLIM	errno.h
EPROTONOSUPPORT	errno.h
EPROTOTYPE	errno.h
ERANGE	errno.h
EREMCHG	errno.h
EREMOTE	errno.h
EREMOTEIO	errno.h
ERESTART	errno.h
EROFS	errno.h
EROPTMK	ibm/mvs/iefvkeys.h
ESHUTDOWN	errno.h
ESOCKTNOSUPPORT	errno.h
ESPIPE	errno.h
ESRCH	errno.h
ESTAE_OP	mvs/recovery.h
ESTALE	errno.h
ESTRPIPE	errno.h
ETEND	ibm/mvs/iefvkeys.h
ETIMEDOUT	errno.h
ETOOMANYREFS	errno.h
ETXCPFLG	ibm/mvs/ieftxtft.h
ETXNODD	ibm/mvs/ieftxtft.h
ETXPRCV	ibm/mvs/ieftxtft.h
ETXPROC	ibm/mvs/ieftxtft.h
ETXSTPCT	ibm/mvs/ieftxtft.h
ETXSTPLB	ibm/mvs/ieftxtft.h
ETXTBSY	errno.h
EUCLEAN	errno.h
EUSERS	errno.h
EVSACCESS	errno.h
EVSERROR	errno.h
EVSMODE	errno.h
EVSOPEN	errno.h
EVSTYPE	errno.h
EWOULDBLOCK	errno.h
EXDEV	errno.h
EXECK	ibm/mvs/iefvkeys.h
EXECSTR	ibm/mvs/ieftxtft.h
EXITLIST	ibm/mvs/dcbd.h
EXIT_FAILURE	stdlib.h
EXIT_SUCCESS	stdlib.h
EXPDTMK	ibm/mvs/iefvkeys.h
EXT	mvs/dscb.h
EXTCYL	mvs/dscb.h
EXTCYLS	mvs/dscb.h
EXTDAT	mvs/dscb.h
EXTENT	mvs/dscb.h
EXTIDX	mvs/dscb.h
EXTLAB	mvs/dscb.h
EXTOV	mvs/dscb.h
FCBK	ibm/mvs/iefvkeys.h
FD_CLR	sys/select.h
FD_ISSET	sys/select.h
FD_SET	sys/select.h
FD_SETSIZE	sys/select.h
FD_ZERO	sys/select.h
FILE	stdio.h
FILENAME_MAX	stdio.h
FIONBIO	mvs/socket.h
FIONREAD	mvs/socket.h
FLAG_JES2	mvs/jes2.h
FLAG_SYSIN	mvs/jes2.h
FLAG_SYSOUT	mvs/jes2.h
FLASHK	ibm/mvs/iefvkeys.h
FLT_DIG	float.h
FLT_EPSILON	float.h
FLT_EVAL_METHOD	float.h
FLT_MANT_DIG	float.h
FLT_MAX	float.h
FLT_MAX_10_EXP	float.h
FLT_MAX_EXP	float.h
FLT_MIN	float.h
FLT_MIN_10_EXP	float.h
FLT_MIN_EXP	float.h
FLT_RADIX	float.h
FLT_ROUNDS	float.h
FOPEN_MAX	stdio.h
FREEK	ibm/mvs/iefvkeys.h
FRIDMK	ibm/mvs/iefvkeys.h
FUNCMK	ibm/mvs/iefvkeys.h
FreeTXT99	mvs/dynalloc.h
FreeTXT99Array	mvs/dynalloc.h
GDSORGMK	ibm/mvs/iefvkeys.h
GNCPMK	ibm/mvs/iefvkeys.h
GROUPK	ibm/mvs/iefvkeys.h
GRTFLAG1_SOCKINIT	mvs/crt.h
GRTFLAG1_TSO	mvs/crt.h
HASPCMB	ibm/jes2/cmb.h
HASPCP	mvs/jes2ckpt.h
HASPCP_EYE	mvs/jes2ckpt.h
HASPJS	mvs/jes2spool.h
HASPJS_EYE	mvs/jes2spool.h
HASPSVT	ibm/jes2/svt.h
HIARCHMK	ibm/mvs/iefvkeys.h
HOLDK	ibm/mvs/iefvkeys.h
HTONL	netinet/in.h
HTONS	netinet/in.h
HUGE_VAL	math.h
IDCAMS_SYSPRINT	mvs/idcams.h
IEEBASEA	ibm/mvs/ieebasea.h
IEECDCM	ibm/mvs/ieecdcm.h
IEFTXTFT_H	ibm/mvs/ieftxtft.h
IEZJSCB	ibm/mvs/iezjscb.h
INADDR_ANY	netinet/in.h
INADDR_NONE	netinet/in.h
IND01	mvs/dscb.h
IND02	mvs/dscb.h
IND04	mvs/dscb.h
IND08	mvs/dscb.h
IND10	mvs/dscb.h
IND20	mvs/dscb.h
IND40	mvs/dscb.h
IND80	mvs/dscb.h
INET_ADDRSTRLEN	netinet/in.h
INT16_C	stdint.h
INT16_MAX	stdint.h
INT16_MIN	stdint.h
INT32_C	stdint.h
INT32_MAX	limits.h stdint.h
INT32_MIN	stdint.h
INT64_C	stdint.h
INT64_MAX	stdint.h
INT64_MIN	stdint.h
INT8_C	stdint.h
INT8_MAX	stdint.h
INT8_MIN	stdint.h
INTKEY1	ibm/mvs/iefvkeys.h
INTKEY2	ibm/mvs/iefvkeys.h
INTKEY3	ibm/mvs/iefvkeys.h
INTKEY4	ibm/mvs/iefvkeys.h
INTKEY5	ibm/mvs/iefvkeys.h
INTKEY6	ibm/mvs/iefvkeys.h
INTKEY7	ibm/mvs/iefvkeys.h
INTKEY8	ibm/mvs/iefvkeys.h
INTKEY9	ibm/mvs/iefvkeys.h
INTKEYA	ibm/mvs/iefvkeys.h
INTKEYB	ibm/mvs/iefvkeys.h
INTKEYC	ibm/mvs/iefvkeys.h
INTMAX_C	stdint.h
INTMAX_MAX	stdint.h
INTMAX_MIN	stdint.h
INTPTR_MAX	stdint.h
INTPTR_MIN	stdint.h
INTVLMK	ibm/mvs/iefvkeys.h
INT_FAST16_MAX	stdint.h
INT_FAST16_MIN	stdint.h
INT_FAST32_MAX	stdint.h
INT_FAST32_MIN	stdint.h
INT_FAST64_MAX	stdint.h
INT_FAST64_MIN	stdint.h
INT_FAST8_MAX	stdint.h
INT_FAST8_MIN	stdint.h
INT_LEAST16_MAX	stdint.h
INT_LEAST16_MIN	stdint.h
INT_LEAST32_MAX	stdint.h
INT_LEAST32_MIN	stdint.h
INT_LEAST64_MAX	stdint.h
INT_LEAST64_MIN	stdint.h
INT_LEAST8_MAX	stdint.h
INT_LEAST8_MIN	stdint.h
INT_MAX	limits.h
INT_MIN	limits.h
IOB	ibm/mvs/ieziob.h
IOBABAPP	ibm/mvs/ieziob.h
IOBACU	ibm/mvs/ieziob.h
IOBALTTR	ibm/mvs/ieziob.h
IOBCC3WE	ibm/mvs/ieziob.h
IOBCCC	ibm/mvs/ieziob.h
IOBCDC	ibm/mvs/ieziob.h
IOBCMDCH	ibm/mvs/ieziob.h
IOBCNC	ibm/mvs/ieziob.h
IOBCSB0	ibm/mvs/ieziob.h
IOBCSB1	ibm/mvs/ieziob.h
IOBCSB2	ibm/mvs/ieziob.h
IOBCSB3	ibm/mvs/ieziob.h
IOBCSB4	ibm/mvs/ieziob.h
IOBCSB5	ibm/mvs/ieziob.h
IOBCSB6	ibm/mvs/ieziob.h
IOBCSB7	ibm/mvs/ieziob.h
IOBCYCCK	ibm/mvs/ieziob.h
IOBDATCH	ibm/mvs/ieziob.h
IOBERRTN	ibm/mvs/ieziob.h
IOBFCREX	ibm/mvs/ieziob.h
IOBFLAG3	ibm/mvs/ieziob.h
IOBGDPOL	ibm/mvs/ieziob.h
IOBHALT	ibm/mvs/ieziob.h
IOBICC	ibm/mvs/ieziob.h
IOBICL	ibm/mvs/ieziob.h
IOBINUSE	ibm/mvs/ieziob.h
IOBIOERR	ibm/mvs/ieziob.h
IOBJAM	ibm/mvs/ieziob.h
IOBJES3I	ibm/mvs/ieziob.h
IOBLOG	ibm/mvs/ieziob.h
IOBMSG	ibm/mvs/ieziob.h
IOBOLTST	ibm/mvs/ieziob.h
IOBPCI	ibm/mvs/ieziob.h
IOBPMERR	ibm/mvs/ieziob.h
IOBPNCH	ibm/mvs/ieziob.h
IOBPRFX	ibm/mvs/ieziob.h
IOBPRMER	ibm/mvs/ieziob.h
IOBPTST	ibm/mvs/ieziob.h
IOBPURGE	ibm/mvs/ieziob.h
IOBRDHA0	ibm/mvs/ieziob.h
IOBRFTMG	ibm/mvs/ieziob.h
IOBRPSTN	ibm/mvs/ieziob.h
IOBRRT2	ibm/mvs/ieziob.h
IOBRRT3	ibm/mvs/ieziob.h
IOBRSTCH	ibm/mvs/ieziob.h
IOBRSTRT	ibm/mvs/ieziob.h
IOBRSV02	ibm/mvs/ieziob.h
IOBRSV03	ibm/mvs/ieziob.h
IOBRSV04	ibm/mvs/ieziob.h
IOBRSV14	ibm/mvs/ieziob.h
IOBRSV15	ibm/mvs/ieziob.h
IOBRSV16	ibm/mvs/ieziob.h
IOBRSV17	ibm/mvs/ieziob.h
IOBRSV40	ibm/mvs/ieziob.h
IOBRSV41	ibm/mvs/ieziob.h
IOBRSV42	ibm/mvs/ieziob.h
IOBRSV44	ibm/mvs/ieziob.h
IOBSDR	ibm/mvs/ieziob.h
IOBSENSE	ibm/mvs/ieziob.h
IOBSKUPD	ibm/mvs/ieziob.h
IOBSPSVC	ibm/mvs/ieziob.h
IOBSTATO	ibm/mvs/ieziob.h
IOBSTDRD	ibm/mvs/ieziob.h
IOBUNREL	ibm/mvs/ieziob.h
IOBUSB0	ibm/mvs/ieziob.h
IOBUSB1	ibm/mvs/ieziob.h
IOBUSB2	ibm/mvs/ieziob.h
IOBUSB3	ibm/mvs/ieziob.h
IOBUSB4	ibm/mvs/ieziob.h
IOBUSB5	ibm/mvs/ieziob.h
IOBUSB6	ibm/mvs/ieziob.h
IOBUSB7	ibm/mvs/ieziob.h
IOBV6CHN	ibm/mvs/ieziob.h
IOT1ALOC	ibm/jes2/iot.h
IOT1CKPT	ibm/jes2/iot.h
IOT1NEWS	ibm/jes2/iot.h
IOT1NTPR	ibm/jes2/iot.h
IOT1RSV1	ibm/jes2/iot.h
IOT1RSV2	ibm/jes2/iot.h
IOT1RSV7	ibm/jes2/iot.h
IOT1SPIN	ibm/jes2/iot.h
IOT2RSV0	ibm/jes2/iot.h
IOT2RSV1	ibm/jes2/iot.h
IOT2RSV2	ibm/jes2/iot.h
IOT2RSV3	ibm/jes2/iot.h
IOT2RSV4	ibm/jes2/iot.h
IOT2RSV5	ibm/jes2/iot.h
IOT2RSV6	ibm/jes2/iot.h
IOT2RSV7	ibm/jes2/iot.h
IOTJQOFF	ibm/jes2/iot.h
IOTPDBOD	ibm/jes2/iot.h
IOTPDBOI	ibm/jes2/iot.h
IOTPDBOJ	ibm/jes2/iot.h
IOTPDBOL	ibm/jes2/iot.h
IOTPDBOM	ibm/jes2/iot.h
IOTPDBON	ibm/jes2/iot.h
IOTPDBOT	ibm/jes2/iot.h
IPLTXIDK	ibm/mvs/iefvkeys.h
IPPROTO_AH	netinet/in.h
IPPROTO_BEETPH	netinet/in.h
IPPROTO_COMP	netinet/in.h
IPPROTO_DCCP	netinet/in.h
IPPROTO_EGP	netinet/in.h
IPPROTO_ENCAP	netinet/in.h
IPPROTO_ESP	netinet/in.h
IPPROTO_GRE	netinet/in.h
IPPROTO_ICMP	netinet/in.h
IPPROTO_IDP	netinet/in.h
IPPROTO_IGMP	netinet/in.h
IPPROTO_IP	netinet/in.h
IPPROTO_IPIP	netinet/in.h
IPPROTO_IPV6	netinet/in.h
IPPROTO_MPLS	netinet/in.h
IPPROTO_MTP	netinet/in.h
IPPROTO_PIM	netinet/in.h
IPPROTO_PUP	netinet/in.h
IPPROTO_RAW	netinet/in.h
IPPROTO_RSVP	netinet/in.h
IPPROTO_SCTP	netinet/in.h
IPPROTO_TCP	netinet/in.h
IPPROTO_TP	netinet/in.h
IPPROTO_UDP	netinet/in.h
IPPROTO_UDPLITE	netinet/in.h
IRBLEN	ibm/mvs/iharb.h
ISAMACT	mvs/dscb.h
ISAMCO	mvs/dscb.h
ISAMD	mvs/dscb.h
ISAMIO	mvs/dscb.h
ISAMMI	mvs/dscb.h
ISAMR	mvs/dscb.h
ISAMWVC	mvs/dscb.h
ISPEXEC	mvs/ispf.h
ISPFDATA	mvs/dslist.h
ISPFDATA_FLAG_SCLM	mvs/dslist.h
ISPFSTAT	mvs/dslist.h
ISPLINK	mvs/ispf.h
ISP_ADDPOP	mvs/ispf.h
ISP_BRIF	mvs/ispf.h
ISP_BROWSE	mvs/ispf.h
ISP_CONTROL	mvs/ispf.h
ISP_DEFAULT	mvs/ispf.h
ISP_DISPLAY	mvs/ispf.h
ISP_DSINFO	mvs/ispf.h
ISP_EDIF	mvs/ispf.h
ISP_EDIREC	mvs/ispf.h
ISP_EDIT	mvs/ispf.h
ISP_EDREC	mvs/ispf.h
ISP_FILESTAT	mvs/ispf.h
ISP_FILEXFER	mvs/ispf.h
ISP_FTCLOSE	mvs/ispf.h
ISP_FTERASE	mvs/ispf.h
ISP_FTINCL	mvs/ispf.h
ISP_FTOPEN	mvs/ispf.h
ISP_GETMSG	mvs/ispf.h
ISP_GRERROR	mvs/ispf.h
ISP_GRINIT	mvs/ispf.h
ISP_GRTERM	mvs/ispf.h
ISP_LAST	mvs/ispf.h
ISP_LIBDEF	mvs/ispf.h
ISP_LIST	mvs/ispf.h
ISP_LMCLOSE	mvs/ispf.h
ISP_LMCOMP	mvs/ispf.h
ISP_LMCOPY	mvs/ispf.h
ISP_LMDDISP	mvs/ispf.h
ISP_LMDFREE	mvs/ispf.h
ISP_LMDINIT	mvs/ispf.h
ISP_LMDLIST	mvs/ispf.h
ISP_LMERASE	mvs/ispf.h
ISP_LMFREE	mvs/ispf.h
ISP_LMGET	mvs/ispf.h
ISP_LMINIT	mvs/ispf.h
ISP_LMMADD	mvs/ispf.h
ISP_LMMDEL	mvs/ispf.h
ISP_LMMDISP	mvs/ispf.h
ISP_LMMFIND	mvs/ispf.h
ISP_LMMLIST	mvs/ispf.h
ISP_LMMOVE	mvs/ispf.h
ISP_LMMREN	mvs/ispf.h
ISP_LMMREP	mvs/ispf.h
ISP_LMMSTATS	mvs/ispf.h
ISP_LMOPEN	mvs/ispf.h
ISP_LMPRINT	mvs/ispf.h
ISP_LMPUT	mvs/ispf.h
ISP_LMQUERY	mvs/ispf.h
ISP_LMRENAME	mvs/ispf.h
ISP_LOG	mvs/ispf.h
ISP_MEMLIST	mvs/ispf.h
ISP_PQUERY	mvs/ispf.h
ISP_QBASELIB	mvs/ispf.h
ISP_QLIBDEF	mvs/ispf.h
ISP_QTABOPEN	mvs/ispf.h
ISP_QUERYENQ	mvs/ispf.h
ISP_REMPOP	mvs/ispf.h
ISP_SELECT	mvs/ispf.h
ISP_SETMSG	mvs/ispf.h
ISP_TBADD	mvs/ispf.h
ISP_TBBOTTOM	mvs/ispf.h
ISP_TBCLOSE	mvs/ispf.h
ISP_TBCREATE	mvs/ispf.h
ISP_TBDELETE	mvs/ispf.h
ISP_TBDISPL	mvs/ispf.h
ISP_TBEND	mvs/ispf.h
ISP_TBERASE	mvs/ispf.h
ISP_TBEXIST	mvs/ispf.h
ISP_TBGET	mvs/ispf.h
ISP_TBMOD	mvs/ispf.h
ISP_TBOPEN	mvs/ispf.h
ISP_TBPUT	mvs/ispf.h
ISP_TBQUERY	mvs/ispf.h
ISP_TBSARG	mvs/ispf.h
ISP_TBSAVE	mvs/ispf.h
ISP_TBSCAN	mvs/ispf.h
ISP_TBSKIP	mvs/ispf.h
ISP_TBSORT	mvs/ispf.h
ISP_TBSTATS	mvs/ispf.h
ISP_TBTOP	mvs/ispf.h
ISP_TBVCLEAR	mvs/ispf.h
ISP_TRANS	mvs/ispf.h
ISP_VCOPY	mvs/ispf.h
ISP_VDEFINE	mvs/ispf.h
ISP_VDELETE	mvs/ispf.h
ISP_VERASE	mvs/ispf.h
ISP_VGET	mvs/ispf.h
ISP_VIEW	mvs/ispf.h
ISP_VIIF	mvs/ispf.h
ISP_VMASK	mvs/ispf.h
ISP_VPUT	mvs/ispf.h
ISP_VREPLACE	mvs/ispf.h
ISP_VRESET	mvs/ispf.h
ISP_WSCON	mvs/ispf.h
ISP_WSDISCON	mvs/ispf.h
IVTOC	mvs/dscb.h
JCT1CKPT	ibm/jes2/jct.h
JCTBATCH	ibm/jes2/jct.h
JCTBURST	ibm/jes2/jct.h
JCTCABND	ibm/jes2/jct.h
JCTCDUPL	ibm/jes2/jct.h
JCTCIO	ibm/jes2/jct.h
JCTCJCL	ibm/jes2/jct.h
JCTCOK	ibm/jes2/jct.h
JCTINRDR	ibm/jes2/jct.h
JCTJMRUX	ibm/jes2/jct.h
JCTJTABD	ibm/jes2/jct.h
JCTJTCF	ibm/jes2/jct.h
JCTJTJF	ibm/jes2/jct.h
JCTNOJNL	ibm/jes2/jct.h
JCTNOLOG	ibm/jes2/jct.h
JCTNOT26	ibm/jes2/jct.h
JCTNOTY6	ibm/jes2/jct.h
JCTNOUJP	ibm/jes2/jct.h
JCTNOUPT	ibm/jes2/jct.h
JCTNOUSO	ibm/jes2/jct.h
JCTPRICD	ibm/jes2/jct.h
JCTPURGE	ibm/jes2/jct.h
JCTQHELD	ibm/jes2/jct.h
JCTRERUN	ibm/jes2/jct.h
JCTRSTRT	ibm/jes2/jct.h
JCTSETUP	ibm/jes2/jct.h
JCTSMFL0	ibm/jes2/jct.h
JCTSMFL1	ibm/jes2/jct.h
JCTSMFL3	ibm/jes2/jct.h
JCTSMFL4	ibm/jes2/jct.h
JCTSTCJB	ibm/jes2/jct.h
JCTTCOPY	ibm/jes2/jct.h
JCTTHOLD	ibm/jes2/jct.h
JCTTSCAN	ibm/jes2/jct.h
JCTTSUJB	ibm/jes2/jct.h
JCTXBACH	ibm/jes2/jct.h
JES	mvs/jes2.h
JESCT	ibm/mvs/iefjesct.h
JESDD	mvs/jes2.h
JESDD_EYE	mvs/jes2.h
JESFILT	mvs/jes2.h
JESJOB	mvs/jes2.h
JESJOB_ABD	mvs/jes2.h
JESJOB_CF	mvs/jes2.h
JESJOB_EYE	mvs/jes2.h
JESJOB_JF	mvs/jes2.h
JESPRST	mvs/jes2.h
JESPR_CAP	mvs/jes2.h
JESPR_DSID	mvs/jes2.h
JESPR_EMPTY	mvs/jes2.h
JESPR_END	mvs/jes2.h
JESPR_FOREIGN	mvs/jes2.h
JESPR_IOERR	mvs/jes2.h
JESPR_LOOP	mvs/jes2.h
JESPR_MAXBLK	mvs/jes2.h
JESPR_NOBUF	mvs/jes2.h
JESPR_NOMEM	mvs/jes2.h
JESPR_OPENEND	mvs/jes2.h
JESPR_STOPPED	mvs/jes2.h
JESPR_TRUNC	mvs/jes2.h
JES_EYE	mvs/jes2.h
JFC1600	ibm/mvs/iefjfcbn.h
JFC200	ibm/mvs/iefjfcbn.h
JFC556	ibm/mvs/iefjfcbn.h
JFC6250	ibm/mvs/iefjfcbn.h
JFC800	ibm/mvs/iefjfcbn.h
JFCABN	ibm/mvs/iefjfcbn.h
JFCACC	ibm/mvs/iefjfcbn.h
JFCACT	ibm/mvs/iefjfcbn.h
JFCADDED	ibm/mvs/iefjfcbn.h
JFCALLOW	ibm/mvs/iefjfcbn.h
JFCALX	ibm/mvs/iefjfcbn.h
JFCASA	ibm/mvs/iefjfcbn.h
JFCB	ibm/mvs/iefjfcbn.h
JFCBABS	ibm/mvs/iefjfcbn.h
JFCBADSP	ibm/mvs/iefjfcbn.h
JFCBAL	ibm/mvs/iefjfcbn.h
JFCBAVR	ibm/mvs/iefjfcbn.h
JFCBBFTA	ibm/mvs/iefjfcbn.h
JFCBBFTR	ibm/mvs/iefjfcbn.h
JFCBBUFF	ibm/mvs/iefjfcbn.h
JFCBCEOV	ibm/mvs/iefjfcbn.h
JFCBCKDS	ibm/mvs/iefjfcbn.h
JFCBCKPT	ibm/mvs/iefjfcbn.h
JFCBCYL	ibm/mvs/iefjfcbn.h
JFCBDLET	ibm/mvs/iefjfcbn.h
JFCBEXP	ibm/mvs/iefjfcbn.h
JFCBEXTP	ibm/mvs/iefjfcbn.h
JFCBFOFL	ibm/mvs/iefjfcbn.h
JFCBLP	ibm/mvs/iefjfcbn.h
JFCBLTM	ibm/mvs/iefjfcbn.h
JFCBMSGP	ibm/mvs/iefjfcbn.h
JFCBPROT	ibm/mvs/iefjfcbn.h
JFCBPWBP	ibm/mvs/iefjfcbn.h
JFCBRWPW	ibm/mvs/iefjfcbn.h
JFCBSPAC	ibm/mvs/iefjfcbn.h
JFCBTRK	ibm/mvs/iefjfcbn.h
JFCBUAFF	ibm/mvs/iefjfcbn.h
JFCCAT	ibm/mvs/iefjfcbn.h
JFCCBWU	ibm/mvs/iefjfcbn.h
JFCCHAR	ibm/mvs/iefjfcbn.h
JFCCYL	ibm/mvs/iefjfcbn.h
JFCDEFER	ibm/mvs/iefjfcbn.h
JFCDEL	ibm/mvs/iefjfcbn.h
JFCDISP	ibm/mvs/iefjfcbn.h
JFCDQDSP	ibm/mvs/iefjfcbn.h
JFCDUAL	ibm/mvs/iefjfcbn.h
JFCDWORD	ibm/mvs/iefjfcbn.h
JFCDYN	ibm/mvs/iefjfcbn.h
JFCENT	ibm/mvs/iefjfcbn.h
JFCEQUAL	ibm/mvs/iefjfcbn.h
JFCEXC	ibm/mvs/iefjfcbn.h
JFCEXT	ibm/mvs/iefjfcbn.h
JFCFCBAL	ibm/mvs/iefjfcbn.h
JFCFCBVR	ibm/mvs/iefjfcbn.h
JFCFEED	ibm/mvs/iefjfcbn.h
JFCFIX	ibm/mvs/iefjfcbn.h
JFCFMREC	ibm/mvs/iefjfcbn.h
JFCFNCBD	ibm/mvs/iefjfcbn.h
JFCFNCBI	ibm/mvs/iefjfcbn.h
JFCFNCBP	ibm/mvs/iefjfcbn.h
JFCFNCBR	ibm/mvs/iefjfcbn.h
JFCFNCBT	ibm/mvs/iefjfcbn.h
JFCFNCBW	ibm/mvs/iefjfcbn.h
JFCFNCBX	ibm/mvs/iefjfcbn.h
JFCFOLD	ibm/mvs/iefjfcbn.h
JFCFWORD	ibm/mvs/iefjfcbn.h
JFCGDG	ibm/mvs/iefjfcbn.h
JFCHIER	ibm/mvs/iefjfcbn.h
JFCHIER1	ibm/mvs/iefjfcbn.h
JFCIND	ibm/mvs/iefjfcbn.h
JFCINOP	ibm/mvs/iefjfcbn.h
JFCLOC	ibm/mvs/iefjfcbn.h
JFCMAC	ibm/mvs/iefjfcbn.h
JFCMAST	ibm/mvs/iefjfcbn.h
JFCMIXG	ibm/mvs/iefjfcbn.h
JFCMOD	ibm/mvs/iefjfcbn.h
JFCMODNW	ibm/mvs/iefjfcbn.h
JFCNDCB	ibm/mvs/iefjfcbn.h
JFCNDSCB	ibm/mvs/iefjfcbn.h
JFCNEW	ibm/mvs/iefjfcbn.h
JFCNL	ibm/mvs/iefjfcbn.h
JFCNOCC	ibm/mvs/iefjfcbn.h
JFCNRPS	ibm/mvs/iefjfcbn.h
JFCNSL	ibm/mvs/iefjfcbn.h
JFCNWRIT	ibm/mvs/iefjfcbn.h
JFCOLD	ibm/mvs/iefjfcbn.h
JFCONTIG	ibm/mvs/iefjfcbn.h
JFCOPEN	ibm/mvs/iefjfcbn.h
JFCOPTJ	ibm/mvs/iefjfcbn.h
JFCOPTQ	ibm/mvs/iefjfcbn.h
JFCORGAM	ibm/mvs/iefjfcbn.h
JFCORGCQ	ibm/mvs/iefjfcbn.h
JFCORGCX	ibm/mvs/iefjfcbn.h
JFCORGDA	ibm/mvs/iefjfcbn.h
JFCORGGS	ibm/mvs/iefjfcbn.h
JFCORGIS	ibm/mvs/iefjfcbn.h
JFCORGMQ	ibm/mvs/iefjfcbn.h
JFCORGPO	ibm/mvs/iefjfcbn.h
JFCORGPS	ibm/mvs/iefjfcbn.h
JFCORGTQ	ibm/mvs/iefjfcbn.h
JFCORGTR	ibm/mvs/iefjfcbn.h
JFCORGTX	ibm/mvs/iefjfcbn.h
JFCORGU	ibm/mvs/iefjfcbn.h
JFCOUTOP	ibm/mvs/iefjfcbn.h
JFCOVER	ibm/mvs/iefjfcbn.h
JFCPAT	ibm/mvs/iefjfcbn.h
JFCPCIA1	ibm/mvs/iefjfcbn.h
JFCPCIA2	ibm/mvs/iefjfcbn.h
JFCPCIBT	ibm/mvs/iefjfcbn.h
JFCPCIN1	ibm/mvs/iefjfcbn.h
JFCPCIN2	ibm/mvs/iefjfcbn.h
JFCPCIR1	ibm/mvs/iefjfcbn.h
JFCPCIR2	ibm/mvs/iefjfcbn.h
JFCPCIX1	ibm/mvs/iefjfcbn.h
JFCPCIX2	ibm/mvs/iefjfcbn.h
JFCPDS	ibm/mvs/iefjfcbn.h
JFCRCFM	ibm/mvs/iefjfcbn.h
JFCRCTLG	ibm/mvs/iefjfcbn.h
JFCRECV	ibm/mvs/iefjfcbn.h
JFCREDUC	ibm/mvs/iefjfcbn.h
JFCREL	ibm/mvs/iefjfcbn.h
JFCREORG	ibm/mvs/iefjfcbn.h
JFCREQ	ibm/mvs/iefjfcbn.h
JFCRFB	ibm/mvs/iefjfcbn.h
JFCRFO	ibm/mvs/iefjfcbn.h
JFCRFS	ibm/mvs/iefjfcbn.h
JFCRLSE	ibm/mvs/iefjfcbn.h
JFCROUND	ibm/mvs/iefjfcbn.h
JFCRSV13	ibm/mvs/iefjfcbn.h
JFCRSV15	ibm/mvs/iefjfcbn.h
JFCRSV16	ibm/mvs/iefjfcbn.h
JFCRSV17	ibm/mvs/iefjfcbn.h
JFCRSV18	ibm/mvs/iefjfcbn.h
JFCRSV19	ibm/mvs/iefjfcbn.h
JFCRSV20	ibm/mvs/iefjfcbn.h
JFCRSV21	ibm/mvs/iefjfcbn.h
JFCRSV22	ibm/mvs/iefjfcbn.h
JFCRSV25	ibm/mvs/iefjfcbn.h
JFCRSV26	ibm/mvs/iefjfcbn.h
JFCRSV27	ibm/mvs/iefjfcbn.h
JFCRSV29	ibm/mvs/iefjfcbn.h
JFCRSV31	ibm/mvs/iefjfcbn.h
JFCRSV38	ibm/mvs/iefjfcbn.h
JFCSDNAM	ibm/mvs/iefjfcbn.h
JFCSDRPS	ibm/mvs/iefjfcbn.h
JFCSDS	ibm/mvs/iefjfcbn.h
JFCSECUR	ibm/mvs/iefjfcbn.h
JFCSEND	ibm/mvs/iefjfcbn.h
JFCSHARE	ibm/mvs/iefjfcbn.h
JFCSIM	ibm/mvs/iefjfcbn.h
JFCSKP	ibm/mvs/iefjfcbn.h
JFCSL	ibm/mvs/iefjfcbn.h
JFCSLCRE	ibm/mvs/iefjfcbn.h
JFCSLDES	ibm/mvs/iefjfcbn.h
JFCSPNO	ibm/mvs/iefjfcbn.h
JFCSPONE	ibm/mvs/iefjfcbn.h
JFCSPTHR	ibm/mvs/iefjfcbn.h
JFCSPTWO	ibm/mvs/iefjfcbn.h
JFCSRCHD	ibm/mvs/iefjfcbn.h
JFCSTAND	ibm/mvs/iefjfcbn.h
JFCSUL	ibm/mvs/iefjfcbn.h
JFCTEMP	ibm/mvs/iefjfcbn.h
JFCTOPEN	ibm/mvs/iefjfcbn.h
JFCTOPT	ibm/mvs/iefjfcbn.h
JFCTRACE	ibm/mvs/iefjfcbn.h
JFCTTR	ibm/mvs/iefjfcbn.h
JFCUND	ibm/mvs/iefjfcbn.h
JFCVAR	ibm/mvs/iefjfcbn.h
JFCVARD	ibm/mvs/iefjfcbn.h
JFCVER	ibm/mvs/iefjfcbn.h
JFCVRDS	ibm/mvs/iefjfcbn.h
JFCVSL	ibm/mvs/iefjfcbn.h
JFCWUMSG	ibm/mvs/iefjfcbn.h
JFCWVCBD	ibm/mvs/iefjfcbn.h
JFCWVCIS	ibm/mvs/iefjfcbn.h
JFCWVCSP	ibm/mvs/iefjfcbn.h
JOBK	ibm/mvs/iefvkeys.h
JOBSTR	ibm/mvs/ieftxtft.h
JOESIZE	ibm/jes2/joe.h
JQELNGTH	ibm/jes2/jqe.h
JQEPRTRT	ibm/jes2/jqe.h
JSCB	ibm/mvs/iezjscb.h
JSCBADSP	ibm/mvs/iezjscb.h
JSCBAUTH	ibm/mvs/iezjscb.h
JSCBIOFG	ibm/mvs/iezjscb.h
JSCBJNLE	ibm/mvs/iezjscb.h
JSCBJNLF	ibm/mvs/iezjscb.h
JSCBJNLN	ibm/mvs/iezjscb.h
JSCBJSBA	ibm/mvs/iezjscb.h
JSCBJSBI	ibm/mvs/iezjscb.h
JSCBJSBT	ibm/mvs/iezjscb.h
JSCBJSBX	ibm/mvs/iezjscb.h
JSCBLONG	ibm/mvs/iezjscb.h
JSCBPASS	ibm/mvs/iezjscb.h
JSCBPMSG	ibm/mvs/iezjscb.h
JSCBRET	ibm/mvs/iezjscb.h
JSCBRV01	ibm/mvs/iezjscb.h
JSCBRV02	ibm/mvs/iezjscb.h
JSCBRV03	ibm/mvs/iezjscb.h
JSCBRV04	ibm/mvs/iezjscb.h
JSCBRV05	ibm/mvs/iezjscb.h
JSCBRV06	ibm/mvs/iezjscb.h
JSCBRV07	ibm/mvs/iezjscb.h
JSCBS1LN	ibm/mvs/iezjscb.h
JSCBS2LN	ibm/mvs/iezjscb.h
JSCBS3LN	ibm/mvs/iezjscb.h
JSCBSEC1	ibm/mvs/iezjscb.h
JSCBSEC2	ibm/mvs/iezjscb.h
JSCBSEC3	ibm/mvs/iezjscb.h
JSCBTJID	ibm/mvs/iezjscb.h
JSCRSV04	ibm/mvs/iezjscb.h
JSCRSV05	ibm/mvs/iezjscb.h
JSCRSV06	ibm/mvs/iezjscb.h
JSCRSV07	ibm/mvs/iezjscb.h
JSCRSV08	ibm/mvs/iezjscb.h
JSCRSV11	ibm/mvs/iezjscb.h
JSCRSV12	ibm/mvs/iezjscb.h
JSCRSV13	ibm/mvs/iezjscb.h
JSCRSV14	ibm/mvs/iezjscb.h
JSCRSV15	ibm/mvs/iezjscb.h
JSCRSV16	ibm/mvs/iezjscb.h
JSCRSV18	ibm/mvs/iezjscb.h
JSCRSV19	ibm/mvs/iezjscb.h
JSCRSV20	ibm/mvs/iezjscb.h
JSCRSV21	ibm/mvs/iezjscb.h
JSCRSV22	ibm/mvs/iezjscb.h
JSCRSV23	ibm/mvs/iezjscb.h
JSCSIOTS	ibm/mvs/iezjscb.h
JTXACCTN	ibm/mvs/ieftxtft.h
JTXCPSTF	ibm/mvs/ieftxtft.h
JTXJOBFL	ibm/mvs/ieftxtft.h
JTXLABLP	ibm/mvs/ieftxtft.h
JTXLABNL	ibm/mvs/ieftxtft.h
JTXMHEDR	ibm/mvs/ieftxtft.h
JTXPROGN	ibm/mvs/ieftxtft.h
JTXREGDF	ibm/mvs/ieftxtft.h
JTXSYSCK	ibm/mvs/ieftxtft.h
KEYLENMK	ibm/mvs/iefvkeys.h
LABELK	ibm/mvs/iefvkeys.h
LASTSTMT	ibm/mvs/ieftxtft.h
LC_ALL	locale.h
LC_COLLATE	locale.h
LC_CTYPE	locale.h
LC_MONETARY	locale.h
LC_NUMERIC	locale.h
LC_TIME	locale.h
LDBL_DIG	float.h
LDBL_EPSILON	float.h
LDBL_MANT_DIG	float.h
LDBL_MAX	float.h
LDBL_MAX_10_EXP	float.h
LDBL_MAX_EXP	float.h
LDBL_MIN	float.h
LDBL_MIN_10_EXP	float.h
LDBL_MIN_EXP	float.h
LIMCTMK	ibm/mvs/iefvkeys.h
LLONG_MAX	limits.h
LLONG_MIN	limits.h
LOAD1BLK	mvs/dslist.h
LOADAPFLG	mvs/dslist.h
LOADCMSGN	mvs/dslist.h
LOADDATA	mvs/dslist.h
LOADDEPCH	mvs/dslist.h
LOADEMFIX	mvs/dslist.h
LOADEP0	mvs/dslist.h
LOADEXEC	mvs/dslist.h
LOADFLVL	mvs/dslist.h
LOADFORCE	mvs/dslist.h
LOADIBMMB	mvs/dslist.h
LOADLEF	mvs/dslist.h
LOADLOAD	mvs/dslist.h
LOADNOSGN	mvs/dslist.h
LOADNREP	mvs/dslist.h
LOADNRLD	mvs/dslist.h
LOADORG0	mvs/dslist.h
LOADOSLE	mvs/dslist.h
LOADOVLY	mvs/dslist.h
LOADPAGA	mvs/dslist.h
LOADPTSGN	mvs/dslist.h
LOADREFR	mvs/dslist.h
LOADRENT	mvs/dslist.h
LOADREUS	mvs/dslist.h
LOADS01	mvs/dslist.h
LOADS02	mvs/dslist.h
LOADS03	mvs/dslist.h
LOADS04	mvs/dslist.h
LOADSCTR	mvs/dslist.h
LOADSSI	mvs/dslist.h
LOADSTAT	mvs/dslist.h
LOADSYSGN	mvs/dslist.h
LOADTEST	mvs/dslist.h
LOADTSTN	mvs/dslist.h
LOADUSRCH	mvs/dslist.h
LOCKQNAME	mvs/lock.h
LOCKRNAME	mvs/lock.h
LOCKRNAMESZ	mvs/lock.h
LOCK_EXC	mvs/lock.h
LOCK_READ	mvs/lock.h
LOCK_RW	mvs/lock.h
LOCK_SHR	mvs/lock.h
LOCWORK	mvs/dscb.h
LONG_LONG_MAX	stdint.h
LONG_MAX	limits.h
LONG_MIN	limits.h
LPDE	ibm/mvs/ihalpde.h
LPDEAUTH	ibm/mvs/ihalpde.h
LPDEMIN	ibm/mvs/ihalpde.h
LPDENIP	ibm/mvs/ihalpde.h
LPDENLR	ibm/mvs/ihalpde.h
LPDEREN	ibm/mvs/ihalpde.h
LPDERLC	ibm/mvs/ihalpde.h
LPDESER	ibm/mvs/ihalpde.h
LPDESYSL	ibm/mvs/ihalpde.h
LPDEXLE	ibm/mvs/ihalpde.h
LRECLMK	ibm/mvs/iefvkeys.h
L_tmpnam	stdio.h
MB_CUR_MAX	stdlib.h
MB_LEN_MAX	limits.h
MODEMK	ibm/mvs/iefvkeys.h
MODIFYK	ibm/mvs/iefvkeys.h
MSCLOSP	ibm/mvs/ieebasea.h
MSCLOSW	ibm/mvs/ieebasea.h
MSGCLAJK	ibm/mvs/iefvkeys.h
MSGLEVJK	ibm/mvs/iefvkeys.h
MSGP	mvs/dscb.h
MSLOGCOM	ibm/mvs/ieebasea.h
MSLOGDAR	ibm/mvs/ieebasea.h
MSLOGENQ	ibm/mvs/ieebasea.h
MSLOGIPL	ibm/mvs/ieebasea.h
MSLOGSTA	ibm/mvs/ieebasea.h
MSLOGTHD	ibm/mvs/ieebasea.h
MSSTRTP	ibm/mvs/ieebasea.h
MSSTRTW	ibm/mvs/ieebasea.h
MSSUM	ibm/mvs/ieebasea.h
MSTN	ibm/mvs/ieebasea.h
MSTODWTO	ibm/mvs/ieebasea.h
MSVGPK	ibm/mvs/iefvkeys.h
MSWLOGP	ibm/mvs/ieebasea.h
MSWLOGW	ibm/mvs/ieebasea.h
MSWTL	ibm/mvs/ieebasea.h
MSWTRP	ibm/mvs/ieebasea.h
MSWTRW	ibm/mvs/ieebasea.h
MTENTRY	ibm/mvs/ieezb806.h
MTTABLE	ibm/mvs/ieezb806.h
MTTHDRLN	ibm/mvs/ieezb806.h
MTTID	ibm/mvs/ieezb806.h
MXIG	mvs/dscb.h
NBBY	sys/select.h
NCPMK	ibm/mvs/iefvkeys.h
NFDBITS	sys/select.h
NOTIFYJK	ibm/mvs/iefvkeys.h
NTMMK	ibm/mvs/iefvkeys.h
NTOHL	netinet/in.h
NTOHS	netinet/in.h
NULL	locale.h stddef.h stdio.h stdlib.h string.h time.h wchar.h
NewTXT99	mvs/dynalloc.h
NewTXT99a	mvs/dynalloc.h
NewTXT99s	mvs/dynalloc.h
OPTADC	mvs/dscb.h
OPTBC	mvs/dscb.h
OPTCDMK	ibm/mvs/iefvkeys.h
OPTCS	mvs/dscb.h
OPTEOV	mvs/dscb.h
OPTIC	mvs/dscb.h
OPTSD	mvs/dscb.h
OPTTRC	mvs/dscb.h
OPTUT	mvs/dscb.h
OPTVSE	mvs/dscb.h
OPTWVC	mvs/dscb.h
ORGAM	mvs/dscb.h
OUTLIMK	ibm/mvs/iefvkeys.h
PARMEEK	ibm/mvs/iefvkeys.h
PARMPEK	ibm/mvs/iefvkeys.h
PASWORDK	ibm/mvs/iefvkeys.h
PCIMK	ibm/mvs/iefvkeys.h
PDB1DSID	ibm/jes2/pddb.h
PDB1HOLD	ibm/jes2/pddb.h
PDB1LOG	ibm/jes2/pddb.h
PDB1MDES	ibm/jes2/pddb.h
PDB1NSOT	ibm/jes2/pddb.h
PDB1NULL	ibm/jes2/pddb.h
PDB1PSO	ibm/jes2/pddb.h
PDB1SPIN	ibm/jes2/pddb.h
PDB2BRST	ibm/jes2/pddb.h
PDB2HDST	ibm/jes2/pddb.h
PDB2HLDS	ibm/jes2/pddb.h
PDB2JFMS	ibm/jes2/pddb.h
PDB2NEWS	ibm/jes2/pddb.h
PDB2OPTJ	ibm/jes2/pddb.h
PDB2TCEL	ibm/jes2/pddb.h
PDB3BRST	ibm/jes2/pddb.h
PDBDSID	ibm/jes2/pddb.h
PDBF3RV1	ibm/jes2/pddb.h
PDBF3RV2	ibm/jes2/pddb.h
PDBF3RV3	ibm/jes2/pddb.h
PDBF3RV4	ibm/jes2/pddb.h
PDBF3RV6	ibm/jes2/pddb.h
PDBF3RV7	ibm/jes2/pddb.h
PDBF3RV8	ibm/jes2/pddb.h
PDBINJCL	ibm/jes2/pddb.h
PDBINJNL	ibm/jes2/pddb.h
PDBINTXT	ibm/jes2/pddb.h
PDBLENG	ibm/jes2/pddb.h
PDBOUHJL	ibm/jes2/pddb.h
PDBOUJCI	ibm/jes2/pddb.h
PDBOUMSG	ibm/jes2/pddb.h
PDSE	mvs/dscb.h
PDSEX	mvs/dscb.h
PDSLIST	mvs/dslist.h
PDSLIST_IDC_ALIAS	mvs/dslist.h
PDSLIST_IDC_TTRS	mvs/dslist.h
PDSLIST_IDC_UDATA	mvs/dslist.h
PDS_WALK	mvs/dslist.h
PGMEK	ibm/mvs/iefvkeys.h
PNONDISP	ibm/mvs/ikjtcb.h
PPAEYE	mvs/crt.h
PPAFLAG_TERR	mvs/crt.h
PPAFLAG_TIN	mvs/crt.h
PPAFLAG_TOUT	mvs/crt.h
PPAFLAG_TSOBG	mvs/crt.h
PPAFLAG_TSOFG	mvs/crt.h
PRBLEN	ibm/mvs/iharb.h
PRFMEEK	ibm/mvs/iefvkeys.h
PRFMJK	ibm/mvs/iefvkeys.h
PRFMPEK	ibm/mvs/iefvkeys.h
PRINTF_INT16_DEC_WIDTH	stdint.h
PRINTF_INT16_HEX_WIDTH	stdint.h
PRINTF_INT16_MODIFIER	stdint.h
PRINTF_INT32_DEC_WIDTH	stdint.h
PRINTF_INT32_HEX_WIDTH	stdint.h
PRINTF_INT32_MODIFIER	stdint.h
PRINTF_INT64_DEC_WIDTH	stdint.h
PRINTF_INT64_HEX_WIDTH	stdint.h
PRINTF_INT64_MODIFIER	stdint.h
PRINTF_INT8_DEC_WIDTH	stdint.h
PRINTF_INT8_HEX_WIDTH	stdint.h
PRINTF_INTMAX_DEC_WIDTH	stdint.h
PRINTF_INTMAX_HEX_WIDTH	stdint.h
PRINTF_INTMAX_MODIFIER	stdint.h
PRINTF_INTPTR_MODIFIER	stdint.h
PRINTF_LEAST16_MODIFIER	stdint.h
PRINTF_LEAST32_MODIFIER	stdint.h
PRINTF_LEAST64_MODIFIER	stdint.h
PRIX16	inttypes.h
PRIX32	inttypes.h
PRIX64	inttypes.h
PRIX8	inttypes.h
PRIXFAST16	inttypes.h
PRIXFAST32	inttypes.h
PRIXFAST64	inttypes.h
PRIXFAST8	inttypes.h
PRIXLEAST16	inttypes.h
PRIXLEAST32	inttypes.h
PRIXLEAST64	inttypes.h
PRIXLEAST8	inttypes.h
PRIXMAX	inttypes.h
PRIXPTR	inttypes.h
PRId16	inttypes.h
PRId32	inttypes.h
PRId64	inttypes.h
PRId8	inttypes.h
PRIdFAST16	inttypes.h
PRIdFAST32	inttypes.h
PRIdFAST64	inttypes.h
PRIdFAST8	inttypes.h
PRIdLEAST16	inttypes.h
PRIdLEAST32	inttypes.h
PRIdLEAST64	inttypes.h
PRIdLEAST8	inttypes.h
PRIdMAX	inttypes.h
PRIdPTR	inttypes.h
PRIi16	inttypes.h
PRIi32	inttypes.h
PRIi64	inttypes.h
PRIi8	inttypes.h
PRIiFAST16	inttypes.h
PRIiFAST32	inttypes.h
PRIiFAST64	inttypes.h
PRIiFAST8	inttypes.h
PRIiLEAST16	inttypes.h
PRIiLEAST32	inttypes.h
PRIiLEAST64	inttypes.h
PRIiLEAST8	inttypes.h
PRIiMAX	inttypes.h
PRIiPTR	inttypes.h
PRIo16	inttypes.h
PRIo32	inttypes.h
PRIo64	inttypes.h
PRIo8	inttypes.h
PRIoFAST16	inttypes.h
PRIoFAST32	inttypes.h
PRIoFAST64	inttypes.h
PRIoFAST8	inttypes.h
PRIoLEAST16	inttypes.h
PRIoLEAST32	inttypes.h
PRIoLEAST64	inttypes.h
PRIoLEAST8	inttypes.h
PRIoMAX	inttypes.h
PRIoPTR	inttypes.h
PRIu16	inttypes.h
PRIu32	inttypes.h
PRIu64	inttypes.h
PRIu8	inttypes.h
PRIuFAST16	inttypes.h
PRIuFAST32	inttypes.h
PRIuFAST64	inttypes.h
PRIuFAST8	inttypes.h
PRIuLEAST16	inttypes.h
PRIuLEAST32	inttypes.h
PRIuLEAST64	inttypes.h
PRIuLEAST8	inttypes.h
PRIuMAX	inttypes.h
PRIuPTR	inttypes.h
PRIx16	inttypes.h
PRIx32	inttypes.h
PRIx64	inttypes.h
PRIx8	inttypes.h
PRIxFAST16	inttypes.h
PRIxFAST32	inttypes.h
PRIxFAST64	inttypes.h
PRIxFAST8	inttypes.h
PRIxLEAST16	inttypes.h
PRIxLEAST32	inttypes.h
PRIxLEAST64	inttypes.h
PRIxLEAST8	inttypes.h
PRIxMAX	inttypes.h
PRIxPTR	inttypes.h
PROCEK	ibm/mvs/iefvkeys.h
PROCSTR	ibm/mvs/ieftxtft.h
PROTECTK	ibm/mvs/iefvkeys.h
PRTSPMK	ibm/mvs/iefvkeys.h
PRTYJK	ibm/mvs/iefvkeys.h
PSCBACCT	ibm/mvs/ikjpscb.h
PSCBATTN	ibm/mvs/ikjpscb.h
PSCBCTRL	ibm/mvs/ikjpscb.h
PSCBJCL	ibm/mvs/ikjpscb.h
PSCBRCVR	ibm/mvs/ikjpscb.h
PSCBVMNT	ibm/mvs/ikjpscb.h
PSOFCKPT	ibm/jes2/pso.h
PSOFCLAS	ibm/jes2/pso.h
PSOFDELC	ibm/jes2/pso.h
PSOFDEST	ibm/jes2/pso.h
PSOFDONE	ibm/jes2/pso.h
PSOFDUPJ	ibm/jes2/pso.h
PSOFEODS	ibm/jes2/pso.h
PSOFFORM	ibm/jes2/pso.h
PSOFHLD	ibm/jes2/pso.h
PSOFHOLD	ibm/jes2/pso.h
PSOFINVA	ibm/jes2/pso.h
PSOFINVJ	ibm/jes2/pso.h
PSOFJOBI	ibm/jes2/pso.h
PSOFJOBN	ibm/jes2/pso.h
PSOFNJOB	ibm/jes2/pso.h
PSOFPGM	ibm/jes2/pso.h
PSOFPURG	ibm/jes2/pso.h
PSOFRLSE	ibm/jes2/pso.h
PSOFROUT	ibm/jes2/pso.h
PSOFRTOK	ibm/jes2/pso.h
PSOFSETC	ibm/jes2/pso.h
PSOFUNAV	ibm/jes2/pso.h
PSOF_O	ibm/jes2/pso.h
PSOLNGTH	ibm/jes2/pso.h
PSOPARML	ibm/jes2/pso.h
PSWKEY0	mvs/apf.h
PSWKEY1	mvs/apf.h
PSWKEY10	mvs/apf.h
PSWKEY11	mvs/apf.h
PSWKEY12	mvs/apf.h
PSWKEY13	mvs/apf.h
PSWKEY14	mvs/apf.h
PSWKEY15	mvs/apf.h
PSWKEY2	mvs/apf.h
PSWKEY3	mvs/apf.h
PSWKEY4	mvs/apf.h
PSWKEY5	mvs/apf.h
PSWKEY6	mvs/apf.h
PSWKEY7	mvs/apf.h
PSWKEY8	mvs/apf.h
PSWKEY9	mvs/apf.h
PSWKEYNONE	mvs/apf.h
PTRDIFF_MAX	stdint.h
PTRDIFF_MIN	stdint.h
QNAMEK	ibm/mvs/iefvkeys.h
QUEBUSY	ibm/jes2/jqe.h
QUECLASS	ibm/jes2/jqe.h
QUEHOLD1	ibm/jes2/jqe.h
QUEHOLD2	ibm/jes2/jqe.h
QUEHOLDA	ibm/jes2/jqe.h
QUEINDAF	ibm/jes2/jqe.h
QUEINIT	ibm/jes2/jqe.h
QUEOPCAN	ibm/jes2/jqe.h
QUEPURGE	ibm/jes2/jqe.h
QUESYSAF	ibm/jes2/jqe.h
RACF_ATTR_ALTER	mvs/racf.h
RACF_ATTR_CONTROL	mvs/racf.h
RACF_ATTR_READ	mvs/racf.h
RACF_ATTR_UPDATE	mvs/racf.h
RACHECK	ibm/mvs/racheck.h
RACHECK_ATTR_ALTER	ibm/mvs/racheck.h
RACHECK_ATTR_CONTROL	ibm/mvs/racheck.h
RACHECK_ATTR_READ	ibm/mvs/racheck.h
RACHECK_ATTR_UPDATE	ibm/mvs/racheck.h
RACHECK_FLAG1_31BIT	ibm/mvs/racheck.h
RACHECK_FLAG1_DSTYPE_V	ibm/mvs/racheck.h
RACHECK_FLAG1_ENTITY_CSA	ibm/mvs/racheck.h
RACHECK_FLAG1_LOG_NOFAIL	ibm/mvs/racheck.h
RACHECK_FLAG1_LOG_NONE	ibm/mvs/racheck.h
RACHECK_FLAG1_RACFIND	ibm/mvs/racheck.h
RACHECK_FLAG1_RACFIND_Y	ibm/mvs/racheck.h
RACHECK_FLAG2_DSTYPE_M	ibm/mvs/racheck.h
RACHECK_FLAG2_GENERIC	ibm/mvs/racheck.h
RACHECK_FLAG2_PROFILE	ibm/mvs/racheck.h
RACINIT	ibm/mvs/racinit.h
RACINIT_FLAG_CHANGE	ibm/mvs/racinit.h
RACINIT_FLAG_ENCRYPT	ibm/mvs/racinit.h
RACINIT_FLAG_PASSCHK	ibm/mvs/racinit.h
RACINIT_FLAG_SMC	ibm/mvs/racinit.h
RACINIT_FLAG_STAT	ibm/mvs/racinit.h
RACINIT_FLAG_SUBPOOL	ibm/mvs/racinit.h
RACINIT_FLAG_VERIFY	ibm/mvs/racinit.h
RACLASS	ibm/mvs/racheck.h
RAENTITY	ibm/mvs/racheck.h
RAND_MAX	stdlib.h
RB99	ibm/mvs/iefzb4d0.h
RBABEND	ibm/mvs/iharb.h
RBASIR	ibm/mvs/iharb.h
RBATNXIT	ibm/mvs/iharb.h
RBATTN	ibm/mvs/iharb.h
RBBASIC	ibm/mvs/iharb.h
RBECBWT	ibm/mvs/iharb.h
RBETXR	ibm/mvs/iharb.h
RBFACTV	ibm/mvs/iharb.h
RBFDYN	ibm/mvs/iharb.h
RBFNSVRB	ibm/mvs/iharb.h
RBFTCKPT	ibm/mvs/iharb.h
RBFTIRB	ibm/mvs/iharb.h
RBFTP	ibm/mvs/iharb.h
RBFTPRB	ibm/mvs/iharb.h
RBFTSIRB	ibm/mvs/iharb.h
RBFTSVRB	ibm/mvs/iharb.h
RBFTTIRB	ibm/mvs/iharb.h
RBIQENR	ibm/mvs/iharb.h
RBIQETP	ibm/mvs/iharb.h
RBIRBAER	ibm/mvs/iharb.h
RBIRBAIQ	ibm/mvs/iharb.h
RBLONGWT	ibm/mvs/iharb.h
RBOPER	ibm/mvs/iharb.h
RBOPSWB1	ibm/mvs/iharb.h
RBOPSWB2	ibm/mvs/iharb.h
RBOPSWPS	ibm/mvs/iharb.h
RBPMSVRB	ibm/mvs/iharb.h
RBPRFLNA	ibm/mvs/iharb.h
RBPRFX	ibm/mvs/iharb.h
RBPRFXLN	ibm/mvs/iharb.h
RBRQENR	ibm/mvs/iharb.h
RBRREQ	ibm/mvs/iharb.h
RBRSV159	ibm/mvs/iharb.h
RBRSV160	ibm/mvs/iharb.h
RBRSV162	ibm/mvs/iharb.h
RBRSV163	ibm/mvs/iharb.h
RBRSV164	ibm/mvs/iharb.h
RBRSV165	ibm/mvs/iharb.h
RBRSV166	ibm/mvs/iharb.h
RBRSV167	ibm/mvs/iharb.h
RBRSV168	ibm/mvs/iharb.h
RBRTILC	ibm/mvs/iharb.h
RBRTINCD	ibm/mvs/iharb.h
RBRTRAN	ibm/mvs/iharb.h
RBSASYNC	ibm/mvs/iharb.h
RBSBRNTR	ibm/mvs/iharb.h
RBSCB	ibm/mvs/iharb.h
RBSCNCEL	ibm/mvs/iharb.h
RBSDUMMY	ibm/mvs/iharb.h
RBSECT	ibm/mvs/iharb.h
RBSESTAE	ibm/mvs/iharb.h
RBSHALT	ibm/mvs/iharb.h
RBSINUSE	ibm/mvs/iharb.h
RBSIOPRC	ibm/mvs/iharb.h
RBSKEY0	ibm/mvs/iharb.h
RBSLOCK	ibm/mvs/iharb.h
RBSNOIOP	ibm/mvs/iharb.h
RBSPRNTR	ibm/mvs/iharb.h
RBSRECRD	ibm/mvs/iharb.h
RBSSSYN	ibm/mvs/iharb.h
RBSSTAI	ibm/mvs/iharb.h
RBSSTAR	ibm/mvs/iharb.h
RBSSUPER	ibm/mvs/iharb.h
RBSTAB1	ibm/mvs/iharb.h
RBSTAB2	ibm/mvs/iharb.h
RBSTERMI	ibm/mvs/iharb.h
RBSTERMO	ibm/mvs/iharb.h
RBSXCTL2	ibm/mvs/iharb.h
RBTCBNXT	ibm/mvs/iharb.h
RBTMCMP	ibm/mvs/iharb.h
RBTMIND2	ibm/mvs/iharb.h
RBTMIND3	ibm/mvs/iharb.h
RBTMQUE	ibm/mvs/iharb.h
RBTMTOD	ibm/mvs/iharb.h
RBTREQ	ibm/mvs/iharb.h
RBTRSVRB	ibm/mvs/iharb.h
RBUSIQE	ibm/mvs/iharb.h
RBWAITP	ibm/mvs/iharb.h
RBWLIM	ibm/mvs/iharb.h
RBWREQ	ibm/mvs/iharb.h
RBX99	ibm/mvs/iefzb4d0.h
RBXWAIT	ibm/mvs/iharb.h
RDEEK	ibm/mvs/iefvkeys.h
RDJK	ibm/mvs/iefvkeys.h
RDPEK	ibm/mvs/iefvkeys.h
REBLK	mvs/dscb.h
RECFA	mvs/dscb.h
RECFB	mvs/dscb.h
RECFF	mvs/dscb.h
RECFMMK	ibm/mvs/iefvkeys.h
RECFM_BR	mvs/jes2.h
RECFM_C	mvs/jes2.h
RECFM_CA	mvs/jes2.h
RECFM_CC	mvs/jes2.h
RECFM_CM	mvs/jes2.h
RECFM_D	mvs/jes2.h
RECFM_F	mvs/jes2.h
RECFM_KL	mvs/jes2.h
RECFM_L	mvs/jes2.h
RECFM_LA	mvs/jes2.h
RECFM_SB	mvs/jes2.h
RECFM_TO	mvs/jes2.h
RECFM_U	mvs/jes2.h
RECFM_V	mvs/jes2.h
RECFS	mvs/dscb.h
RECFT	mvs/dscb.h
RECFU	mvs/dscb.h
RECFV	mvs/dscb.h
RECMC	mvs/dscb.h
REFMK	ibm/mvs/iefvkeys.h
REGINEEK	ibm/mvs/iefvkeys.h
REGINJK	ibm/mvs/iefvkeys.h
REGINPEK	ibm/mvs/iefvkeys.h
REQUE_DUPJ	mvs/jes2.h
REQUE_EODS	mvs/jes2.h
REQUE_IDST	mvs/jes2.h
REQUE_INVA	mvs/jes2.h
REQUE_INVJ	mvs/jes2.h
REQUE_NJOB	mvs/jes2.h
REQUE_OK	mvs/jes2.h
REQUE_UNAV	mvs/jes2.h
RESERVMK	ibm/mvs/iefvkeys.h
RESTARJK	ibm/mvs/iefvkeys.h
RETPDMK	ibm/mvs/iefvkeys.h
RFILE	mvs/rfile.h
RFILE_EYE	mvs/rfile.h
RFILE_RECFM_F	mvs/rfile.h
RFILE_RECFM_U	mvs/rfile.h
RFILE_RECFM_V	mvs/rfile.h
RKPMK	ibm/mvs/iefvkeys.h
ROLLEEK	ibm/mvs/iefvkeys.h
ROLLJK	ibm/mvs/iefvkeys.h
ROLLPEK	ibm/mvs/iefvkeys.h
ROUND	mvs/dscb.h
RPL	mvs/vsam.h
RPLACQRA	mvs/vsam.h
RPLACTV	mvs/vsam.h
RPLADD	mvs/vsam.h
RPLADR	mvs/vsam.h
RPLALIGN	mvs/vsam.h
RPLASY	mvs/vsam.h
RPLATND	mvs/vsam.h
RPLAXPKP	mvs/vsam.h
RPLBLK	mvs/vsam.h
RPLBLKER	mvs/vsam.h
RPLBRANC	mvs/vsam.h
RPLBWD	mvs/vsam.h
RPLCBLKE	mvs/vsam.h
RPLCHECK	mvs/vsam.h
RPLCHNG	mvs/vsam.h
RPLCLACB	mvs/vsam.h
RPLCLOSE	mvs/vsam.h
RPLCMDRT	mvs/vsam.h
RPLCNALL	mvs/vsam.h
RPLCNANY	mvs/vsam.h
RPLCNIMM	mvs/vsam.h
RPLCNV	mvs/vsam.h
RPLCNVTA	mvs/vsam.h
RPLCOND	mvs/vsam.h
RPLCRID	mvs/vsam.h
RPLCTA	mvs/vsam.h
RPLCTM	mvs/vsam.h
RPLCTO	mvs/vsam.h
RPLCUERR	mvs/vsam.h
RPLDEVDC	mvs/vsam.h
RPLDIR	mvs/vsam.h
RPLDLGFL	mvs/vsam.h
RPLDLGIN	mvs/vsam.h
RPLDO	mvs/vsam.h
RPLDVUNS	mvs/vsam.h
RPLEAU	mvs/vsam.h
RPLECBIN	mvs/vsam.h
RPLECBSW	mvs/vsam.h
RPLENDRE	mvs/vsam.h
RPLENDTR	mvs/vsam.h
RPLEOB	mvs/vsam.h
RPLEODS	mvs/vsam.h
RPLEOM	mvs/vsam.h
RPLEOT	mvs/vsam.h
RPLERACE	mvs/vsam.h
RPLERASE	mvs/vsam.h
RPLERLK	mvs/vsam.h
RPLEXIT	mvs/vsam.h
RPLEXRQ	mvs/vsam.h
RPLEXRS	mvs/vsam.h
RPLEXSCH	mvs/vsam.h
RPLFLD	mvs/vsam.h
RPLFMT	mvs/vsam.h
RPLFRCIO	mvs/vsam.h
RPLFRMT	mvs/vsam.h
RPLFUNCD	mvs/vsam.h
RPLGEN	mvs/vsam.h
RPLGET	mvs/vsam.h
RPLIDD	mvs/vsam.h
RPLIMPRT	mvs/vsam.h
RPLINQIR	mvs/vsam.h
RPLINTPT	mvs/vsam.h
RPLIOERR	mvs/vsam.h
RPLJSFMT	mvs/vsam.h
RPLKEY	mvs/vsam.h
RPLKGE	mvs/vsam.h
RPLLGFRC	mvs/vsam.h
RPLLIMEX	mvs/vsam.h
RPLLOC	mvs/vsam.h
RPLLOCK	mvs/vsam.h
RPLLOGER	mvs/vsam.h
RPLLOGIC	mvs/vsam.h
RPLLRD	mvs/vsam.h
RPLMKFRM	mvs/vsam.h
RPLMNTAC	mvs/vsam.h
RPLNCOND	mvs/vsam.h
RPLNERAS	mvs/vsam.h
RPLNEXIT	mvs/vsam.h
RPLNGRCC	mvs/vsam.h
RPLNIB	mvs/vsam.h
RPLNODE	mvs/vsam.h
RPLNOERR	mvs/vsam.h
RPLNOIN	mvs/vsam.h
RPLNSP	mvs/vsam.h
RPLODACP	mvs/vsam.h
RPLODACQ	mvs/vsam.h
RPLODPRM	mvs/vsam.h
RPLOPNDS	mvs/vsam.h
RPLPEND	mvs/vsam.h
RPLPFMTD	mvs/vsam.h
RPLPFMTI	mvs/vsam.h
RPLPHYER	mvs/vsam.h
RPLPHYSC	mvs/vsam.h
RPLPOINT	mvs/vsam.h
RPLPOST	mvs/vsam.h
RPLPSOPT	mvs/vsam.h
RPLPURGE	mvs/vsam.h
RPLPUT	mvs/vsam.h
RPLQOPT	mvs/vsam.h
RPLQUISE	mvs/vsam.h
RPLRCVCD	mvs/vsam.h
RPLRDSOH	mvs/vsam.h
RPLREAD	mvs/vsam.h
RPLREOB	mvs/vsam.h
RPLREOM	mvs/vsam.h
RPLREOT	mvs/vsam.h
RPLRESET	mvs/vsam.h
RPLRLG	mvs/vsam.h
RPLRLSOP	mvs/vsam.h
RPLRSRCD	mvs/vsam.h
RPLRSV67	mvs/vsam.h
RPLRSV68	mvs/vsam.h
RPLRSV78	mvs/vsam.h
RPLRSV88	mvs/vsam.h
RPLRVCMD	mvs/vsam.h
RPLRVID	mvs/vsam.h
RPLS3540	mvs/vsam.h
RPLSDCMD	mvs/vsam.h
RPLSEQ	mvs/vsam.h
RPLSESS	mvs/vsam.h
RPLSFORM	mvs/vsam.h
RPLSKP	mvs/vsam.h
RPLSLICT	mvs/vsam.h
RPLSMLGO	mvs/vsam.h
RPLSNDCD	mvs/vsam.h
RPLSPECC	mvs/vsam.h
RPLSSCCD	mvs/vsam.h
RPLSSNIN	mvs/vsam.h
RPLSTSAV	mvs/vsam.h
RPLSV32	mvs/vsam.h
RPLSVRP	mvs/vsam.h
RPLSVSAM	mvs/vsam.h
RPLSVTAM	mvs/vsam.h
RPLSYERR	mvs/vsam.h
RPLTCLSS	mvs/vsam.h
RPLTCRNO	mvs/vsam.h
RPLTCRYP	mvs/vsam.h
RPLTERM	mvs/vsam.h
RPLTOPNS	mvs/vsam.h
RPLTPOST	mvs/vsam.h
RPLTREQS	mvs/vsam.h
RPLTRMS	mvs/vsam.h
RPLUINPT	mvs/vsam.h
RPLUNCON	mvs/vsam.h
RPLUPD	mvs/vsam.h
RPLVABND	mvs/vsam.h
RPLVERIF	mvs/vsam.h
RPLVFY	mvs/vsam.h
RPLVTMNA	mvs/vsam.h
RPLWAIT	mvs/vsam.h
RPLWAITX	mvs/vsam.h
RPLWRITE	mvs/vsam.h
RPLWROPT	mvs/vsam.h
S99ACUCB	ibm/mvs/iefzb4d0.h
S99CNENQ	ibm/mvs/iefzb4d0.h
S99EIMSG	ibm/mvs/iefzb4d0.h
S99ELSTO	ibm/mvs/iefzb4d0.h
S99EMKEY	ibm/mvs/iefzb4d0.h
S99EMSUB	ibm/mvs/iefzb4d0.h
S99ERMSG	ibm/mvs/iefzb4d0.h
S99EWTP	ibm/mvs/iefzb4d0.h
S99GDGNT	ibm/mvs/iefzb4d0.h
S99JBSYS	ibm/mvs/iefzb4d0.h
S99MSGL0	ibm/mvs/iefzb4d0.h
S99NOCNV	ibm/mvs/iefzb4d0.h
S99NOMIG	ibm/mvs/iefzb4d0.h
S99NOMNT	ibm/mvs/iefzb4d0.h
S99NOSYM	ibm/mvs/iefzb4d0.h
S99ONCNV	ibm/mvs/iefzb4d0.h
S99RBXVR	ibm/mvs/iefzb4d0.h
S99VRBAL	ibm/mvs/iefzb4d0.h
S99VRBCC	ibm/mvs/iefzb4d0.h
S99VRBDC	ibm/mvs/iefzb4d0.h
S99VRBDN	ibm/mvs/iefzb4d0.h
S99VRBIN	ibm/mvs/iefzb4d0.h
S99VRBRI	ibm/mvs/iefzb4d0.h
S99VRBUN	ibm/mvs/iefzb4d0.h
S99XINFO	ibm/mvs/iefzb4d0.h
S99XSEVE	ibm/mvs/iefzb4d0.h
S99XWARN	ibm/mvs/iefzb4d0.h
SAFP	ibm/mvs/ichsafp.h
SAFPAU	ibm/mvs/ichsafp.h
SAFPDEF	ibm/mvs/ichsafp.h
SAFPEXT	ibm/mvs/ichsafp.h
SAFPFAU	ibm/mvs/ichsafp.h
SAFPLIS	ibm/mvs/ichsafp.h
SAFPVER	ibm/mvs/ichsafp.h
SAFV	ibm/mvs/ichsafv.h
SAFVIDC	ibm/mvs/ichsafv.h
SAVEAREA	s370/savearea.h
SCAVB	mvs/dscb.h
SCCP1	mvs/dscb.h
SCCP2	mvs/dscb.h
SCHAR_MAX	limits.h
SCHAR_MIN	limits.h
SCKB	mvs/dscb.h
SCMB	mvs/dscb.h
SCNd16	inttypes.h
SCNd32	inttypes.h
SCNd64	inttypes.h
SCNd8	inttypes.h
SCNdFAST16	inttypes.h
SCNdFAST32	inttypes.h
SCNdFAST64	inttypes.h
SCNdFAST8	inttypes.h
SCNdLEAST16	inttypes.h
SCNdLEAST32	inttypes.h
SCNdLEAST64	inttypes.h
SCNdLEAST8	inttypes.h
SCNdMAX	inttypes.h
SCNdPTR	inttypes.h
SCNi16	inttypes.h
SCNi32	inttypes.h
SCNi64	inttypes.h
SCNi8	inttypes.h
SCNiFAST16	inttypes.h
SCNiFAST32	inttypes.h
SCNiFAST64	inttypes.h
SCNiFAST8	inttypes.h
SCNiLEAST16	inttypes.h
SCNiLEAST32	inttypes.h
SCNiLEAST64	inttypes.h
SCNiLEAST8	inttypes.h
SCNiMAX	inttypes.h
SCNiPTR	inttypes.h
SCNo16	inttypes.h
SCNo32	inttypes.h
SCNo64	inttypes.h
SCNo8	inttypes.h
SCNoFAST16	inttypes.h
SCNoFAST32	inttypes.h
SCNoFAST64	inttypes.h
SCNoFAST8	inttypes.h
SCNoLEAST16	inttypes.h
SCNoLEAST32	inttypes.h
SCNoLEAST64	inttypes.h
SCNoLEAST8	inttypes.h
SCNoMAX	inttypes.h
SCNoPTR	inttypes.h
SCNu16	inttypes.h
SCNu32	inttypes.h
SCNu64	inttypes.h
SCNu8	inttypes.h
SCNuFAST16	inttypes.h
SCNuFAST32	inttypes.h
SCNuFAST64	inttypes.h
SCNuFAST8	inttypes.h
SCNuLEAST16	inttypes.h
SCNuLEAST32	inttypes.h
SCNuLEAST64	inttypes.h
SCNuLEAST8	inttypes.h
SCNuMAX	inttypes.h
SCNuPTR	inttypes.h
SCNx16	inttypes.h
SCNx32	inttypes.h
SCNx64	inttypes.h
SCNx8	inttypes.h
SCNxFAST16	inttypes.h
SCNxFAST32	inttypes.h
SCNxFAST64	inttypes.h
SCNxFAST8	inttypes.h
SCNxLEAST16	inttypes.h
SCNxLEAST32	inttypes.h
SCNxLEAST64	inttypes.h
SCNxLEAST8	inttypes.h
SCNxMAX	inttypes.h
SCNxPTR	inttypes.h
SCUB	mvs/dscb.h
SCVT	ibm/mvs/ihascvt.h
SCVTSECT	ibm/mvs/ihascvt.h
SDPEEK	ibm/mvs/iefvkeys.h
SDPPEK	ibm/mvs/iefvkeys.h
SDWA	ibm/mvs/ihasdwa.h
SDWAABTM	ibm/mvs/ihasdwa.h
SDWAACR	ibm/mvs/ihasdwa.h
SDWAASMP	ibm/mvs/ihasdwa.h
SDWACBS	ibm/mvs/ihasdwa.h
SDWACC1	ibm/mvs/ihasdwa.h
SDWACC2	ibm/mvs/ihasdwa.h
SDWACCA	ibm/mvs/ihasdwa.h
SDWACCP	ibm/mvs/ihasdwa.h
SDWACHNG	ibm/mvs/ihasdwa.h
SDWACLUP	ibm/mvs/ihasdwa.h
SDWACMS	ibm/mvs/ihasdwa.h
SDWACTS	ibm/mvs/ihasdwa.h
SDWACWT	ibm/mvs/ihasdwa.h
SDWADEC1	ibm/mvs/ihasdwa.h
SDWADEC2	ibm/mvs/ihasdwa.h
SDWADISP	ibm/mvs/ihasdwa.h
SDWADLST	ibm/mvs/ihasdwa.h
SDWADM	ibm/mvs/ihasdwa.h
SDWADOA	ibm/mvs/ihasdwa.h
SDWADOP	ibm/mvs/ihasdwa.h
SDWADPSW	ibm/mvs/ihasdwa.h
SDWADPT	ibm/mvs/ihasdwa.h
SDWADREG	ibm/mvs/ihasdwa.h
SDWADSAH	ibm/mvs/ihasdwa.h
SDWADSAS	ibm/mvs/ihasdwa.h
SDWAEAS	ibm/mvs/ihasdwa.h
SDWAEBC	ibm/mvs/ihasdwa.h
SDWAECT1	ibm/mvs/ihasdwa.h
SDWAECT2	ibm/mvs/ihasdwa.h
SDWAENRB	ibm/mvs/ihasdwa.h
SDWAENSN	ibm/mvs/ihasdwa.h
SDWAERFL	ibm/mvs/ihasdwa.h
SDWAERR	ibm/mvs/ihasdwa.h
SDWAEUA	ibm/mvs/ihasdwa.h
SDWAEUP	ibm/mvs/ihasdwa.h
SDWAEXP1	ibm/mvs/ihasdwa.h
SDWAEXP2	ibm/mvs/ihasdwa.h
SDWAEXT1	ibm/mvs/ihasdwa.h
SDWAEXT2	ibm/mvs/ihasdwa.h
SDWAEXTA	ibm/mvs/ihasdwa.h
SDWAEXTP	ibm/mvs/ihasdwa.h
SDWAFLEN	ibm/mvs/ihasdwa.h
SDWAFLLK	ibm/mvs/ihasdwa.h
SDWAFLSQ	ibm/mvs/ihasdwa.h
SDWAFPA	ibm/mvs/ihasdwa.h
SDWAFPO1	ibm/mvs/ihasdwa.h
SDWAFPO2	ibm/mvs/ihasdwa.h
SDWAFPP	ibm/mvs/ihasdwa.h
SDWAFPRX	ibm/mvs/ihasdwa.h
SDWAFREE	ibm/mvs/ihasdwa.h
SDWAFSQA	ibm/mvs/ihasdwa.h
SDWAGTF	ibm/mvs/ihasdwa.h
SDWAHEX	ibm/mvs/ihasdwa.h
SDWAICAT	ibm/mvs/ihasdwa.h
SDWAIL1	ibm/mvs/ihasdwa.h
SDWAIL2	ibm/mvs/ihasdwa.h
SDWAILA	ibm/mvs/ihasdwa.h
SDWAILCH	ibm/mvs/ihasdwa.h
SDWAILP	ibm/mvs/ihasdwa.h
SDWAIMC1	ibm/mvs/ihasdwa.h
SDWAIMC2	ibm/mvs/ihasdwa.h
SDWAINSF	ibm/mvs/ihasdwa.h
SDWAINTC	ibm/mvs/ihasdwa.h
SDWAINVP	ibm/mvs/ihasdwa.h
SDWAIO	ibm/mvs/ihasdwa.h
SDWAIO1	ibm/mvs/ihasdwa.h
SDWAIO2	ibm/mvs/ihasdwa.h
SDWAIOA	ibm/mvs/ihasdwa.h
SDWAIOHT	ibm/mvs/ihasdwa.h
SDWAIOP	ibm/mvs/ihasdwa.h
SDWAIOQR	ibm/mvs/ihasdwa.h
SDWAIPC1	ibm/mvs/ihasdwa.h
SDWAIPC2	ibm/mvs/ihasdwa.h
SDWAIPR1	ibm/mvs/ihasdwa.h
SDWAIPR2	ibm/mvs/ihasdwa.h
SDWAIPRG	ibm/mvs/ihasdwa.h
SDWAIRB	ibm/mvs/ihasdwa.h
SDWAIUCB	ibm/mvs/ihasdwa.h
SDWAKEY1	ibm/mvs/ihasdwa.h
SDWAKEY2	ibm/mvs/ihasdwa.h
SDWAKEYA	ibm/mvs/ihasdwa.h
SDWAKEYP	ibm/mvs/ihasdwa.h
SDWALDIS	ibm/mvs/ihasdwa.h
SDWALEN	ibm/mvs/ihasdwa.h
SDWALSQA	ibm/mvs/ihasdwa.h
SDWAMABD	ibm/mvs/ihasdwa.h
SDWAMCHK	ibm/mvs/ihasdwa.h
SDWAMCIV	ibm/mvs/ihasdwa.h
SDWAMCK1	ibm/mvs/ihasdwa.h
SDWAMCK2	ibm/mvs/ihasdwa.h
SDWAMCKA	ibm/mvs/ihasdwa.h
SDWAMCKP	ibm/mvs/ihasdwa.h
SDWAMSER	ibm/mvs/ihasdwa.h
SDWANIOP	ibm/mvs/ihasdwa.h
SDWANOIO	ibm/mvs/ihasdwa.h
SDWANRBE	ibm/mvs/ihasdwa.h
SDWANUC	ibm/mvs/ihasdwa.h
SDWANUCL	ibm/mvs/ihasdwa.h
SDWAOFLN	ibm/mvs/ihasdwa.h
SDWAOPTM	ibm/mvs/ihasdwa.h
SDWAPCHK	ibm/mvs/ihasdwa.h
SDWAPER1	ibm/mvs/ihasdwa.h
SDWAPER2	ibm/mvs/ihasdwa.h
SDWAPERC	ibm/mvs/ihasdwa.h
SDWAPGFX	ibm/mvs/ihasdwa.h
SDWAPGIO	ibm/mvs/ihasdwa.h
SDWAPGM1	ibm/mvs/ihasdwa.h
SDWAPGM2	ibm/mvs/ihasdwa.h
SDWAPSTI	ibm/mvs/ihasdwa.h
SDWAPSWU	ibm/mvs/ihasdwa.h
SDWAQQS	ibm/mvs/ihasdwa.h
SDWARCDF	ibm/mvs/ihasdwa.h
SDWARCRD	ibm/mvs/ihasdwa.h
SDWAREGU	ibm/mvs/ihasdwa.h
SDWAREQ	ibm/mvs/ihasdwa.h
SDWARETY	ibm/mvs/ihasdwa.h
SDWARKEY	ibm/mvs/ihasdwa.h
SDWARPIV	ibm/mvs/ihasdwa.h
SDWARSRC	ibm/mvs/ihasdwa.h
SDWARSRF	ibm/mvs/ihasdwa.h
SDWASALL	ibm/mvs/ihasdwa.h
SDWASCK	ibm/mvs/ihasdwa.h
SDWASGA	ibm/mvs/ihasdwa.h
SDWASGN1	ibm/mvs/ihasdwa.h
SDWASGN2	ibm/mvs/ihasdwa.h
SDWASGP	ibm/mvs/ihasdwa.h
SDWASKYF	ibm/mvs/ihasdwa.h
SDWASLST	ibm/mvs/ihasdwa.h
SDWASPER	ibm/mvs/ihasdwa.h
SDWASPIN	ibm/mvs/ihasdwa.h
SDWASPVA	ibm/mvs/ihasdwa.h
SDWASPVP	ibm/mvs/ihasdwa.h
SDWASQA	ibm/mvs/ihasdwa.h
SDWASRBM	ibm/mvs/ihasdwa.h
SDWASRVL	ibm/mvs/ihasdwa.h
SDWASTAE	ibm/mvs/ihasdwa.h
SDWASTAF	ibm/mvs/ihasdwa.h
SDWASTAI	ibm/mvs/ihasdwa.h
SDWASTCC	ibm/mvs/ihasdwa.h
SDWASTEP	ibm/mvs/ihasdwa.h
SDWASVCD	ibm/mvs/ihasdwa.h
SDWASVCE	ibm/mvs/ihasdwa.h
SDWASWA	ibm/mvs/ihasdwa.h
SDWATADB	ibm/mvs/ihasdwa.h
SDWATDNB	ibm/mvs/ihasdwa.h
SDWATERR	ibm/mvs/ihasdwa.h
SDWATEXC	ibm/mvs/ihasdwa.h
SDWATJPA	ibm/mvs/ihasdwa.h
SDWATLPA	ibm/mvs/ihasdwa.h
SDWATNCB	ibm/mvs/ihasdwa.h
SDWATRM1	ibm/mvs/ihasdwa.h
SDWATRM2	ibm/mvs/ihasdwa.h
SDWATSVL	ibm/mvs/ihasdwa.h
SDWATYP1	ibm/mvs/ihasdwa.h
SDWAUPRG	ibm/mvs/ihasdwa.h
SDWAUSPL	ibm/mvs/ihasdwa.h
SDWAVEQR	ibm/mvs/ihasdwa.h
SDWAWAT1	ibm/mvs/ihasdwa.h
SDWAWAT2	ibm/mvs/ihasdwa.h
SDWAWATA	ibm/mvs/ihasdwa.h
SDWAWATP	ibm/mvs/ihasdwa.h
SEEK_CUR	stdio.h
SEEK_END	stdio.h
SEEK_SET	stdio.h
SENSE0_BUS_CHECK	ibm/mvs/ieziob.h
SENSE0_CMD_REJECT	ibm/mvs/ieziob.h
SENSE0_DATA_CHECK	ibm/mvs/ieziob.h
SENSE0_EQU_CHECK	ibm/mvs/ieziob.h
SENSE0_INT_REQ	ibm/mvs/ieziob.h
SENSE0_OVERRUN	ibm/mvs/ieziob.h
SENSE1_END_CYL	ibm/mvs/ieziob.h
SENSE1_FILE_PROTECT	ibm/mvs/ieziob.h
SENSE1_INV_TRACK	ibm/mvs/ieziob.h
SENSE1_NOT_FOUND	ibm/mvs/ieziob.h
SENSE1_OPER_INCOMP	ibm/mvs/ieziob.h
SENSE1_PERM_ERROR	ibm/mvs/ieziob.h
SENSE1_WRITE_INH	ibm/mvs/ieziob.h
SENSE_MAX_COUNT	s370/ccw.h
SEPK	ibm/mvs/iefvkeys.h
SEPMK	ibm/mvs/iefvkeys.h
SERMK	ibm/mvs/iefvkeys.h
SETRP	mvs/recovery.h
SHRT_MAX	limits.h
SHRT_MIN	limits.h
SHWNAME	mvs/vsam.h
SHWOUT	mvs/vsam.h
SHWOUTDI	mvs/vsam.h
SHWPL	mvs/vsam.h
SHWUP	mvs/vsam.h
SIGABRT	signal.h
SIGFPE	signal.h
SIGILL	signal.h
SIGINT	signal.h
SIGSEGV	signal.h
SIGTERM	signal.h
SIG_ATOMIC_MAX	stdint.h
SIG_ATOMIC_MIN	stdint.h
SIG_DFL	signal.h
SIG_ERR	signal.h
SIG_IGN	signal.h
SIRBLEN	ibm/mvs/iharb.h
SIRBWALN	ibm/mvs/iharb.h
SIZE_MAX	stdint.h
SJB1EJOB	ibm/jes2/sjb.h
SJB1NORE	ibm/jes2/sjb.h
SJB1SJID	ibm/jes2/sjb.h
SJB1XBM	ibm/jes2/sjb.h
SJB1XBMC	ibm/jes2/sjb.h
SJB1XBMJ	ibm/jes2/sjb.h
SJB1XBMR	ibm/jes2/sjb.h
SJB1XBWT	ibm/jes2/sjb.h
SJB2CNCL	ibm/jes2/sjb.h
SJB2CONV	ibm/jes2/sjb.h
SJB2EOM	ibm/jes2/sjb.h
SJB2HOLD	ibm/jes2/sjb.h
SJB2INIT	ibm/jes2/sjb.h
SJB2JNFD	ibm/jes2/sjb.h
SJB2JNL	ibm/jes2/sjb.h
SJB2PNIT	ibm/jes2/sjb.h
SJB3CKPT	ibm/jes2/sjb.h
SJB3CLS	ibm/jes2/sjb.h
SJB3FIOT	ibm/jes2/sjb.h
SJB3FJCT	ibm/jes2/sjb.h
SJB3FSDB	ibm/jes2/sjb.h
SJB3PPOU	ibm/jes2/sjb.h
SJB3RSV4	ibm/jes2/sjb.h
SJB3TERM	ibm/jes2/sjb.h
SJB4FSJB	ibm/jes2/sjb.h
SJB4MEND	ibm/jes2/sjb.h
SJB4MREQ	ibm/jes2/sjb.h
SJB4MREX	ibm/jes2/sjb.h
SJB4MRQH	ibm/jes2/sjb.h
SJB4MTRM	ibm/jes2/sjb.h
SJB4RSV6	ibm/jes2/sjb.h
SJB4TERM	ibm/jes2/sjb.h
SJBDRAIN	ibm/jes2/sjb.h
SJBFIRST	ibm/jes2/sjb.h
SJBPRIM	ibm/jes2/sjb.h
SJBTFCAN	ibm/jes2/sjb.h
SJBTFFGC	ibm/jes2/sjb.h
SJBTFFGG	ibm/jes2/sjb.h
SJBTFFGM	ibm/jes2/sjb.h
SJBTFFGP	ibm/jes2/sjb.h
SMCA	mvs/smf.h
SMCABSW	mvs/smf.h
SMCADBSY	mvs/smf.h
SMCADSA	mvs/smf.h
SMCADSNF	mvs/smf.h
SMCADSSP	mvs/smf.h
SMCADSSW	mvs/smf.h
SMCADSTR	mvs/smf.h
SMCADUMP	mvs/smf.h
SMCAEXT	mvs/smf.h
SMCAFGND	mvs/smf.h
SMCAFIRT	mvs/smf.h
SMCAMAN	mvs/smf.h
SMCAMOD	mvs/smf.h
SMCANADA	mvs/smf.h
SMCANAVL	mvs/smf.h
SMCAOPFL	mvs/smf.h
SMCAOPI	mvs/smf.h
SMCAOPT1	mvs/smf.h
SMCAOPT2	mvs/smf.h
SMCAPDA	mvs/smf.h
SMCAPMTY	mvs/smf.h
SMCAPNAV	mvs/smf.h
SMCAPNL	mvs/smf.h
SMCAPNSL	mvs/smf.h
SMCAPSDP	mvs/smf.h
SMCAPSL	mvs/smf.h
SMCAPTAP	mvs/smf.h
SMCAPUNT	mvs/smf.h
SMCAPVOL	mvs/smf.h
SMCARS01	mvs/smf.h
SMCARS02	mvs/smf.h
SMCARS03	mvs/smf.h
SMCARS04	mvs/smf.h
SMCARS05	mvs/smf.h
SMCARS06	mvs/smf.h
SMCARS07	mvs/smf.h
SMCARS14	mvs/smf.h
SMCARS15	mvs/smf.h
SMCARS16	mvs/smf.h
SMCARS17	mvs/smf.h
SMCARS18	mvs/smf.h
SMCARS19	mvs/smf.h
SMCARS20	mvs/smf.h
SMCASIZE	mvs/smf.h
SMCASWAR	mvs/smf.h
SMCATDS	mvs/smf.h
SMCAUSER	mvs/smf.h
SMCAVOL	mvs/smf.h
SMCAZEOD	mvs/smf.h
SMS	mvs/dscb.h
SMSCV	mvs/dscb.h
SMSDS	mvs/dscb.h
SMSUC	mvs/dscb.h
SOCK_DGRAM	sys/socket.h
SOCK_RAW	sys/socket.h
SOCK_RDM	sys/socket.h
SOCK_SEQPACKET	sys/socket.h
SOCK_STREAM	sys/socket.h
SOMAXCONN	sys/socket.h
SOWAMK	ibm/mvs/iefvkeys.h
SPACEK	ibm/mvs/iefvkeys.h
SPLITK	ibm/mvs/iefvkeys.h
SRB	ibm/mvs/ihasrb.h
SRBPNONQ	ibm/mvs/ihasrb.h
SRBPSYS	ibm/mvs/ihasrb.h
SRBSIZE	ibm/mvs/ihasrb.h
SRB_EYE	ibm/mvs/ihasrb.h
SRB_SUBPOOL	ibm/mvs/ihasrb.h
SSCS	ibm/mvs/iefsscs.h
SSCSARAY	ibm/mvs/iefsscs.h
SSCSBADI	ibm/mvs/iefsscs.h
SSCSCOUT	ibm/mvs/iefsscs.h
SSCSELSZ	ibm/mvs/iefsscs.h
SSCSEXCQ	ibm/mvs/iefsscs.h
SSCSHOLD	ibm/mvs/iefsscs.h
SSCSICAN	ibm/mvs/iefsscs.h
SSCSIZE	ibm/mvs/iefsscs.h
SSCSJACT	ibm/mvs/iefsscs.h
SSCSMALL	ibm/mvs/iefsscs.h
SSCSNCAN	ibm/mvs/iefsscs.h
SSCSNJEA	ibm/mvs/iefsscs.h
SSCSNOJB	ibm/mvs/iefsscs.h
SSCSOUTP	ibm/mvs/iefsscs.h
SSCSOUTQ	ibm/mvs/iefsscs.h
SSCSRTOK	ibm/mvs/iefsscs.h
SSCSSECL	ibm/mvs/iefsscs.h
SSCSUSID	ibm/mvs/iefsscs.h
SSCSYNTX	ibm/mvs/iefsscs.h
SSCT	mvs/subsys.h
SSCTJES2	mvs/subsys.h
SSCTJES3	mvs/subsys.h
SSCTSFOR	mvs/subsys.h
SSCTUNKN	mvs/subsys.h
SSCTUPSS	mvs/subsys.h
SSCT_EYE	mvs/subsys.h
SSIB	ibm/mvs/iefjssib.h
SSIBJES2	ibm/mvs/iefjssib.h
SSIBJES3	ibm/mvs/iefjssib.h
SSIBPJES	ibm/mvs/iefjssib.h
SSIBSIZE	ibm/mvs/iefjssib.h
SSIBUNKN	ibm/mvs/iefjssib.h
SSOB	ibm/mvs/iefssobh.h
SSOBCANC	ibm/mvs/iefsscs.h
SSOBHSIZ	ibm/mvs/iefssobh.h
SSOBID_EYE	ibm/mvs/iefssobh.h
SSOBLEN1	ibm/mvs/iefssso.h
SSOBLEN2	ibm/mvs/iefsscs.h
SSOBSOUT	ibm/mvs/iefssso.h
SSOBSTAT	ibm/mvs/iefsscs.h
SSRTDIST	ibm/mvs/iefssobh.h
SSRTLERR	ibm/mvs/iefssobh.h
SSRTNOSS	ibm/mvs/iefssobh.h
SSRTNSUP	ibm/mvs/iefssobh.h
SSRTNTUP	ibm/mvs/iefssobh.h
SSRTOK	ibm/mvs/iefssobh.h
SSSO	ibm/mvs/iefssso.h
SSSOCHKP	ibm/mvs/iefssso.h
SSSOCTRL	ibm/mvs/iefssso.h
SSSODELC	ibm/mvs/iefssso.h
SSSODST	ibm/mvs/iefssso.h
SSSODUPJ	ibm/mvs/iefssso.h
SSSOEODS	ibm/mvs/iefssso.h
SSSOHLD	ibm/mvs/iefssso.h
SSSOHOLD	ibm/mvs/iefssso.h
SSSOIDST	ibm/mvs/iefssso.h
SSSOINVA	ibm/mvs/iefssso.h
SSSOINVJ	ibm/mvs/iefssso.h
SSSONJOB	ibm/mvs/iefssso.h
SSSORLSE	ibm/mvs/iefssso.h
SSSOROUT	ibm/mvs/iefssso.h
SSSORTOK	ibm/mvs/iefssso.h
SSSOSCLS	ibm/mvs/iefssso.h
SSSOSETC	ibm/mvs/iefssso.h
SSSOSFRM	ibm/mvs/iefssso.h
SSSOSIZE	ibm/mvs/iefssso.h
SSSOSJBI	ibm/mvs/iefssso.h
SSSOSJBN	ibm/mvs/iefssso.h
SSSOSPGM	ibm/mvs/iefssso.h
SSSOUNAV	ibm/mvs/iefssso.h
SSVT	mvs/subsys.h
SSVTLEN	ibm/jes2/svt.h
STACKMK	ibm/mvs/iefvkeys.h
STDINT_H_UINTPTR_T_DEFINED	stdint.h
STRDPFXL	ibm/mvs/ieftxtft.h
STREPFXL	ibm/mvs/ieftxtft.h
STRJPFXL	ibm/mvs/ieftxtft.h
STRP	mvs/dscb.h
SUBALLOK	ibm/mvs/iefvkeys.h
SUBSYSK	ibm/mvs/iefvkeys.h
SVBLANK	ibm/jes2/svt.h
SVCENTRY	ibm/mvs/ihascvt.h
SVCLOCK_CMS	ibm/mvs/ihascvt.h
SVCLOCK_DISP	ibm/mvs/ihascvt.h
SVCLOCK_LOCAL	ibm/mvs/ihascvt.h
SVCLOCK_SALLOC	ibm/mvs/ihascvt.h
SVCLOCK_SRM	ibm/mvs/ihascvt.h
SVCTABLE	ibm/mvs/ihascvt.h
SVCTYPE1	ibm/mvs/ihascvt.h
SVCTYPE2	ibm/mvs/ihascvt.h
SVCTYPE3	ibm/mvs/ihascvt.h
SVCTYPE4	ibm/mvs/ihascvt.h
SVCTYPE6	ibm/mvs/ihascvt.h
SVFIXL	ibm/jes2/svt.h
SVHASP_ABEND	ibm/jes2/svt.h
SVHASP_PHASP	ibm/jes2/svt.h
SVHASP_UP	ibm/jes2/svt.h
SVPCENO	ibm/jes2/svt.h
SVPOSTW	ibm/jes2/svt.h
SVRBLEN	ibm/mvs/iharb.h
SVSTUS_SVSTIDS	ibm/jes2/svt.h
SVSTUS_SVSTIRV	ibm/jes2/svt.h
SVSTUS_SVSTRPL	ibm/jes2/svt.h
SVSTUS_SVSTRS5	ibm/jes2/svt.h
SVSTUS_SVSTUSP	ibm/jes2/svt.h
SVSTUS_SVSTUSR	ibm/jes2/svt.h
SVSTUS_SVSTUST	ibm/jes2/svt.h
SVSTUS_SVSTXST	ibm/jes2/svt.h
SYSINCTK	ibm/mvs/iefvkeys.h
SYSLOCKQNAME	mvs/lock.h
SYSLOCKRNAME	mvs/lock.h
SYSLOCKRNAMESZ	mvs/lock.h
SYSOUTK	ibm/mvs/iefvkeys.h
TABLNGTH	ibm/jes2/tab.h
TABMAJOR	ibm/jes2/tab.h
TABMASTR	ibm/jes2/tab.h
TABMINOR	ibm/jes2/tab.h
TCB	ibm/mvs/ikjtcb.h
TCB33E	ibm/mvs/ikjtcb.h
TCBABD	ibm/mvs/ikjtcb.h
TCBABE	ibm/mvs/ikjtcb.h
TCBABGM	ibm/mvs/ikjtcb.h
TCBABTRM	ibm/mvs/ikjtcb.h
TCBABWF	ibm/mvs/ikjtcb.h
TCBACTIV	ibm/mvs/ikjtcb.h
TCBADINP	ibm/mvs/ikjtcb.h
TCBADMP	ibm/mvs/ikjtcb.h
TCBADUMP	ibm/mvs/ikjtcb.h
TCBANDSP	ibm/mvs/ikjtcb.h
TCBAPG	ibm/mvs/ikjtcb.h
TCBAREQ	ibm/mvs/ikjtcb.h
TCBASYNC	ibm/mvs/ikjtcb.h
TCBATT	ibm/mvs/ikjtcb.h
TCBCASID	ibm/mvs/ikjtcb.h
TCBCLOSD	ibm/mvs/ikjtcb.h
TCBCLOSE	ibm/mvs/ikjtcb.h
TCBCLOSF	ibm/mvs/ikjtcb.h
TCBCNCB	ibm/mvs/ikjtcb.h
TCBCOMM	ibm/mvs/ikjtcb.h
TCBCONVR	ibm/mvs/ikjtcb.h
TCBCPU	ibm/mvs/ikjtcb.h
TCBCPUBN	ibm/mvs/ikjtcb.h
TCBCREQ	ibm/mvs/ikjtcb.h
TCBCSTEP	ibm/mvs/ikjtcb.h
TCBDAMSG	ibm/mvs/ikjtcb.h
TCBDARC	ibm/mvs/ikjtcb.h
TCBDARD	ibm/mvs/ikjtcb.h
TCBDARET	ibm/mvs/ikjtcb.h
TCBDARMC	ibm/mvs/ikjtcb.h
TCBDARMS	ibm/mvs/ikjtcb.h
TCBDARO	ibm/mvs/ikjtcb.h
TCBDARP	ibm/mvs/ikjtcb.h
TCBDARPN	ibm/mvs/ikjtcb.h
TCBDARS	ibm/mvs/ikjtcb.h
TCBDARTN	ibm/mvs/ikjtcb.h
TCBDARWT	ibm/mvs/ikjtcb.h
TCBDDRND	ibm/mvs/ikjtcb.h
TCBDMPO	ibm/mvs/ikjtcb.h
TCBDSPIT	ibm/mvs/ikjtcb.h
TCBDSS	ibm/mvs/ikjtcb.h
TCBDSSID	ibm/mvs/ikjtcb.h
TCBDWSTA	ibm/mvs/ikjtcb.h
TCBDYDSP	ibm/mvs/ikjtcb.h
TCBDYNAM	ibm/mvs/ikjtcb.h
TCBECBNV	ibm/mvs/ikjtcb.h
TCBEOT	ibm/mvs/ikjtcb.h
TCBEOTFM	ibm/mvs/ikjtcb.h
TCBERRTN	ibm/mvs/ikjtcb.h
TCBETERM	ibm/mvs/ikjtcb.h
TCBEXSVC	ibm/mvs/ikjtcb.h
TCBFA	ibm/mvs/ikjtcb.h
TCBFABOP	ibm/mvs/ikjtcb.h
TCBFC	ibm/mvs/ikjtcb.h
TCBFCD1	ibm/mvs/ikjtcb.h
TCBFDSOP	ibm/mvs/ikjtcb.h
TCBFDW	ibm/mvs/ikjtcb.h
TCBFE	ibm/mvs/ikjtcb.h
TCBFERA	ibm/mvs/ikjtcb.h
TCBFETXR	ibm/mvs/ikjtcb.h
TCBFIX	ibm/mvs/ikjtcb.h
TCBFJMC	ibm/mvs/ikjtcb.h
TCBFLAG	ibm/mvs/ikjtcb.h
TCBFMW	ibm/mvs/ikjtcb.h
TCBFOINP	ibm/mvs/ikjtcb.h
TCBFPRAP	ibm/mvs/ikjtcb.h
TCBFS	ibm/mvs/ikjtcb.h
TCBFSM	ibm/mvs/ikjtcb.h
TCBFSMC	ibm/mvs/ikjtcb.h
TCBFSTI	ibm/mvs/ikjtcb.h
TCBFT	ibm/mvs/ikjtcb.h
TCBFTS	ibm/mvs/ikjtcb.h
TCBFX	ibm/mvs/ikjtcb.h
TCBGPECB	ibm/mvs/ikjtcb.h
TCBGREC	ibm/mvs/ikjtcb.h
TCBGRPH	ibm/mvs/ikjtcb.h
TCBGTOFM	ibm/mvs/ikjtcb.h
TCBHALT	ibm/mvs/ikjtcb.h
TCBHNDSP	ibm/mvs/ikjtcb.h
TCBINDRC	ibm/mvs/ikjtcb.h
TCBIORMS	ibm/mvs/ikjtcb.h
TCBIWAIT	ibm/mvs/ikjtcb.h
TCBJES	ibm/mvs/ikjtcb.h
TCBJPQF	ibm/mvs/ikjtcb.h
TCBLEN	ibm/mvs/ikjtcb.h
TCBLJSND	ibm/mvs/ikjtcb.h
TCBLLH	ibm/mvs/ikjtcb.h
TCBLOGID	ibm/mvs/ikjtcb.h
TCBMASTR	ibm/mvs/ikjtcb.h
TCBMCCNS	ibm/mvs/ikjtcb.h
TCBMESG	ibm/mvs/ikjtcb.h
TCBMIGR	ibm/mvs/ikjtcb.h
TCBMNLEN	ibm/mvs/ikjtcb.h
TCBMOD91	ibm/mvs/ikjtcb.h
TCBMPCND	ibm/mvs/ikjtcb.h
TCBMPCVQ	ibm/mvs/ikjtcb.h
TCBNDINT	ibm/mvs/ikjtcb.h
TCBNDIOS	ibm/mvs/ikjtcb.h
TCBNDSVC	ibm/mvs/ikjtcb.h
TCBNDTS	ibm/mvs/ikjtcb.h
TCBNDUMP	ibm/mvs/ikjtcb.h
TCBNEWRB	ibm/mvs/ikjtcb.h
TCBNOCC	ibm/mvs/ikjtcb.h
TCBNOCHK	ibm/mvs/ikjtcb.h
TCBNONPR	ibm/mvs/ikjtcb.h
TCBNOSTA	ibm/mvs/ikjtcb.h
TCBNTJS	ibm/mvs/ikjtcb.h
TCBOLTEP	ibm/mvs/ikjtcb.h
TCBONDSP	ibm/mvs/ikjtcb.h
TCBOPEN	ibm/mvs/ikjtcb.h
TCBOWAIT	ibm/mvs/ikjtcb.h
TCBPAGE	ibm/mvs/ikjtcb.h
TCBPAGID	ibm/mvs/ikjtcb.h
TCBPDUMP	ibm/mvs/ikjtcb.h
TCBPGNLY	ibm/mvs/ikjtcb.h
TCBPIE17	ibm/mvs/ikjtcb.h
TCBPIEND	ibm/mvs/ikjtcb.h
TCBPM	ibm/mvs/ikjtcb.h
TCBPNDSP	ibm/mvs/ikjtcb.h
TCBPPSUP	ibm/mvs/ikjtcb.h
TCBPTAXE	ibm/mvs/ikjtcb.h
TCBPXLEN	ibm/mvs/ikjtcb.h
TCBQTIP	ibm/mvs/ikjtcb.h
TCBQUIES	ibm/mvs/ikjtcb.h
TCBREC	ibm/mvs/ikjtcb.h
TCBRQENA	ibm/mvs/ikjtcb.h
TCBRSPND	ibm/mvs/ikjtcb.h
TCBRSTND	ibm/mvs/ikjtcb.h
TCBRSTSK	ibm/mvs/ikjtcb.h
TCBRSV01	ibm/mvs/ikjtcb.h
TCBRSV02	ibm/mvs/ikjtcb.h
TCBRSV06	ibm/mvs/ikjtcb.h
TCBRSV07	ibm/mvs/ikjtcb.h
TCBRSV08	ibm/mvs/ikjtcb.h
TCBRSV17	ibm/mvs/ikjtcb.h
TCBRSV18	ibm/mvs/ikjtcb.h
TCBRSV22	ibm/mvs/ikjtcb.h
TCBRSV25	ibm/mvs/ikjtcb.h
TCBRSV27	ibm/mvs/ikjtcb.h
TCBRSV33	ibm/mvs/ikjtcb.h
TCBRSV34	ibm/mvs/ikjtcb.h
TCBRTM2	ibm/mvs/ikjtcb.h
TCBRV	ibm/mvs/ikjtcb.h
TCBRV113	ibm/mvs/ikjtcb.h
TCBRV122	ibm/mvs/ikjtcb.h
TCBRV123	ibm/mvs/ikjtcb.h
TCBRV300	ibm/mvs/ikjtcb.h
TCBRV301	ibm/mvs/ikjtcb.h
TCBRV302	ibm/mvs/ikjtcb.h
TCBRV303	ibm/mvs/ikjtcb.h
TCBRV316	ibm/mvs/ikjtcb.h
TCBRV317	ibm/mvs/ikjtcb.h
TCBRV318	ibm/mvs/ikjtcb.h
TCBRV327	ibm/mvs/ikjtcb.h
TCBS3A	ibm/mvs/ikjtcb.h
TCBSAVCD	ibm/mvs/ikjtcb.h
TCBSER	ibm/mvs/ikjtcb.h
TCBSLPER	ibm/mvs/ikjtcb.h
TCBSMFGF	ibm/mvs/ikjtcb.h
TCBSPVLK	ibm/mvs/ikjtcb.h
TCBSRBND	ibm/mvs/ikjtcb.h
TCBSSSYN	ibm/mvs/ikjtcb.h
TCBSTABE	ibm/mvs/ikjtcb.h
TCBSTACK	ibm/mvs/ikjtcb.h
TCBSTAFX	ibm/mvs/ikjtcb.h
TCBSTCUR	ibm/mvs/ikjtcb.h
TCBSTP	ibm/mvs/ikjtcb.h
TCBSTPP	ibm/mvs/ikjtcb.h
TCBSTPPR	ibm/mvs/ikjtcb.h
TCBSTRET	ibm/mvs/ikjtcb.h
TCBSVCS	ibm/mvs/ikjtcb.h
TCBSYERR	ibm/mvs/ikjtcb.h
TCBSYNCH	ibm/mvs/ikjtcb.h
TCBSYS	ibm/mvs/ikjtcb.h
TCBTCAMP	ibm/mvs/ikjtcb.h
TCBTCBID	ibm/mvs/ikjtcb.h
TCBTCP	ibm/mvs/ikjtcb.h
TCBTCPP	ibm/mvs/ikjtcb.h
TCBTIOTG	ibm/mvs/ikjtcb.h
TCBTPSP	ibm/mvs/ikjtcb.h
TCBTQET	ibm/mvs/ikjtcb.h
TCBTSTSK	ibm/mvs/ikjtcb.h
TCBTYP1R	ibm/mvs/ikjtcb.h
TCBTYP1W	ibm/mvs/ikjtcb.h
TCBUXNDV	ibm/mvs/ikjtcb.h
TCBVTAM1	ibm/mvs/ikjtcb.h
TCBVTAM2	ibm/mvs/ikjtcb.h
TCBVTAM3	ibm/mvs/ikjtcb.h
TCBVTAM4	ibm/mvs/ikjtcb.h
TCBWTPSE	ibm/mvs/ikjtcb.h
TCBX2LEN	ibm/mvs/ikjtcb.h
TCBXTNT2	ibm/mvs/ikjtcb.h
TCBZERO	ibm/mvs/ikjtcb.h
TDEVSIZE	mvs/smf.h
TERMK	ibm/mvs/iefvkeys.h
THRESHMK	ibm/mvs/iefvkeys.h
TIME64_H	ext/time64.h
TIMEEEK	ibm/mvs/iefvkeys.h
TIMEJK	ibm/mvs/iefvkeys.h
TIMEPEK	ibm/mvs/iefvkeys.h
TIOEDYNM	ibm/mvs/ieftiot1.h
TIOEQNAM	ibm/mvs/ieftiot1.h
TIOESSDS	ibm/mvs/ieftiot1.h
TIOESYIN	ibm/mvs/ieftiot1.h
TIOESYOT	ibm/mvs/ieftiot1.h
TIOSAFFP	ibm/mvs/ieftiot1.h
TIOSAFFS	ibm/mvs/ieftiot1.h
TIOSBALP	ibm/mvs/ieftiot1.h
TIOSBALS	ibm/mvs/ieftiot1.h
TIOSDADS	ibm/mvs/ieftiot1.h
TIOSDEFR	ibm/mvs/ieftiot1.h
TIOSDKCR	ibm/mvs/ieftiot1.h
TIOSDSP1	ibm/mvs/ieftiot1.h
TIOSDSP2	ibm/mvs/ieftiot1.h
TIOSJBLB	ibm/mvs/ieftiot1.h
TIOSLABL	ibm/mvs/ieftiot1.h
TIOSLTYP	ibm/mvs/ieftiot1.h
TIOSMNTD	ibm/mvs/ieftiot1.h
TIOSPLTP	ibm/mvs/ieftiot1.h
TIOSPLTS	ibm/mvs/ieftiot1.h
TIOSPVIO	ibm/mvs/ieftiot1.h
TIOSREQD	ibm/mvs/ieftiot1.h
TIOSSETU	ibm/mvs/ieftiot1.h
TIOSUNLD	ibm/mvs/ieftiot1.h
TIOSUSED	ibm/mvs/ieftiot1.h
TIOSVERF	ibm/mvs/ieftiot1.h
TIOSVLSR	ibm/mvs/ieftiot1.h
TIOSVOLP	ibm/mvs/ieftiot1.h
TIOSVOLS	ibm/mvs/ieftiot1.h
TIOSYOUT	ibm/mvs/ieftiot1.h
TIOT	ibm/mvs/ieftiot1.h
TIOTDD	ibm/mvs/ieftiot1.h
TIOTREM	ibm/mvs/ieftiot1.h
TIOTRV01	ibm/mvs/ieftiot1.h
TIOTTERM	ibm/mvs/ieftiot1.h
TIRBLEN	ibm/mvs/iharb.h
TMP_MAX	stdio.h
TMR	mvs/timer.h
TMRSEC	mvs/timer.h
TMR_EYE	mvs/timer.h
TMR_FLAG_INIT	mvs/timer.h
TMR_FLAG_QUIESCE	mvs/timer.h
TMR_FLAG_RUNNING	mvs/timer.h
TMR_FLAG_SHUTDOWN	mvs/timer.h
TNONDISP	ibm/mvs/ikjtcb.h
TQE	mvs/timer.h
TQEID	mvs/timer.h
TQE_EYE	mvs/timer.h
TQE_FLAG_DISABLED	mvs/timer.h
TQE_FLAG_KEEP	mvs/timer.h
TQE_FLAG_RESET	mvs/timer.h
TRK	mvs/dscb.h
TRTCHMK	ibm/mvs/iefvkeys.h
TXT99	ibm/mvs/iefzb4d2.h
TYPRUNJK	ibm/mvs/iefvkeys.h
UCBDASD	ibm/mvs/iefucbob.h
UCBEOL	ibm/mvs/iefucbob.h
UCBLIST	ibm/mvs/iefucbob.h
UCBONLI	ibm/mvs/iefucbob.h
UCBPRES	ibm/mvs/iefucbob.h
UCBRESV	ibm/mvs/iefucbob.h
UCBSKIP	ibm/mvs/iefucbob.h
UCBSTABPRV	ibm/mvs/iefucbob.h
UCBSTABPUB	ibm/mvs/iefucbob.h
UCBSTABSTR	ibm/mvs/iefucbob.h
UCBTYPE2321	ibm/mvs/iefucbob.h
UCBTYPEDA	ibm/mvs/iefucbob.h
UCHAR_MAX	limits.h
UCM	ibm/mvs/ieecucm.h
UCM2DSTR	ibm/mvs/ieecucm.h
UCM2DTAK	ibm/mvs/ieecucm.h
UCM2EXT	ibm/mvs/ieecucm.h
UCM2SDWA	ibm/mvs/ieecucm.h
UCM2SENT	ibm/mvs/ieecucm.h
UCM2WTOI	ibm/mvs/ieecucm.h
UCMAF	ibm/mvs/ieecucm.h
UCMAMFA	ibm/mvs/ieecucm.h
UCMAT04	ibm/mvs/ieecucm.h
UCMAUTH1	ibm/mvs/ieecucm.h
UCMAUTH2	ibm/mvs/ieecucm.h
UCMAUTH3	ibm/mvs/ieecucm.h
UCMBF	ibm/mvs/ieecucm.h
UCMCF	ibm/mvs/ieecucm.h
UCMDEVA	ibm/mvs/ieecucm.h
UCMDEVB	ibm/mvs/ieecucm.h
UCMDEVCC	ibm/mvs/ieecucm.h
UCMDEVD	ibm/mvs/ieecucm.h
UCMDEVE	ibm/mvs/ieecucm.h
UCMDEVF	ibm/mvs/ieecucm.h
UCMDEVG	ibm/mvs/ieecucm.h
UCMDISPA	ibm/mvs/ieecucm.h
UCMDISPB	ibm/mvs/ieecucm.h
UCMDISPC	ibm/mvs/ieecucm.h
UCMDISPD	ibm/mvs/ieecucm.h
UCMDISPE	ibm/mvs/ieecucm.h
UCMDISPF	ibm/mvs/ieecucm.h
UCMDISPG	ibm/mvs/ieecucm.h
UCMDISPH	ibm/mvs/ieecucm.h
UCMDISPI	ibm/mvs/ieecucm.h
UCMDISPJ	ibm/mvs/ieecucm.h
UCMDISPK	ibm/mvs/ieecucm.h
UCMEFEXT	ibm/mvs/ieecucm.h
UCMEFLEN	ibm/mvs/ieecucm.h
UCMEFLGA	ibm/mvs/ieecucm.h
UCMEFLGB	ibm/mvs/ieecucm.h
UCMEFLGC	ibm/mvs/ieecucm.h
UCMEFLGD	ibm/mvs/ieecucm.h
UCMEFLGE	ibm/mvs/ieecucm.h
UCMEFLGF	ibm/mvs/ieecucm.h
UCMEFLGG	ibm/mvs/ieecucm.h
UCMEFLGH	ibm/mvs/ieecucm.h
UCMEIL	ibm/mvs/ieecucm.h
UCMEMCLS	ibm/mvs/ieecucm.h
UCMESIZE	ibm/mvs/ieecucm.h
UCMEXIT	ibm/mvs/ieecucm.h
UCMFBR03	ibm/mvs/ieecucm.h
UCMFBR04	ibm/mvs/ieecucm.h
UCMFBR05	ibm/mvs/ieecucm.h
UCMFBR06	ibm/mvs/ieecucm.h
UCMFBR07	ibm/mvs/ieecucm.h
UCMFEXTA	ibm/mvs/ieecucm.h
UCMFIX	ibm/mvs/ieecucm.h
UCMFMSGA	ibm/mvs/ieecucm.h
UCMFMSGE	ibm/mvs/ieecucm.h
UCMFMSGN	ibm/mvs/ieecucm.h
UCMFRB0	ibm/mvs/ieecucm.h
UCMIF	ibm/mvs/ieecucm.h
UCMLF	ibm/mvs/ieecucm.h
UCMLIST	ibm/mvs/ieecucm.h
UCMMCS	ibm/mvs/ieecucm.h
UCMMSGA	ibm/mvs/ieecucm.h
UCMMSGB	ibm/mvs/ieecucm.h
UCMMSGD	ibm/mvs/ieecucm.h
UCMMSGF	ibm/mvs/ieecucm.h
UCMOF	ibm/mvs/ieecucm.h
UCMOGCE	ibm/mvs/ieecucm.h
UCMPEXTA	ibm/mvs/ieecucm.h
UCMPF	ibm/mvs/ieecucm.h
UCMPRFX	ibm/mvs/ieecucm.h
UCMRSV01	ibm/mvs/ieecucm.h
UCMRSV11	ibm/mvs/ieecucm.h
UCMRSV14	ibm/mvs/ieecucm.h
UCMRSV16	ibm/mvs/ieecucm.h
UCMRSV17	ibm/mvs/ieecucm.h
UCMRSV19	ibm/mvs/ieecucm.h
UCMRSV20	ibm/mvs/ieecucm.h
UCMRSV21	ibm/mvs/ieecucm.h
UCMRSV22	ibm/mvs/ieecucm.h
UCMRSV23	ibm/mvs/ieecucm.h
UCMRSV26	ibm/mvs/ieecucm.h
UCMRSV27	ibm/mvs/ieecucm.h
UCMRSV30	ibm/mvs/ieecucm.h
UCMRSV31	ibm/mvs/ieecucm.h
UCMRSV35	ibm/mvs/ieecucm.h
UCMRSV66	ibm/mvs/ieecucm.h
UCMRSV70	ibm/mvs/ieecucm.h
UCMRSV71	ibm/mvs/ieecucm.h
UCMRV003	ibm/mvs/ieecucm.h
UCMRV004	ibm/mvs/ieecucm.h
UCMRV005	ibm/mvs/ieecucm.h
UCMRV006	ibm/mvs/ieecucm.h
UCMRV007	ibm/mvs/ieecucm.h
UCMSDS1A	ibm/mvs/ieecucm.h
UCMSDS1B	ibm/mvs/ieecucm.h
UCMSDS5A	ibm/mvs/ieecucm.h
UCMSDS5B	ibm/mvs/ieecucm.h
UCMSDS5C	ibm/mvs/ieecucm.h
UCMSDS5D	ibm/mvs/ieecucm.h
UCMSDS5F	ibm/mvs/ieecucm.h
UCMSDS5G	ibm/mvs/ieecucm.h
UCMSYSB	ibm/mvs/ieecucm.h
UCMSYSC	ibm/mvs/ieecucm.h
UCMSYSD	ibm/mvs/ieecucm.h
UCMSYSE	ibm/mvs/ieecucm.h
UCMSYSF	ibm/mvs/ieecucm.h
UCMSYSG	ibm/mvs/ieecucm.h
UCMSYSI	ibm/mvs/ieecucm.h
UCMSYSJ	ibm/mvs/ieecucm.h
UCMSYSK	ibm/mvs/ieecucm.h
UCMSYSL	ibm/mvs/ieecucm.h
UCMSYSM	ibm/mvs/ieecucm.h
UCMSYSN	ibm/mvs/ieecucm.h
UCMSYSO	ibm/mvs/ieecucm.h
UCMSYSP	ibm/mvs/ieecucm.h
UCMTA	ibm/mvs/ieecucm.h
UCMTB	ibm/mvs/ieecucm.h
UCMTC	ibm/mvs/ieecucm.h
UCMTPUTA	ibm/mvs/ieecucm.h
UCMUF	ibm/mvs/ieecucm.h
UCMVHRSN	ibm/mvs/ieecucm.h
UCMXF	ibm/mvs/ieecucm.h
UCSK	ibm/mvs/iefvkeys.h
UINT16_C	stdint.h
UINT16_MAX	limits.h stdint.h
UINT32_C	stdint.h
UINT32_MAX	stdint.h
UINT64_C	stdint.h
UINT64_MAX	stdint.h
UINT8_C	stdint.h
UINT8_MAX	stdint.h
UINTMAX_C	stdint.h
UINTMAX_MAX	stdint.h
UINTPTR_MAX	stdint.h
UINT_FAST16_MAX	stdint.h
UINT_FAST32_MAX	stdint.h
UINT_FAST64_MAX	stdint.h
UINT_FAST8_MAX	stdint.h
UINT_LEAST16_MAX	stdint.h
UINT_LEAST32_MAX	stdint.h
UINT_LEAST64_MAX	stdint.h
UINT_LEAST8_MAX	stdint.h
UINT_MAX	limits.h
ULLONG_MAX	limits.h
ULONG_LONG_MAX	stdint.h
ULONG_MAX	limits.h
UNITK	ibm/mvs/iefvkeys.h
UPTALD	ibm/mvs/ikjupt.h
UPTMID	ibm/mvs/ikjupt.h
UPTMODE	ibm/mvs/ikjupt.h
UPTNCOM	ibm/mvs/ikjupt.h
UPTNPRM	ibm/mvs/ikjupt.h
UPTPAUS	ibm/mvs/ikjupt.h
UPTRCVR	ibm/mvs/ikjupt.h
UPTWTP	ibm/mvs/ikjupt.h
USERK	ibm/mvs/iefvkeys.h
USHRT_MAX	limits.h
VOLLIST	mvs/dslist.h
VOLLIST_STATUS_ONLI	mvs/dslist.h
VOLLIST_STATUS_PRES	mvs/dslist.h
VOLLIST_STATUS_PRV	mvs/dslist.h
VOLLIST_STATUS_PUB	mvs/dslist.h
VOLLIST_STATUS_RESV	mvs/dslist.h
VOLLIST_STATUS_STG	mvs/dslist.h
VOLLIST_STATUS_X01	mvs/dslist.h
VOLLIST_STATUS_X10	mvs/dslist.h
VOLUMEK	ibm/mvs/iefvkeys.h
VSACCESS	mvs/vsam.h
VSBAD	mvs/dscb.h
VSFILE	mvs/vsam.h
VSFILE_EYE	mvs/vsam.h
VSFILE_FLAG_EOF	mvs/vsam.h
VSFILE_FLAG_ERROR	mvs/vsam.h
VSFILE_FLAG_OPEN	mvs/vsam.h
VSFILE_FLAG_STARTGE	mvs/vsam.h
VSFILE_FLAG_WRITE	mvs/vsam.h
VSMODE	mvs/vsam.h
VSREF	mvs/dscb.h
VSTYPE	mvs/vsam.h
WCHAR_MAX	stdint.h wchar.h
WCHAR_MIN	stdint.h wchar.h
WEOF	wchar.h
WINT_MAX	stdint.h wchar.h
WINT_MIN	stdint.h wchar.h
WTRC	ibm/mvs/iefssso.h
XRBACTV	ibm/mvs/iharb.h
XRBCKPT	ibm/mvs/iharb.h
XRBFRRB	ibm/mvs/iharb.h
XRBPSW	ibm/mvs/iharb.h
XRBREG0	ibm/mvs/iharb.h
XRBREG1	ibm/mvs/iharb.h
XRBREG10	ibm/mvs/iharb.h
XRBREG11	ibm/mvs/iharb.h
XRBREG12	ibm/mvs/iharb.h
XRBREG13	ibm/mvs/iharb.h
XRBREG14	ibm/mvs/iharb.h
XRBREG15	ibm/mvs/iharb.h
XRBREG2	ibm/mvs/iharb.h
XRBREG3	ibm/mvs/iharb.h
XRBREG4	ibm/mvs/iharb.h
XRBREG5	ibm/mvs/iharb.h
XRBREG6	ibm/mvs/iharb.h
XRBREG7	ibm/mvs/iharb.h
XRBREG8	ibm/mvs/iharb.h
XRBREG9	ibm/mvs/iharb.h
XRBTCBP	ibm/mvs/iharb.h
XRBWAIT	ibm/mvs/iharb.h
XSTAB	ibm/mvs/iharb.h
XSTAB1	ibm/mvs/iharb.h
XSTAB2	ibm/mvs/iharb.h
XTLST	ibm/mvs/ihaxtlst.h
_DUMMY	ibm/jes2/jqe.h
_Exit	stdlib.h
_FILE	stdio.h
_FILE_EYE	stdio.h
_FILE_FLAG_APPEND	stdio.h
_FILE_FLAG_BINARY	stdio.h
_FILE_FLAG_BSAM	stdio.h
_FILE_FLAG_DCBOUT	stdio.h
_FILE_FLAG_DYNAMIC	stdio.h
_FILE_FLAG_ENOSPC	stdio.h
_FILE_FLAG_EOF	stdio.h
_FILE_FLAG_ERROR	stdio.h
_FILE_FLAG_EXTEND	stdio.h
_FILE_FLAG_OPEN	stdio.h
_FILE_FLAG_POSEND	stdio.h
_FILE_FLAG_READ	stdio.h
_FILE_FLAG_RECORD	stdio.h
_FILE_FLAG_RLSE	stdio.h
_FILE_FLAG_TERM	stdio.h
_FILE_FLAG_WRITE	stdio.h
_FILE_RECFM_A	stdio.h
_FILE_RECFM_B	stdio.h
_FILE_RECFM_CC	stdio.h
_FILE_RECFM_F	stdio.h
_FILE_RECFM_L	stdio.h
_FILE_RECFM_M	stdio.h
_FILE_RECFM_O	stdio.h
_FILE_RECFM_S	stdio.h
_FILE_RECFM_TYPE	stdio.h
_FILE_RECFM_U	stdio.h
_FILE_RECFM_V	stdio.h
_FILE_XFLAG_DIRTY	stdio.h
_FILE_XFLAG_GETLINE	stdio.h
_FILE_XFLAG_PUTLINE	stdio.h
_FILE_XFLAG_UPDAT	stdio.h
_FREE	ibm/jes2/jqe.h
_HARDCPY	ibm/jes2/jqe.h
_INPUT	ibm/jes2/jqe.h
_IOFBF	stdio.h
_IOLBF	stdio.h
_IONBF	stdio.h
_JOEBRST	ibm/jes2/joe.h
_JOEBUSY	ibm/jes2/joe.h
_JOECHAR	ibm/jes2/joe.h
_JOECKPT	ibm/jes2/joe.h
_JOECKV	ibm/jes2/joe.h
_JOEDMND	ibm/jes2/joe.h
_JOEFREE	ibm/jes2/joe.h
_JOEHOLD	ibm/jes2/joe.h
_JOEPRT	ibm/jes2/joe.h
_JOEPUN	ibm/jes2/joe.h
_JOESPIN	ibm/jes2/joe.h
_JOETCEL	ibm/jes2/joe.h
_JOEWORK	ibm/jes2/joe.h
_JQTYPES	ibm/jes2/hct.h
_OUTPUT	ibm/jes2/jqe.h
_PURGE	ibm/jes2/jqe.h
_RECEIVE	ibm/jes2/jqe.h
_SETUP	ibm/jes2/jqe.h
_STDINT_H_INCLUDED	stdint.h
_WCHAR_T_DEFINED	stddef.h stdlib.h wchar.h
_XEQ	ibm/jes2/jqe.h
_XMIT	ibm/jes2/jqe.h
__64_ARRAY_SIZE	ext/int64.h
__64_DTYPE	ext/int64.h
__64_DTYPE_MSB	ext/int64.h
__64_DTYPE_TMP	ext/int64.h
__64_MAX_VAL	ext/int64.h
__64_SPRINTF_FORMAT_STR	ext/int64.h
__64_SSCANF_FORMAT_STR	ext/int64.h
__64_WORD_SIZE	ext/int64.h
__64_add	ext/int64.h
__64_add_i32	ext/int64.h
__64_add_u32	ext/int64.h
__64_add_u64	ext/int64.h
__64_and	ext/int64.h
__64_and_i32	ext/int64.h
__64_and_u32	ext/int64.h
__64_and_u64	ext/int64.h
__64_assign	ext/int64.h
__64_cmp	ext/int64.h
__64_cmp_i32	ext/int64.h
__64_cmp_u32	ext/int64.h
__64_cmp_u64	ext/int64.h
__64_copy	ext/int64.h
__64_dec	ext/int64.h
__64_div	ext/int64.h
__64_div_i32	ext/int64.h
__64_div_u32	ext/int64.h
__64_div_u64	ext/int64.h
__64_divmod	ext/int64.h
__64_divmod_i32	ext/int64.h
__64_divmod_u32	ext/int64.h
__64_divmod_u64	ext/int64.h
__64_from_i32	ext/int64.h
__64_from_string	ext/int64.h
__64_from_u32	ext/int64.h
__64_from_u64	ext/int64.h
__64_inc	ext/int64.h
__64_init	ext/int64.h
__64_is_zero	ext/int64.h
__64_isqrt	ext/int64.h
__64_lshift	ext/int64.h
__64_lshift_one_bit	ext/int64.h
__64_lshift_word	ext/int64.h
__64_mod	ext/int64.h
__64_mod_i32	ext/int64.h
__64_mod_u32	ext/int64.h
__64_mod_u64	ext/int64.h
__64_mul	ext/int64.h
__64_mul_i32	ext/int64.h
__64_mul_u32	ext/int64.h
__64_mul_u64	ext/int64.h
__64_or	ext/int64.h
__64_or_i32	ext/int64.h
__64_or_u32	ext/int64.h
__64_or_u64	ext/int64.h
__64_pow	ext/int64.h
__64_rshift	ext/int64.h
__64_rshift_one_bit	ext/int64.h
__64_rshift_word	ext/int64.h
__64_sub	ext/int64.h
__64_sub_i32	ext/int64.h
__64_sub_u32	ext/int64.h
__64_sub_u64	ext/int64.h
__64_to_i32	ext/int64.h
__64_to_string	ext/int64.h
__64_to_u32	ext/int64.h
__64_to_u64	ext/int64.h
__64_xor	ext/int64.h
__64_xor_i32	ext/int64.h
__64_xor_u32	ext/int64.h
__64_xor_u64	ext/int64.h
__ASSERT_INCLUDED	assert.h
__CHARJOE	ibm/jes2/joe.h
__CKPTJOE	ibm/jes2/joe.h
__CTYPE_INCLUDED	ctype.h
__DDSTR	ibm/mvs/ieftxtft.h
__ENVVAR	mvs/env.h
__EXECSTR	ibm/mvs/ieftxtft.h
__FLOAT_INCLUDED	float.h
__GNUC_VA_LIST	stdarg.h
__HCT	ibm/jes2/hct.h
__INTTYPES_INCLUDED	inttypes.h
__IOT	ibm/jes2/iot.h
__JCT	ibm/jes2/jct.h
__JOBSTR	ibm/mvs/ieftxtft.h
__JOE	ibm/jes2/joe.h
__JOT	ibm/jes2/jot.h
__JQE	ibm/jes2/jqe.h
__LIBC370_MIN_CC370	sys/_cc370.h
__LIMITS_INCLUDED	limits.h
__LISTAL_OPT_CONCAT	mvs/dslist.h
__LISTAL_OPT_DSCB	mvs/dslist.h
__LISTAL_OPT_DYNM	mvs/dslist.h
__LISTAL_OPT_FLG1	mvs/dslist.h
__LISTAL_OPT_INUSE	mvs/dslist.h
__LISTAL_OPT_NOCAT	mvs/dslist.h
__LISTAL_OPT_NOJES	mvs/dslist.h
__LISTAL_OPT_PERM	mvs/dslist.h
__LOCALE_INCLUDED	locale.h
__MAIN_FP__	stddef.h
__MATH_INCLUDED	math.h
__NATEXIT	stdlib.h
__PDDB	ibm/jes2/pddb.h
__PDPCLIB_API__	stddef.h
__PPAGET	mvs/crt.h
__PSO	ibm/jes2/pso.h
__SETJMP_INCLUDED	setjmp.h
__SIGHDL	signal.h
__SIGNAL_INCLUDED	signal.h
__SIZE_T_DEFINED	mvs/crt.h stddef.h stdlib.h string.h time.h wchar.h
__SJB	ibm/jes2/sjb.h
__STDARG_INCLUDED	stdarg.h
__STDDEF_INCLUDED	stddef.h
__STDLIB_INCLUDED	stdlib.h
__TAB	ibm/jes2/tab.h
__TGM	ibm/jes2/tgm.h
__TIME_INCLUDED	time.h
__TXTPRE	ibm/mvs/ieftxtft.h
__WCHAR_INCLUDED	wchar.h
__WCHAR_T_DEFINED	stddef.h stdlib.h wchar.h
__WINT_T_DEFINED	wchar.h
___try	mvs/recovery.h
___tryrc	mvs/recovery.h
__abrpt	mvs/recovery.h
__abs	stdlib.h
__ascb	mvs/xmem.h
__assert	assert.h
__attribute	ibm/mvs/ikjtcb.h
__austep	mvs/apf.h
__autask	mvs/apf.h
__bldl	mvs/pds.h
__bool_true_false_are_defined	stdbool.h
__call	mvs/link.h
__cas	s370/atomic.h
__charjoe	ibm/jes2/joe.h
__cibdel	mvs/console.h
__cibget	mvs/console.h
__cibset	mvs/console.h
__ckptjoe	ibm/jes2/joe.h
__cos__	math.h
__cpclos	mvs/jes2ckpt.h
__cpopen	mvs/jes2ckpt.h
__cppoin	mvs/jes2ckpt.h
__cpread	mvs/jes2ckpt.h
__crtget	mvs/crt.h
__crtres	mvs/crt.h
__crtset	mvs/crt.h
__ddstr	ibm/mvs/ieftxtft.h
__dec	s370/atomic.h
__delete	mvs/link.h
__delmem	mvs/pds.h
__deq	mvs/enq.h
__dsalc	mvs/dynalloc.h
__dsalcf	mvs/dynalloc.h
__dscbav	mvs/dscb.h
__dscbdv	mvs/dscb.h
__dscbv	mvs/dscb.h
__dsfree	mvs/dynalloc.h
__dynal	mvs/dynalloc.h
__enq	mvs/enq.h
__enqdeq	mvs/enq.h
__envvar	mvs/env.h
__errno	errno.h
__estae	mvs/recovery.h
__execstr	ibm/mvs/ieftxtft.h
__exit	mvs/crt.h
__fabandon	mvs/file.h
__fabs	math.h
__facos	math.h
__fasin	math.h
__fcos	math.h
__findenv	mvs/env.h
__fmtisp	mvs/dslist.h
__fmtloa	mvs/dslist.h
__fpatan	math.h
__fptan	math.h
__freeal	mvs/dslist.h
__freeds	mvs/dslist.h
__freem	mvs/storage.h
__freepd	mvs/dslist.h
__freevl	mvs/dslist.h
__frtx99	mvs/dynalloc.h
__frtx9a	mvs/dynalloc.h
__fsin	math.h
__fsqrt	math.h
__getclk	mvs/clock.h
__getm	mvs/storage.h
__getmsp	mvs/storage.h
__getpso	mvs/jes2.h
__getsp	mvs/storage.h
__gettz	mvs/clock.h
__gnuc_va_list	stdarg.h
__grtget	mvs/crt.h
__grtres	mvs/crt.h
__grtset	mvs/crt.h
__gtcom	mvs/console.h
__gterr	stdio.h
__gtin	stdio.h
__gtout	stdio.h
__hct	ibm/jes2/hct.h
__idcams	mvs/idcams.h
__inc	s370/atomic.h
__iot	ibm/jes2/iot.h
__isauth	mvs/apf.h
__issup	mvs/apf.h
__jct	ibm/jes2/jct.h
__jobid	mvs/subsys.h
__jobname	mvs/dd.h
__jobstr	ibm/mvs/ieftxtft.h
__joe	ibm/jes2/joe.h
__jot	ibm/jes2/jot.h
__jqe	ibm/jes2/jqe.h
__jsclos	mvs/jes2spool.h
__jsopen	mvs/jes2spool.h
__jsrd4	mvs/jes2spool.h
__labs	stdlib.h
__link	mvs/link.h
__linkds	mvs/link.h
__linkt	mvs/link.h
__listal	mvs/dslist.h
__listc	mvs/dslist.h
__listds	mvs/dslist.h
__listpd	mvs/dslist.h
__listvl	mvs/dslist.h
__lk	mvs/lock.h
__lkrn	mvs/lock.h
__lkrnf	mvs/lock.h
__lkrnte	mvs/lock.h
__lkrnuf	mvs/lock.h
__lkrnun	mvs/lock.h
__lkrtef	mvs/lock.h
__lktest	mvs/lock.h
__lktry	mvs/lock.h
__lkunlk	mvs/lock.h
__lkuntf	mvs/lock.h
__lkuntr	mvs/lock.h
__load	mvs/link.h
__loadhi	mvs/link.h
__locate	mvs/dscb.h
__nwtx99	mvs/dynalloc.h
__nwtx9a	mvs/dynalloc.h
__nwtx9s	mvs/dynalloc.h
__patmat	ext/strutil.h
__pddb	ibm/jes2/pddb.h
__ppaget	mvs/crt.h
__ppahrv	mvs/crt.h
__premain	mvs/crt.h
__prob	mvs/apf.h
__pso	ibm/jes2/pso.h
__pswkey	mvs/apf.h
__rdjfcb	mvs/dd.h
__renmem	mvs/pds.h
__setj	setjmp.h
__setsp	mvs/storage.h
__sigdfl	signal.h
__sigerr	signal.h
__sighdl	signal.h
__sigign	signal.h
__sin__	math.h
__sjb	ibm/jes2/sjb.h
__smca	mvs/smf.h
__smfid	mvs/smf.h
__soadd	mvs/socket.h
__sodel	mvs/socket.h
__sofind	mvs/socket.h
__sopnam	mvs/socket.h
__sosnam	mvs/socket.h
__soupd	mvs/socket.h
__ssib	mvs/subsys.h
__steplb	mvs/apf.h
__stow	mvs/pds.h
__sudo	mvs/apf.h
__sukydo	mvs/apf.h
__super	mvs/apf.h
__svc99	mvs/dynalloc.h
__swap	s370/atomic.h
__tab	ibm/jes2/tab.h
__tgm	ibm/jes2/tgm.h
__tiot	mvs/dd.h
__try	mvs/recovery.h
__tryrc	mvs/recovery.h
__txacat	mvs/dynalloc.h
__txadel	mvs/dynalloc.h
__txakee	mvs/dynalloc.h
__txauca	mvs/dynalloc.h
__txbfal	mvs/dynalloc.h
__txbfte	mvs/dynalloc.h
__txbksz	mvs/dynalloc.h
__txblk	mvs/dynalloc.h
__txbufl	mvs/dynalloc.h
__txbufn	mvs/dynalloc.h
__txbufo	mvs/dynalloc.h
__txcat	mvs/dynalloc.h
__txclos	mvs/dynalloc.h
__txcopy	mvs/dynalloc.h
__txcyl	mvs/dynalloc.h
__txdcbd	mvs/dynalloc.h
__txddn	mvs/dynalloc.h
__txdel	mvs/dynalloc.h
__txden	mvs/dynalloc.h
__txdest	mvs/dynalloc.h
__txdir	mvs/dynalloc.h
__txdmy	mvs/dynalloc.h
__txdsn	mvs/dynalloc.h
__txerop	mvs/dynalloc.h
__txexpd	mvs/dynalloc.h
__txfcb	mvs/dynalloc.h
__txform	mvs/dynalloc.h
__txhold	mvs/dynalloc.h
__txinpu	mvs/dynalloc.h
__txkeep	mvs/dynalloc.h
__txkeyl	mvs/dynalloc.h
__txlabe	mvs/dynalloc.h
__txlmct	mvs/dynalloc.h
__txlrec	mvs/dynalloc.h
__txmod	mvs/dynalloc.h
__txncp	mvs/dynalloc.h
__txnew	mvs/dynalloc.h
__txold	mvs/dynalloc.h
__txorg	mvs/dynalloc.h
__txoutp	mvs/dynalloc.h
__txpara	mvs/dynalloc.h
__txperm	mvs/dynalloc.h
__txpgm	mvs/dynalloc.h
__txpriv	mvs/dynalloc.h
__txprot	mvs/dynalloc.h
__txrddn	mvs/dynalloc.h
__txrecf	mvs/dynalloc.h
__txretp	mvs/dynalloc.h
__txrlse	mvs/dynalloc.h
__txrnd	mvs/dynalloc.h
__txseq	mvs/dynalloc.h
__txshr	mvs/dynalloc.h
__txspac	mvs/dynalloc.h
__txsyso	mvs/dynalloc.h
__txterm	mvs/dynalloc.h
__txtpre	ibm/mvs/ieftxtft.h
__txtrk	mvs/dynalloc.h
__txtrtc	mvs/dynalloc.h
__txucat	mvs/dynalloc.h
__txucs	mvs/dynalloc.h
__txunal	mvs/dynalloc.h
__txunct	mvs/dynalloc.h
__txunit	mvs/dynalloc.h
__txvlct	mvs/dynalloc.h
__txvols	mvs/dynalloc.h
__txvseq	mvs/dynalloc.h
__tzget	time.h
__tzset	time.h
__uastep	mvs/apf.h
__uatask	mvs/apf.h
__udec	s370/atomic.h
__uinc	s370/atomic.h
__va_copy	stdarg.h
__vscinv	mvs/vsam.h
__vsclos	mvs/vsam.h
__vsclr	mvs/vsam.h
__vsdel	mvs/vsam.h
__vseof	mvs/vsam.h
__vserr	mvs/vsam.h
__vslrec	mvs/vsam.h
__vsmdfy	mvs/vsam.h
__vsopen	mvs/vsam.h
__vsread	mvs/vsam.h
__vsshwc	mvs/vsam.h
__vssteq	mvs/vsam.h
__vsstge	mvs/vsam.h
__vstell	mvs/vsam.h
__vsupdt	mvs/vsam.h
__vswrit	mvs/vsam.h
__walkpd	mvs/dslist.h
__wsaget	mvs/wsa.h
__xmpost	mvs/xmem.h
_file	stdio.h
abendrpt	mvs/recovery.h
abort	stdlib.h
abs	stdlib.h
acb	mvs/vsam.h
accept	sys/socket.h
acee	ibm/mvs/ihaacee.h
acos	math.h
alclist	mvs/dslist.h
and	iso646.h
and_eq	iso646.h
array	ext/array.h
array_add	ext/array.h
array_addf	ext/array.h
array_adf	ext/array.h
array_cou	ext/array.h
array_count	ext/array.h
array_del	ext/array.h
array_each	ext/array.h
array_fre	ext/array.h
array_free	ext/array.h
array_get	ext/array.h
array_new	ext/array.h
array_siz	ext/array.h
array_size	ext/array.h
arrayadd	ext/array.h
arrayaddf	ext/array.h
arraycou	ext/array.h
arraycount	ext/array.h
arraydel	ext/array.h
arrayeach	ext/array.h
arrayfree	ext/array.h
arrayget	ext/array.h
arraynew	ext/array.h
arraysize	ext/array.h
asctime	time.h
asctime64	ext/time64.h
asctime64_r	ext/time64.h
asin	math.h
assert	assert.h
asvt	ibm/mvs/ihaasvt.h
atan	math.h
atan2	math.h
atexit	stdlib.h
atof	stdlib.h
atoi	stdlib.h
atol	stdlib.h
atoll	stdlib.h
bind	sys/socket.h
bitand	iso646.h
bitor	iso646.h
bldl	mvs/pds.h
bool	stdbool.h
bsearch	stdlib.h
calloc	stdlib.h
cbuflen	ibm/mvs/ikjcppl.h
ccw	s370/ccw.h
ccw0	s370/ccw.h
ccw1	s370/ccw.h
cde	ibm/mvs/ihacde.h
ceil	math.h
checkpoint_close	mvs/jes2ckpt.h
checkpoint_open	mvs/jes2ckpt.h
checkpoint_point	mvs/jes2ckpt.h
checkpoint_read	mvs/jes2ckpt.h
cib	mvs/console.h
clearerr	stdio.h
clib_apf_setup	mvs/apf.h
clib_auth_cde	mvs/apf.h
clib_auth_name	mvs/apf.h
clib_find_cde	mvs/link.h
clib_identify_cthread	mvs/thread.h
clibcrt	mvs/crt.h
clibgrt	mvs/crt.h
clibmtt	mvs/mtt.h
clibmutx	mvs/mutex.h
clibppa	mvs/crt.h
clibsock	mvs/socket.h
clibwsa	mvs/wsa.h
clientid	mvs/socket.h
clock	time.h
clock64	ext/time64.h
clock64_t	ext/time64.h
clock_t	time.h
closesocket	mvs/socket.h
cmtt_free	mvs/mtt.h
cmtt_get_array	mvs/mtt.h
cmtt_new	mvs/mtt.h
com	mvs/console.h
compl	iso646.h
connect	sys/socket.h
conngrp	ibm/mvs/ihaacee.h
cos	math.h
cosh	math.h
cpplcbuf	ibm/mvs/ikjcppl.h
cthdmgr	mvs/thread.h
cthdpop	mvs/thread.h
cthdque	mvs/thread.h
cthdtask	mvs/thread.h
cthdwork	mvs/thread.h
cthread_create	mvs/thread.h
cthread_create_ex	mvs/thread.h
cthread_delete	mvs/thread.h
cthread_detach	mvs/thread.h
cthread_exit	mvs/thread.h
cthread_find	mvs/thread.h
cthread_get_tcb	mvs/thread.h
cthread_lock	mvs/thread.h
cthread_manager_init	mvs/thread.h
cthread_manager_term	mvs/thread.h
cthread_pop	mvs/thread.h
cthread_post	mvs/thread.h
cthread_push	mvs/thread.h
cthread_queue_add	mvs/thread.h
cthread_queue_del	mvs/thread.h
cthread_self	mvs/thread.h
cthread_timed_wait	mvs/thread.h
cthread_unlock	mvs/thread.h
cthread_wait	mvs/thread.h
cthread_worker_add	mvs/thread.h
cthread_worker_del	mvs/thread.h
cthread_worker_shutdown	mvs/thread.h
cthread_worker_wait	mvs/thread.h
cthread_yield	mvs/thread.h
ctime	time.h
ctime64	ext/time64.h
ctime64_r	ext/time64.h
cvt	ibm/mvs/cvt.h
cvtfix	ibm/mvs/cvt.h
cvtxtnt1	ibm/mvs/cvt.h
cvtxtnt2	ibm/mvs/cvt.h
dcb	ibm/mvs/dcbd.h
dcbdvtbl	ibm/mvs/dcbd.h
de12	mvs/pds.h
de14	mvs/pds.h
de76	mvs/pds.h
deb	ibm/mvs/iezdeb.h
debacsmd	ibm/mvs/iezdeb.h
debasc09	ibm/mvs/iezdeb.h
debavt	ibm/mvs/iezdeb.h
debbasic	ibm/mvs/iezdeb.h
debdasd	ibm/mvs/iezdeb.h
debdds1	ibm/mvs/iezdeb.h
debdsid	ibm/mvs/iezdeb.h
debdssql	ibm/mvs/iezdeb.h
debeamfg	ibm/mvs/iezdeb.h
debexdte	ibm/mvs/iezdeb.h
debisam	ibm/mvs/iezdeb.h
debnmsub	ibm/mvs/iezdeb.h
debprfx	ibm/mvs/iezdeb.h
debsubnm	ibm/mvs/iezdeb.h
debtcamq	ibm/mvs/iezdeb.h
debutsaa	ibm/mvs/iezdeb.h
debutsab	ibm/mvs/iezdeb.h
debvolac	ibm/mvs/iezdeb.h
debvsequ	ibm/mvs/iezdeb.h
debwtpti	ibm/mvs/iezdeb.h
debxtn	ibm/mvs/iezdeb.h
decb	ibm/mvs/ihadecb.h
devtype	mvs/dasd.h
difftime	time.h
difftime64	ext/time64.h
div	stdlib.h
dsab	ibm/mvs/ihadsab.h
dsabanmi	ibm/mvs/ihadsab.h
dsabgidl	ibm/mvs/ihadsab.h
dscb	mvs/dscb.h
dscb1	mvs/dscb.h
dscb3	mvs/dscb.h
dscb4	mvs/dscb.h
dslist	mvs/dslist.h
dvarea	ibm/mvs/ihadva.h
dvarps	ibm/mvs/ihadva.h
dvatab	ibm/mvs/ihadva.h
ecb_post	mvs/ecb.h
ecb_timed_wait	mvs/ecb.h
ecb_timed_waitarray	mvs/ecb.h
ecb_timed_waitlist	mvs/ecb.h
ecb_wait	mvs/ecb.h
ecb_waitarray	mvs/ecb.h
ecb_waitlist	mvs/ecb.h
errno	errno.h
estae	mvs/recovery.h
exit	stdlib.h
exitlist	ibm/mvs/dcbd.h
exp	math.h
extent	mvs/dscb.h
fabs	math.h
false	stdbool.h
fclose	stdio.h
fd_mask	sys/select.h
fd_set	sys/select.h
feof	stdio.h
ferror	stdio.h
fflush	stdio.h
fgetc	stdio.h
fgetpos	stdio.h
fgets	stdio.h
floor	math.h
fmod	math.h
fopen	stdio.h
fpos_t	stdio.h
fprintf	stdio.h
fputc	stdio.h
fputs	stdio.h
fread	stdio.h
free	stdlib.h
freemain	mvs/storage.h
freopen	stdio.h
frexp	math.h
fscanf	stdio.h
fseek	stdio.h
fsetpos	stdio.h
ftell	stdio.h
fwrite	stdio.h
get_dsab	mvs/dd.h
get_tiot	ibm/mvs/ieftiot1.h
getaddrbyname	mvs/socket.h
getc	stdio.h
getchar	stdio.h
getenv	mvs/env.h stdlib.h
getenvi	mvs/env.h
gethostbyaddr	netdb.h
gethostbyname	netdb.h
getmain	mvs/storage.h
getpeername	sys/socket.h
gets	stdio.h
getsockname	sys/socket.h
gmtime	time.h
gmtime64	ext/time64.h
gmtime64_r	ext/time64.h
gmtime_r	time.h
haspcmb	ibm/jes2/cmb.h
haspcp	mvs/jes2ckpt.h
haspjs	mvs/jes2spool.h
haspsvt	ibm/jes2/svt.h
hostent	netdb.h
howmany	sys/select.h
htonl	netinet/in.h
htons	netinet/in.h
idcams	mvs/idcams.h
idcams_sysprint	mvs/idcams.h
ieebasea	ibm/mvs/ieebasea.h
ieecdcm	ibm/mvs/ieecdcm.h
iefssreq	mvs/subsys.h
iezjscb	ibm/mvs/iezjscb.h
ikjcppl	ibm/mvs/ikjcppl.h
ikject	ibm/mvs/ikject.h
ikjpscb	ibm/mvs/ikjpscb.h
ikjupt	ibm/mvs/ikjupt.h
imaxabs	inttypes.h
imaxdiv	inttypes.h
in_addr	netinet/in.h
in_addr_t	netinet/in.h
inet_addr	arpa/inet.h
inet_aton	arpa/inet.h
inet_ntoa	arpa/inet.h
inet_ntop	arpa/inet.h
inet_pton	arpa/inet.h
initssob	mvs/jes2.h
int16_t	stdint.h
int32_t	stdint.h
int64_t	stdint.h
int8_t	stdint.h
int_fast16_t	stdint.h
int_fast32_t	stdint.h
int_fast64_t	stdint.h
int_fast8_t	stdint.h
int_least16_t	stdint.h
int_least32_t	stdint.h
int_least64_t	stdint.h
int_least8_t	stdint.h
intmax_t	stdint.h
intptr_t	stdint.h
iob	ibm/mvs/ieziob.h
iobcmda	ibm/mvs/ieziob.h
iobcstat	ibm/mvs/ieziob.h
iobprfx	ibm/mvs/ieziob.h
iobustat	ibm/mvs/ieziob.h
ioctlsocket	mvs/socket.h
isalnum	ctype.h
isalpha	ctype.h
isblank	ctype.h
iscntrl	ctype.h
isdigit	ctype.h
isgraph	ctype.h
islower	ctype.h
isp_select	mvs/ispf.h
ispexec	mvs/ispf.h
ispf_available	mvs/ispf.h
ispfdata	mvs/dslist.h
ispfstat	mvs/dslist.h
isplink	mvs/ispf.h
ispqry	mvs/ispf.h
isprint	ctype.h
ispunct	ctype.h
isspace	ctype.h
isupper	ctype.h
isxdigit	ctype.h
jes	mvs/jes2.h
jescanj	mvs/jes2.h
jesclose	mvs/jes2.h
jesct	ibm/mvs/iefjesct.h
jesdd	mvs/jes2.h
jesdelj	mvs/jes2.h
jesfilt	mvs/jes2.h
jesircl2	mvs/jes2.h
jesircls	mvs/jes2.h
jesiropn	mvs/jes2.h
jesirput	mvs/jes2.h
jesjob	mvs/jes2.h
jesjobf1	mvs/jes2.h
jesjobfr	mvs/jes2.h
jesopen	mvs/jes2.h
jesprint	mvs/jes2.h
jesprst	mvs/jes2.h
jesreque	mvs/jes2.h
jesxdone	mvs/jes2.h
jesxwrtr	mvs/jes2.h
jfcb	ibm/mvs/iefjfcbn.h
jfcbaxbf	ibm/mvs/iefjfcbn.h
jfcbfaln	ibm/mvs/iefjfcbn.h
jfcbflg1	ibm/mvs/iefjfcbn.h
jfcbflg2	ibm/mvs/iefjfcbn.h
jfcbflg3	ibm/mvs/iefjfcbn.h
jfcbflsq	ibm/mvs/iefjfcbn.h
jfcbfseq	ibm/mvs/iefjfcbn.h
jfcbftek	ibm/mvs/iefjfcbn.h
jfcbhiar	ibm/mvs/iefjfcbn.h
jfcbops1	ibm/mvs/iefjfcbn.h
jfcbops2	ibm/mvs/iefjfcbn.h
jfcbufmx	ibm/mvs/iefjfcbn.h
jfcbufof	ibm/mvs/iefjfcbn.h
jfcbufsi	ibm/mvs/iefjfcbn.h
jfccpri	ibm/mvs/iefjfcbn.h
jfccylof	ibm/mvs/iefjfcbn.h
jfcdbufn	ibm/mvs/iefjfcbn.h
jfcfunc	ibm/mvs/iefjfcbn.h
jfclimct	ibm/mvs/iefjfcbn.h
jfcmsvgp	ibm/mvs/iefjfcbn.h
jfcntm	ibm/mvs/iefjfcbn.h
jfcpci	ibm/mvs/iefjfcbn.h
jfcprtsp	ibm/mvs/iefjfcbn.h
jfcresrv	ibm/mvs/iefjfcbn.h
jfcrkp	ibm/mvs/iefjfcbn.h
jfcrqid	ibm/mvs/iefjfcbn.h
jfcrunit	ibm/mvs/iefjfcbn.h
jfcsowa	ibm/mvs/iefjfcbn.h
jfcthrsh	ibm/mvs/iefjfcbn.h
jfctrkbl	ibm/mvs/iefjfcbn.h
jfcucsid	ibm/mvs/iefjfcbn.h
jfcucsop	ibm/mvs/iefjfcbn.h
labs	stdlib.h
lconv	locale.h
ldexp	math.h
ldiv	stdlib.h
libc370_version	ext/version.h
linger	sys/socket.h
listen	sys/socket.h
llabs	stdlib.h
lldiv	stdlib.h
loaddata	mvs/dslist.h
loadenv	mvs/env.h
loads01	mvs/dslist.h
loads02	mvs/dslist.h
loads03	mvs/dslist.h
loads04	mvs/dslist.h
loadstat	mvs/dslist.h
localeconv	locale.h
localtime	time.h
localtime64	ext/time64.h
localtime64_r	ext/time64.h
localtime_r	time.h
lock	mvs/lock.h
lock_res	mvs/lock.h
lock_resf	mvs/lock.h
locwork	mvs/dscb.h
log	math.h
log10	math.h
longjmp	setjmp.h
lpde	ibm/mvs/ihalpde.h
malloc	stdlib.h
mblen	stdlib.h
mbstowcs	stdlib.h
mbtowc	stdlib.h
mclock64	ext/time64.h
mclock64_t	ext/time64.h
mctime64	ext/time64.h
memchr	string.h
memclr	ext/strutil.h
memcmp	string.h
memcpy	string.h
memcpyp	ext/strutil.h
memmove	string.h
memset	string.h
mgmtime64	ext/time64.h
mktime	time.h
mktime64	ext/time64.h
mlocaltime64	ext/time64.h
modf	math.h
mtentry	ibm/mvs/ieezb806.h
mtime64	ext/time64.h
mtime64_t	ext/time64.h
mttable	ibm/mvs/ieezb806.h
mtxavail	mvs/mutex.h
mtxclup	mvs/mutex.h
mtxfree	mvs/mutex.h
mtxheld	mvs/mutex.h
mtxinit	mvs/mutex.h
mtxlock	mvs/mutex.h
mtxnew	mvs/mutex.h
mtxnheld	mvs/mutex.h
mtxtry	mvs/mutex.h
mtxunlk	mvs/mutex.h
next_dsab	mvs/dd.h
not	iso646.h
not_eq	iso646.h
ntohl	netinet/in.h
ntohs	netinet/in.h
offsetof	stddef.h
or	iso646.h
or_eq	iso646.h
osbclose	mvs/osio.h
osbdcb	mvs/osio.h
osbopen	mvs/osio.h
osbread	mvs/osio.h
osbwrite	mvs/osio.h
oscheck	mvs/osio.h
osdclose	mvs/osio.h
osddcb	mvs/osio.h
osdopen	mvs/osio.h
osdread	mvs/osio.h
osdwrite	mvs/osio.h
osread	mvs/osio.h
oswrite	mvs/osio.h
osxcalc	mvs/osio.h
osxclose	mvs/osio.h
osxdcb	mvs/osio.h
osxopen	mvs/osio.h
osxread	mvs/osio.h
osxwrite	mvs/osio.h
pdslist	mvs/dslist.h
perror	stdio.h
poolstar	ibm/mvs/ieftiot1.h
pow	math.h
printf	stdio.h
ptrdiff_t	stddef.h
putc	stdio.h
putchar	stdio.h
putenv	stdlib.h
puts	stdio.h
qsort	stdlib.h
quot	inttypes.h stdlib.h
racauth	mvs/racf.h
racf_auth	mvs/racf.h
racf_get_acee	mvs/racf.h
racf_login	mvs/racf.h
racf_logout	mvs/racf.h
racf_set_acee	mvs/racf.h
racgacee	mvs/racf.h
racheck	ibm/mvs/racheck.h
racinit	ibm/mvs/racinit.h
raclass	ibm/mvs/racheck.h
raclgout	mvs/racf.h
raclogin	mvs/racf.h
racsacee	mvs/racf.h
raentity	ibm/mvs/racheck.h
raise	signal.h
rand	stdlib.h
rb99	ibm/mvs/iefzb4d0.h
rbbasic	ibm/mvs/iharb.h
rbprfx	ibm/mvs/iharb.h
rbx99	ibm/mvs/iefzb4d0.h
rclose	mvs/rfile.h
rdjfcb	mvs/dd.h
realloc	stdlib.h
reclen	mvs/smf.h
recv	sys/socket.h
remove	stdio.h
rename	stdio.h
rewind	stdio.h
rfile	mvs/rfile.h
ropen	mvs/rfile.h
rpl	mvs/vsam.h
rread	mvs/rfile.h
rwrite	mvs/rfile.h
sa_get	s370/savearea.h
sa_get_epname	s370/savearea.h
sa_next	s370/savearea.h
sa_prev	s370/savearea.h
safp	ibm/mvs/ichsafp.h
safv	ibm/mvs/ichsafv.h
savearea	s370/savearea.h
scanf	stdio.h
scvtsect	ibm/mvs/ihascvt.h
sdwa	ibm/mvs/ihasdwa.h
select	sys/select.h
selectex	mvs/socket.h
send	sys/socket.h
setbuf	stdio.h
setenv	stdlib.h
setenvi	mvs/env.h
setjmp	setjmp.h
setlocale	locale.h
setvbuf	stdio.h
shwassoc	mvs/vsam.h
shwout	mvs/vsam.h
shwoutdi	mvs/vsam.h
shwpl	mvs/vsam.h
sig_atomic_t	signal.h
sin	math.h
sinh	math.h
size_t	mvs/crt.h stddef.h stdlib.h string.h time.h wchar.h
sleep	unistd.h
smca	mvs/smf.h
smf_active	mvs/smf.h
smf_header	mvs/smf.h
smf_init	mvs/smf.h
smf_write	mvs/smf.h
snprintf	stdio.h
sockaddr	sys/socket.h
sockaddr_in	netinet/in.h
socket	sys/socket.h
socklen_t	sys/socket.h
spool_close	mvs/jes2spool.h
spool_open	mvs/jes2spool.h
spool_read	mvs/jes2spool.h
sprintf	stdio.h
sqrt	math.h
srand	stdlib.h
srb	ibm/mvs/ihasrb.h
sscanf	stdio.h
sscs	ibm/mvs/iefsscs.h
sscsaray	ibm/mvs/iefsscs.h
ssct	mvs/subsys.h
ssct_find	mvs/subsys.h
ssct_free	mvs/subsys.h
ssct_install	mvs/subsys.h
ssct_new	mvs/subsys.h
ssct_remove	mvs/subsys.h
ssct_remove_by_name	mvs/subsys.h
ssib	ibm/mvs/iefjssib.h
ssob	ibm/mvs/iefssobh.h
ssso	ibm/mvs/iefssso.h
sssowtrc	ibm/mvs/iefssso.h
ssvt	mvs/subsys.h
ssvt_free	mvs/subsys.h
ssvt_funcmap	mvs/subsys.h
ssvt_new	mvs/subsys.h
ssvt_reset	mvs/subsys.h
ssvt_set	mvs/subsys.h
stderr	stdio.h
stdin	stdio.h
stdint_int64_defined	stdint.h
stdint_intptr_bits	stdint.h
stdint_intptr_glue3	stdint.h
stdint_intptr_glue3_i	stdint.h
stdout	stdio.h
strcasecmp	strings.h
strcat	string.h
strchr	string.h
strcmp	string.h
strcoll	string.h
strcpy	string.h
strcpyp	ext/strutil.h
strcspn	string.h
strdup	string.h
strerror	string.h
strftime	time.h
strlen	string.h
strncasecmp	strings.h
strncat	string.h
strncmp	string.h
strncpy	string.h
strpbrk	string.h
strrchr	string.h
strspn	string.h
strstr	string.h
strtod	stdlib.h
strtof	stdlib.h
strtoimax	inttypes.h
strtok	string.h
strtol	stdlib.h
strtold	stdlib.h
strtoll	stdlib.h
strtoul	stdlib.h
strtoull	stdlib.h
strtoumax	inttypes.h
strxfrm	string.h
super_do	mvs/apf.h
super_key_do	mvs/apf.h
svcentry	ibm/mvs/ihascvt.h
svctable	ibm/mvs/ihascvt.h
svhecba	ibm/jes2/svt.h
syslock	mvs/lock.h
system	stdlib.h
systestlock	mvs/lock.h
systrylock	mvs/lock.h
sysunlock	mvs/lock.h
tan	math.h
tanh	math.h
tcb	ibm/mvs/ikjtcb.h
tcbfix	ibm/mvs/ikjtcb.h
tcbxtnt2	ibm/mvs/ikjtcb.h
testlock	mvs/lock.h
testlock_res	mvs/lock.h
testlock_resf	mvs/lock.h
time	time.h
time64	ext/time64.h
time64_t	ext/time64.h
time_t	time.h
timegm64	ext/time64.h
timeval	sys/select.h
tiot	ibm/mvs/ieftiot1.h
tiotdd	ibm/mvs/ieftiot1.h
tm	time.h
tmpfile	stdio.h
tmpnam	stdio.h
tmr	mvs/timer.h
tmr_ecb	mvs/timer.h
tmr_ecb_every	mvs/timer.h
tmr_ecb_keep	mvs/timer.h
tmr_func	mvs/timer.h
tmr_func_every	mvs/timer.h
tmr_func_keep	mvs/timer.h
tmr_get	mvs/timer.h
tmr_id	mvs/timer.h
tmr_init	mvs/timer.h
tmr_secs	mvs/timer.h
tmr_start	mvs/timer.h
tmr_stop	mvs/timer.h
tmr_thread	mvs/timer.h
tolower	ctype.h
toupper	ctype.h
tqe	mvs/timer.h
tqe_disable	mvs/timer.h
tqe_enable	mvs/timer.h
tqe_get	mvs/timer.h
tqe_new	mvs/timer.h
tqe_purge	mvs/timer.h
tqe_reset	mvs/timer.h
trkcalc	mvs/dasd.h
true	stdbool.h
try	mvs/recovery.h
trylock	mvs/lock.h
trylock_res	mvs/lock.h
trylock_resf	mvs/lock.h
tryrc	mvs/recovery.h
tsocbuf	ibm/mvs/ikjcppl.h
tsocmd	mvs/tso.h
tsocmdf	mvs/tso.h
tv_sec	sys/select.h
txt99	ibm/mvs/iefzb4d2.h
tzset	time.h
u64	ext/int64.h
ucbdasd	ibm/mvs/iefucbob.h
ucblist	ibm/mvs/iefucbob.h
uclock64	ext/time64.h
uclock64_t	ext/time64.h
ucm	ibm/mvs/ieecucm.h
ucm2ext	ibm/mvs/ieecucm.h
ucmefext	ibm/mvs/ieecucm.h
ucmeil	ibm/mvs/ieecucm.h
ucmexit	ibm/mvs/ieecucm.h
ucmfexta	ibm/mvs/ieecucm.h
ucmlist	ibm/mvs/ieecucm.h
ucmpexta	ibm/mvs/ieecucm.h
ucmprfx	ibm/mvs/ieecucm.h
uctime64	ext/time64.h
ugmtime64	ext/time64.h
uint16_t	stdint.h
uint32_t	stdint.h
uint64_t	stdint.h
uint8_t	stdint.h
uint_fast16_t	stdint.h
uint_fast32_t	stdint.h
uint_fast64_t	stdint.h
uint_fast8_t	stdint.h
uint_least16_t	stdint.h
uint_least32_t	stdint.h
uint_least64_t	stdint.h
uint_least8_t	stdint.h
uintmax_t	stdint.h
uintptr_t	stdint.h
ulocaltime64	ext/time64.h
ungetc	stdio.h
unlock	mvs/lock.h
unlock_res	mvs/lock.h
unlock_resf	mvs/lock.h
unsetenv	stdlib.h
usleep	unistd.h
utime64	ext/time64.h
utime64_t	ext/time64.h
va_arg	stdarg.h
va_copy	stdarg.h
va_end	stdarg.h
va_list	stdarg.h
va_start	stdarg.h
vfprintf	stdio.h
vfscanf	stdio.h
vollist	mvs/dslist.h
vprintf	stdio.h
vsaccess	mvs/vsam.h
vscanf	stdio.h
vscinv	mvs/vsam.h
vsclear	mvs/vsam.h
vsclose	mvs/vsam.h
vsdelete	mvs/vsam.h
vseof	mvs/vsam.h
vserror	mvs/vsam.h
vsfile	mvs/vsam.h
vslrecl	mvs/vsam.h
vsmode	mvs/vsam.h
vsnprintf	stdio.h
vsopen	mvs/vsam.h
vsprintf	stdio.h
vsread	mvs/vsam.h
vsscanf	stdio.h
vssteq	mvs/vsam.h
vsstge	mvs/vsam.h
vstell	mvs/vsam.h
vstype	mvs/vsam.h
vsupdate	mvs/vsam.h
vswrite	mvs/vsam.h
vwtof	mvs/wto.h
vwtorf	mvs/wto.h
wchar_t	stddef.h stdlib.h wchar.h
wcstombs	stdlib.h
wctomb	stdlib.h
wint_t	wchar.h
wto	mvs/wto.h
wto_traceback	mvs/wto.h
wtodump	mvs/wto.h
wtodumpf	mvs/wto.h
wtof	mvs/wto.h
wtor	mvs/wto.h
wtorf	mvs/wto.h
xor	iso646.h
xor_eq	iso646.h
xtlst	ibm/mvs/ihaxtlst.h
